-- phpMyAdmin SQL Dump
-- version 4.6.6deb4
-- https://www.phpmyadmin.net/
--
-- Host: localhost:3306
-- Generation Time: Nov 07, 2018 at 11:16 PM
-- Server version: 10.1.23-MariaDB-9+deb9u1
-- PHP Version: 7.0.30-0+deb9u1

SET SQL_MODE = "NO_AUTO_VALUE_ON_ZERO";
SET time_zone = "+00:00";


/*!40101 SET @OLD_CHARACTER_SET_CLIENT=@@CHARACTER_SET_CLIENT */;
/*!40101 SET @OLD_CHARACTER_SET_RESULTS=@@CHARACTER_SET_RESULTS */;
/*!40101 SET @OLD_COLLATION_CONNECTION=@@COLLATION_CONNECTION */;
/*!40101 SET NAMES utf8mb4 */;

--
-- Database: `sherlock_data`
--

-- --------------------------------------------------------

--
-- Table structure for table `airport`
--

CREATE TABLE `airport` (
  `iata` varchar(3) NOT NULL,
  `name` varchar(255) NOT NULL
) ENGINE=InnoDB DEFAULT CHARSET=utf8mb4;

--
-- Dumping data for table `airport`
--

INSERT INTO `airport` (`iata`, `name`) VALUES
('AAL', 'Aalborg'),
('AAR', 'Aarhus'),
('ABZ', 'Aberdeen'),
('ACE', 'Lanzarote'),
('AGA', 'Agadir'),
('AGP', 'Malaga'),
('AHO', 'Alghero'),
('ALC', 'Alicante'),
('AMM', 'Amman'),
('AMS', 'Amsterdam'),
('AOI', 'Ancona'),
('AQJ', 'Aqaba Jordan'),
('ASU', 'Asuncion'),
('ATH', 'Athens'),
('BCN', 'Barcelona'),
('BDS', 'Brindisi'),
('BES', 'Brest'),
('BFS', 'Belfast International'),
('BGY', 'Milan Bergamo'),
('BHX', 'Birmingham'),
('BIQ', 'Biarritz'),
('BLL', 'Billund'),
('BLQ', 'Bologna'),
('BNX', 'Banja Luka'),
('BOD', 'Bordeaux'),
('BOG', 'Bogota'),
('BOH', 'Bournemouth'),
('BOJ', 'Burgas'),
('BOS', 'Boston'),
('BRE', 'Bremen'),
('BRI', 'Bari'),
('BRQ', 'Brno'),
('BRS', 'Bristol'),
('BRU', 'Brussels'),
('BSL', 'Basel'),
('BTS', 'Bratislava'),
('BUD', 'Budapest'),
('BVA', 'Paris Beauvais'),
('BVE', 'Brive'),
('BZG', 'Bydgoszcz'),
('BZR', 'Beziers'),
('CAG', 'Cagliari'),
('CCF', 'Carcassonne'),
('CCS', 'Caracas'),
('CDT', 'Castellon (Valencia)'),
('CFE', 'Clermont'),
('CFU', 'Corfu'),
('CGN', 'Cologne'),
('CHQ', 'Chania'),
('CIA', 'Rome Ciampino'),
('CIY', 'Comiso'),
('CPH', 'Copenhagen'),
('CRA', 'Craiova'),
('CRL', 'Brussels Charleroi'),
('CRV', 'Crotone'),
('CTA', 'Catania'),
('CUF', 'Cuneo'),
('CUN', 'Cancun'),
('CWL', 'Cardiff'),
('DLE', 'Dole'),
('DLM', 'Dalaman'),
('DNR', 'Dinard'),
('DOL', 'Deauville'),
('DTM', 'Dortmund'),
('DUB', 'Dublin'),
('DUS', 'Dusseldorf Int.'),
('EBU', 'St Etienne'),
('EDI', 'Edinburgh'),
('EFL', 'Kefalonia'),
('EGC', 'Bergerac'),
('EIN', 'Eindhoven'),
('EMA', 'East Midlands'),
('EZE', 'Buenos Aires'),
('FAO', 'Faro'),
('FCO', 'Rome Fiumicino'),
('FEZ', 'Fez'),
('FKB', 'Karlsruhe / Baden-Baden'),
('FMM', 'Memmingen'),
('FMO', 'Münster'),
('FNI', 'Nimes'),
('FRA', 'Frankfurt International'),
('FSC', 'Figari'),
('FUE', 'Fuerteventura'),
('GDN', 'Gdansk'),
('GLA', 'Glasgow'),
('GNB', 'Grenoble'),
('GOA', 'Genoa'),
('GOT', 'Göteborg Landvetter'),
('GRO', 'Barcelona Girona'),
('GRU', 'Sao Paulo Guarulhos'),
('GRZ', 'Graz'),
('GSE', 'Göteborg-City'),
('GYE', 'Guayaquil'),
('HAJ', 'Hannover'),
('HAM', 'Hamburg'),
('HAU', 'Haugesund'),
('HAV', 'Havana'),
('HER', 'Heraklion Crete'),
('HHN', 'Frankfurt Hahn'),
('IBZ', 'Ibiza'),
('INI', 'Nis'),
('INN', 'Innsbruck'),
('JFK', 'New York (JFK)'),
('JMK', 'Mykonos'),
('JTR', 'Santorini'),
('KBP', 'Kiev-Boryspil'),
('KGS', 'Kos'),
('KIR', 'Kerry'),
('KLX', 'Kalamata'),
('KRK', 'Krakow'),
('KTW', 'Katowice'),
('KUN', 'Kaunas'),
('LBA', 'Leeds Bradford'),
('LCA', 'Larnaca'),
('LCG', 'A Coruna'),
('LCJ', 'Lodz'),
('LDE', 'Lourdes'),
('LDY', 'Derry'),
('LEI', 'Almeria'),
('LEJ', 'Leipzig'),
('LGW', 'London Gatwick'),
('LIG', 'Limoges'),
('LIL', 'Lille'),
('LIM', 'Lima'),
('LIS', 'Lisbon'),
('LNZ', 'Linz'),
('LPA', 'Gran Canaria'),
('LPL', 'Liverpool'),
('LPP', 'Lappeenranta'),
('LRH', 'La Rochelle'),
('LRT', 'Lorient'),
('LTN', 'London Luton'),
('LUX', 'Luxembourg'),
('LUZ', 'Lublin'),
('LWO', 'Lviv'),
('LYS', 'Lyon'),
('MAD', 'Madrid'),
('MAH', 'Menorca'),
('MAN', 'Manchester'),
('MIA', 'Miami'),
('MJV', 'Murcia'),
('MLA', 'Malta'),
('MMX', 'Malmo'),
('MPL', 'Montpellier'),
('MRS', 'Marseille'),
('MST', 'Maastricht'),
('MUC', 'Munich'),
('MVD', 'Montevideo'),
('MXP', 'Milan Malpensa'),
('NAP', 'Naples'),
('NCE', 'Nice'),
('NCL', 'Newcastle'),
('NDR', 'Nador'),
('NOC', 'Knock'),
('NQY', 'Newquay Cornwall'),
('NRN', 'Dusseldorf Weeze'),
('NTE', 'Nantes'),
('NUE', 'Nuremberg'),
('NYO', 'Stockholm Skavsta'),
('OLB', 'Olbia'),
('OMR', 'Oradea'),
('OPO', 'Porto'),
('ORK', 'Cork'),
('ORY', 'Paris Orly'),
('OSL', 'Oslo'),
('OSR', 'Ostrava'),
('OTP', 'Bucharest'),
('OUD', 'Oujda'),
('PAD', 'Paderborn'),
('PDL', 'Ponta Delgada'),
('PDV', 'Plovdiv'),
('PED', 'Pardubice'),
('PEG', 'Perugia'),
('PFO', 'Paphos'),
('PGF', 'Perpignan'),
('PIK', 'Glasgow Prestwick'),
('PIS', 'Poitiers'),
('PLQ', 'Palanga'),
('PMF', 'Parma'),
('PMI', 'Mallorca'),
('PMO', 'Palermo'),
('POZ', 'Poznan'),
('PRG', 'Prague'),
('PSA', 'Pisa'),
('PSR', 'Pescara'),
('PUJ', 'Punta Cana'),
('PUY', 'Pula'),
('RAK', 'Marrakesh'),
('RBA', 'Rabat'),
('RDZ', 'Rodez'),
('REC', 'Recife International'),
('REU', 'Barcelona Reus'),
('RHO', 'Rhodes'),
('RIX', 'Riga'),
('RJK', 'Rijeka'),
('RMI', 'Rimini'),
('RYG', 'Moss-Rygge'),
('RZE', 'Rzeszow'),
('SAP', 'San Pedro Sula'),
('SCQ', 'Santiago'),
('SDQ', 'Santo Domingo'),
('SDR', 'Santander'),
('SJU', 'San Juan'),
('SKG', 'Thessaloniki'),
('SNN', 'Shannon'),
('SOF', 'Sofia'),
('SSA', 'Salvador'),
('STN', 'London Stansted'),
('STR', 'Stuttgart'),
('SUF', 'Lamezia'),
('SVQ', 'Seville'),
('SXB', 'Strasbourg'),
('SXF', 'Berlin Schönefeld'),
('SZG', 'Salzburg'),
('SZY', 'Olsztyn - Mazury'),
('SZZ', 'Szczecin'),
('TER', 'Terceira Lajes'),
('TFN', 'Tenerife North'),
('TFS', 'Tenerife South'),
('TGD', 'Podgorica'),
('TLL', 'Tallinn'),
('TLS', 'Toulouse'),
('TLV', 'Tel Aviv'),
('TMP', 'Tampere'),
('TNG', 'Tangier'),
('TPS', 'Trapani'),
('TRF', 'Oslo Torp'),
('TRN', 'Turin'),
('TRS', 'Trieste'),
('TSF', 'Venice Treviso'),
('TSR', 'Timisoara'),
('TUF', 'Tours Loire Valley'),
('TXL', 'Berlin Tegel'),
('VAR', 'Varna'),
('VCE', 'Venice M.Polo'),
('VDA', 'Eilat'),
('VGO', 'Vigo'),
('VIE', 'Vienna'),
('VIT', 'Vitoria (Basque Country)'),
('VLC', 'Valencia'),
('VLL', 'Valladolid'),
('VNO', 'Vilnius'),
('VRN', 'Verona'),
('VST', 'Stockholm Västerås'),
('VVI', 'Santa Cruz'),
('VXO', 'Växjö Småland'),
('WAW', 'Warsaw Chopin'),
('WMI', 'Warsaw Modlin'),
('WRO', 'Wroclaw'),
('XCR', 'Paris Vatry'),
('XRY', 'Jerez'),
('ZAD', 'Zadar'),
('ZAZ', 'Zaragoza'),
('ZRH', 'Zurich');

-- --------------------------------------------------------

--
-- Table structure for table `fcm_info`
--

CREATE TABLE `fcm_info` (
  `id` varchar(183) NOT NULL,
  `fcm_token` varchar(183) NOT NULL
) ENGINE=InnoDB DEFAULT CHARSET=utf8mb4;

--
-- Dumping data for table `fcm_info`
--

INSERT INTO `fcm_info` (`id`, `fcm_token`) VALUES
('2599b9406de20e04', 'ds73Cgb7FT0:APA91bFI2E-pIxZrNwJcwnuc1-d7oZVMHsasHNfA2-wx149hEGcJdRJFEgO4K4N0Ohzq2L3HPoDQh6dAUWmel0cVRXaaZc2jVsVdE2MUmRXYp-veleUO5TbxyLigAed_SFEJfjPnn_-mA0ttxGfOCxlifIznSUnGzA'),
('6fc5e930ff8a0392', 'fewlP-3wz7U:APA91bG3tGYMtlYazh0GWAQgeE99qq9TvjtOZmvxXA9urWLIeyT9QEj1jENbcOjrt3CJPzDUktg2WuuZKRFJPlaTlCqD7K-ADzMZtbV4MuURch05iKAFXJN-ZHdQKcLfNS-16rzoMicD');

-- --------------------------------------------------------

--
-- Table structure for table `request`
--

CREATE TABLE `request` (
  `id` int(11) NOT NULL,
  `iata_departure` varchar(3) NOT NULL,
  `iata_arrival` varchar(3) NOT NULL
) ENGINE=InnoDB DEFAULT CHARSET=utf8mb4;

--
-- Dumping data for table `request`
--

INSERT INTO `request` (`id`, `iata_departure`, `iata_arrival`) VALUES
(5, 'BGY', 'STN'),
(6, 'BGY', 'BCN'),
(7, 'BGY', 'DUB'),
(8, 'STN', 'BGY'),
(9, 'BCN', 'STN'),
(11, 'BGY', 'IBZ'),
(12, 'BGY', 'BOD'),
(13, 'BGY', 'LUX'),
(14, 'BGY', 'NUE'),
(15, 'BGY', 'BVA'),
(39, 'BVA', 'BCN'),
(40, 'BCN', 'DUB'),
(41, 'BGY', 'ATH');

-- --------------------------------------------------------

--
-- Table structure for table `request_user`
--

CREATE TABLE `request_user` (
  `id_request` int(11) NOT NULL,
  `id_user` int(11) NOT NULL
) ENGINE=InnoDB DEFAULT CHARSET=utf8mb4;

--
-- Dumping data for table `request_user`
--

INSERT INTO `request_user` (`id_request`, `id_user`) VALUES
(5, 1),
(5, 5),
(5, 30),
(5, 38),
(5, 39),
(6, 5),
(6, 30),
(6, 37),
(6, 39),
(7, 5),
(7, 30),
(7, 37),
(8, 5),
(8, 37),
(8, 39),
(9, 5),
(9, 31),
(9, 36),
(11, 5),
(11, 30),
(11, 31),
(11, 35),
(12, 5),
(12, 29),
(12, 32),
(12, 35),
(13, 5),
(14, 5),
(14, 24),
(14, 33),
(15, 5),
(15, 34),
(39, 29),
(39, 33);

-- --------------------------------------------------------

--
-- Table structure for table `route`
--

CREATE TABLE `route` (
  `iata_dep` varchar(3) NOT NULL,
  `iata_arr` varchar(3) NOT NULL
) ENGINE=InnoDB DEFAULT CHARSET=utf8mb4;

--
-- Dumping data for table `route`
--

INSERT INTO `route` (`iata_dep`, `iata_arr`) VALUES
('AAL', 'STN'),
('AAR', 'EIN'),
('AAR', 'GDN'),
('AAR', 'STN'),
('ABZ', 'AGP'),
('ABZ', 'ALC'),
('ABZ', 'FAO'),
('ABZ', 'MLA'),
('ACE', 'BCN'),
('ACE', 'BFS'),
('ACE', 'BGY'),
('ACE', 'BHX'),
('ACE', 'BLQ'),
('ACE', 'BRS'),
('ACE', 'CRL'),
('ACE', 'DUB'),
('ACE', 'DUS'),
('ACE', 'EDI'),
('ACE', 'EIN'),
('ACE', 'EMA'),
('ACE', 'FCO'),
('ACE', 'FRA'),
('ACE', 'GLA'),
('ACE', 'HHN'),
('ACE', 'LBA'),
('ACE', 'LPL'),
('ACE', 'LTN'),
('ACE', 'MAD'),
('ACE', 'MAN'),
('ACE', 'NCL'),
('ACE', 'NOC'),
('ACE', 'NRN'),
('ACE', 'ORK'),
('ACE', 'PIK'),
('ACE', 'SCQ'),
('ACE', 'SDR'),
('ACE', 'SNN'),
('ACE', 'STN'),
('ACE', 'SVQ'),
('ACE', 'SXF'),
('ACE', 'TXL'),
('ACE', 'VLC'),
('ACE', 'VLL'),
('ACE', 'ZAZ'),
('ACE', 'ZRH'),
('AGA', 'CRL'),
('AGA', 'EIN'),
('AGA', 'FRA'),
('AGA', 'MAN'),
('AGA', 'NRN'),
('AGA', 'STN'),
('AGP', 'ABZ'),
('AGP', 'AMS'),
('AGP', 'BCN'),
('AGP', 'BFS'),
('AGP', 'BGY'),
('AGP', 'BHX'),
('AGP', 'BLL'),
('AGP', 'BLQ'),
('AGP', 'BOH'),
('AGP', 'BRE'),
('AGP', 'BRS'),
('AGP', 'BRU'),
('AGP', 'BTS'),
('AGP', 'BUD'),
('AGP', 'CGN'),
('AGP', 'CPH'),
('AGP', 'CRL'),
('AGP', 'DTM'),
('AGP', 'DUB'),
('AGP', 'DUS'),
('AGP', 'EDI'),
('AGP', 'EIN'),
('AGP', 'EMA'),
('AGP', 'FCO'),
('AGP', 'FKB'),
('AGP', 'FMM'),
('AGP', 'FRA'),
('AGP', 'GLA'),
('AGP', 'GOT'),
('AGP', 'GSE'),
('AGP', 'HAM'),
('AGP', 'HAU'),
('AGP', 'HHN'),
('AGP', 'IBZ'),
('AGP', 'KRK'),
('AGP', 'LBA'),
('AGP', 'LPL'),
('AGP', 'MAN'),
('AGP', 'MRS'),
('AGP', 'NCL'),
('AGP', 'NOC'),
('AGP', 'NRN'),
('AGP', 'NUE'),
('AGP', 'NYO'),
('AGP', 'ORK'),
('AGP', 'PIK'),
('AGP', 'PMI'),
('AGP', 'PRG'),
('AGP', 'RYG'),
('AGP', 'SCQ'),
('AGP', 'SDR'),
('AGP', 'SNN'),
('AGP', 'STN'),
('AGP', 'SXF'),
('AGP', 'TRF'),
('AGP', 'TSF'),
('AGP', 'TXL'),
('AGP', 'VIE'),
('AGP', 'VST'),
('AGP', 'WMI'),
('AGP', 'WRO'),
('AHO', 'BGY'),
('AHO', 'BLQ'),
('AHO', 'BTS'),
('AHO', 'CRL'),
('AHO', 'DTM'),
('AHO', 'EIN'),
('AHO', 'FMM'),
('AHO', 'GSE'),
('AHO', 'HHN'),
('AHO', 'PSA'),
('AHO', 'STN'),
('ALC', 'ABZ'),
('ALC', 'BFS'),
('ALC', 'BGY'),
('ALC', 'BHX'),
('ALC', 'BLL'),
('ALC', 'BLQ'),
('ALC', 'BOH'),
('ALC', 'BRE'),
('ALC', 'BRS'),
('ALC', 'BRU'),
('ALC', 'BVA'),
('ALC', 'CGN'),
('ALC', 'CPH'),
('ALC', 'CRL'),
('ALC', 'DUB'),
('ALC', 'DUS'),
('ALC', 'EDI'),
('ALC', 'EIN'),
('ALC', 'EMA'),
('ALC', 'FCO'),
('ALC', 'FKB'),
('ALC', 'FMM'),
('ALC', 'FRA'),
('ALC', 'GDN'),
('ALC', 'GLA'),
('ALC', 'GOT'),
('ALC', 'GSE'),
('ALC', 'HAM'),
('ALC', 'HAU'),
('ALC', 'HHN'),
('ALC', 'KIR'),
('ALC', 'KRK'),
('ALC', 'KUN'),
('ALC', 'LBA'),
('ALC', 'LGW'),
('ALC', 'LPL'),
('ALC', 'MAN'),
('ALC', 'MST'),
('ALC', 'MXP'),
('ALC', 'NCL'),
('ALC', 'NOC'),
('ALC', 'NQY'),
('ALC', 'NRN'),
('ALC', 'NUE'),
('ALC', 'NYO'),
('ALC', 'ORK'),
('ALC', 'PED'),
('ALC', 'PIK'),
('ALC', 'POZ'),
('ALC', 'RYG'),
('ALC', 'SCQ'),
('ALC', 'SNN'),
('ALC', 'STN'),
('ALC', 'SVQ'),
('ALC', 'SXF'),
('ALC', 'TRF'),
('ALC', 'VST'),
('ALC', 'VXO'),
('ALC', 'WMI'),
('ALC', 'WRO'),
('AMM', 'BGY'),
('AMM', 'BLQ'),
('AMM', 'BRU'),
('AMM', 'BUD'),
('AMM', 'KRK'),
('AMM', 'OTP'),
('AMM', 'PFO'),
('AMM', 'PRG'),
('AMM', 'VNO'),
('AMM', 'WMI'),
('AMS', 'AGP'),
('AMS', 'DUB'),
('AOI', 'CRL'),
('AOI', 'NRN'),
('AOI', 'STN'),
('AOI', 'TPS'),
('ASU', 'MAD'),
('ATH', 'AQJ'),
('ATH', 'BGY'),
('ATH', 'BLL'),
('ATH', 'BLQ'),
('ATH', 'BTS'),
('ATH', 'BUD'),
('ATH', 'CHQ'),
('ATH', 'CIA'),
('ATH', 'CRL'),
('ATH', 'CTA'),
('ATH', 'DUB'),
('ATH', 'EIN'),
('ATH', 'FKB'),
('ATH', 'FMM'),
('ATH', 'FRA'),
('ATH', 'GDN'),
('ATH', 'JMK'),
('ATH', 'JTR'),
('ATH', 'KRK'),
('ATH', 'KTW'),
('ATH', 'LCJ'),
('ATH', 'LPP'),
('ATH', 'MLA'),
('ATH', 'OTP'),
('ATH', 'PMO'),
('ATH', 'POZ'),
('ATH', 'RAK'),
('ATH', 'RHO'),
('ATH', 'RZE'),
('ATH', 'SKG'),
('ATH', 'SOF'),
('ATH', 'STN'),
('ATH', 'SXF'),
('ATH', 'VNO'),
('ATH', 'WMI'),
('ATH', 'WRO'),
('BCN', 'ACE'),
('BCN', 'AGP'),
('BCN', 'BGY'),
('BCN', 'BHX'),
('BCN', 'BLQ'),
('BCN', 'BRU'),
('BCN', 'BUD'),
('BCN', 'BVA'),
('BCN', 'CGN'),
('BCN', 'CRL'),
('BCN', 'DUB'),
('BCN', 'EDI'),
('BCN', 'EMA'),
('BCN', 'FCO'),
('BCN', 'FEZ'),
('BCN', 'FRA'),
('BCN', 'FUE'),
('BCN', 'HAM'),
('BCN', 'IBZ'),
('BCN', 'KBP'),
('BCN', 'KRK'),
('BCN', 'LPA'),
('BCN', 'LPL'),
('BCN', 'LUX'),
('BCN', 'MAH'),
('BCN', 'MAN'),
('BCN', 'MLA'),
('BCN', 'NAP'),
('BCN', 'NDR'),
('BCN', 'NYO'),
('BCN', 'OPO'),
('BCN', 'PIK'),
('BCN', 'PMI'),
('BCN', 'PRG'),
('BCN', 'RAK'),
('BCN', 'SCQ'),
('BCN', 'SDR'),
('BCN', 'SOF'),
('BCN', 'STN'),
('BCN', 'SVQ'),
('BCN', 'SXF'),
('BCN', 'TFN'),
('BCN', 'TFS'),
('BCN', 'TRN'),
('BCN', 'TSF'),
('BCN', 'VCE'),
('BCN', 'VGO'),
('BCN', 'VLL'),
('BCN', 'VNO'),
('BCN', 'WMI'),
('BCN', 'XRY'),
('BDS', 'BGY'),
('BDS', 'BLQ'),
('BDS', 'BVA'),
('BDS', 'CAG'),
('BDS', 'CRL'),
('BDS', 'EIN'),
('BDS', 'FCO'),
('BDS', 'FKB'),
('BDS', 'FMM'),
('BDS', 'FRA'),
('BDS', 'MAD'),
('BDS', 'MAN'),
('BDS', 'MLA'),
('BDS', 'NUE'),
('BDS', 'NYO'),
('BDS', 'PSA'),
('BDS', 'STN'),
('BDS', 'SVQ'),
('BDS', 'TRN'),
('BDS', 'TSF'),
('BDS', 'TXL'),
('BDS', 'VIE'),
('BDS', 'VLC'),
('BDS', 'VRN'),
('BES', 'MRS'),
('BFS', 'ACE'),
('BFS', 'AGP'),
('BFS', 'ALC'),
('BFS', 'BGY'),
('BFS', 'FAO'),
('BFS', 'GDN'),
('BFS', 'GRO'),
('BFS', 'KRK'),
('BFS', 'LGW'),
('BFS', 'MAN'),
('BFS', 'MLA'),
('BFS', 'STN'),
('BFS', 'SXF'),
('BFS', 'TFS'),
('BFS', 'WMI'),
('BFS', 'WRO'),
('BGY', 'ACE'),
('BGY', 'AGP'),
('BGY', 'AHO'),
('BGY', 'ALC'),
('BGY', 'AMM'),
('BGY', 'ATH'),
('BGY', 'BCN'),
('BGY', 'BDS'),
('BGY', 'BFS'),
('BGY', 'BLL'),
('BGY', 'BOD'),
('BGY', 'BOJ'),
('BGY', 'BRE'),
('BGY', 'BRI'),
('BGY', 'BRS'),
('BGY', 'BTS'),
('BGY', 'BUD'),
('BGY', 'BVA'),
('BGY', 'CAG'),
('BGY', 'CFU'),
('BGY', 'CGN'),
('BGY', 'CHQ'),
('BGY', 'CIY'),
('BGY', 'CPH'),
('BGY', 'CRL'),
('BGY', 'CRV'),
('BGY', 'CTA'),
('BGY', 'DUB'),
('BGY', 'EDI'),
('BGY', 'EFL'),
('BGY', 'EIN'),
('BGY', 'EMA'),
('BGY', 'FAO'),
('BGY', 'FEZ'),
('BGY', 'FRA'),
('BGY', 'FUE'),
('BGY', 'GDN'),
('BGY', 'GOT'),
('BGY', 'GSE'),
('BGY', 'HAM'),
('BGY', 'IBZ'),
('BGY', 'INI'),
('BGY', 'KRK'),
('BGY', 'LDE'),
('BGY', 'LIS'),
('BGY', 'LPA'),
('BGY', 'LPP'),
('BGY', 'LUX'),
('BGY', 'MAD'),
('BGY', 'MAN'),
('BGY', 'MLA'),
('BGY', 'NAP'),
('BGY', 'NOC'),
('BGY', 'NRN'),
('BGY', 'NUE'),
('BGY', 'NYO'),
('BGY', 'OMR'),
('BGY', 'OPO'),
('BGY', 'ORK'),
('BGY', 'OSR'),
('BGY', 'OTP'),
('BGY', 'PDV'),
('BGY', 'PFO'),
('BGY', 'PMI'),
('BGY', 'PMO'),
('BGY', 'POZ'),
('BGY', 'PRG'),
('BGY', 'PSR'),
('BGY', 'RAK'),
('BGY', 'RHO'),
('BGY', 'RIX'),
('BGY', 'RYG'),
('BGY', 'SCQ'),
('BGY', 'SDR'),
('BGY', 'SKG'),
('BGY', 'STN'),
('BGY', 'SUF'),
('BGY', 'SVQ'),
('BGY', 'SXF'),
('BGY', 'TFS'),
('BGY', 'TLL'),
('BGY', 'TLV'),
('BGY', 'TNG'),
('BGY', 'TPS'),
('BGY', 'TRF'),
('BGY', 'TSR'),
('BGY', 'VDA'),
('BGY', 'VGO'),
('BGY', 'VIT'),
('BGY', 'VLC'),
('BGY', 'VNO'),
('BGY', 'WMI'),
('BGY', 'WRO'),
('BGY', 'ZAZ'),
('BHX', 'ACE'),
('BHX', 'AGP'),
('BHX', 'ALC'),
('BHX', 'BCN'),
('BHX', 'BTS'),
('BHX', 'BZG'),
('BHX', 'CFU'),
('BHX', 'CHQ'),
('BHX', 'DUB'),
('BHX', 'FAO'),
('BHX', 'FUE'),
('BHX', 'GDN'),
('BHX', 'GRO'),
('BHX', 'IBZ'),
('BHX', 'KRK'),
('BHX', 'KTW'),
('BHX', 'LPA'),
('BHX', 'MAD'),
('BHX', 'MJV'),
('BHX', 'MLA'),
('BHX', 'OPO'),
('BHX', 'PGF'),
('BHX', 'PMI'),
('BHX', 'REU'),
('BHX', 'SOF'),
('BHX', 'TFS'),
('BHX', 'VNO'),
('BHX', 'VRN'),
('BHX', 'WMI'),
('BIQ', 'CRL'),
('BIQ', 'DUB'),
('BIQ', 'NYO'),
('BIQ', 'STN'),
('BLL', 'AGP'),
('BLL', 'ALC'),
('BLL', 'ATH'),
('BLL', 'BGY'),
('BLL', 'BUD'),
('BLL', 'CHQ'),
('BLL', 'CIA'),
('BLL', 'GRO'),
('BLL', 'MLA'),
('BLL', 'PMI'),
('BLL', 'POZ'),
('BLL', 'PSA'),
('BLL', 'STN'),
('BLL', 'SXF'),
('BLQ', 'ACE'),
('BLQ', 'AGP'),
('BLQ', 'AHO'),
('BLQ', 'ALC'),
('BLQ', 'AMM'),
('BLQ', 'ATH'),
('BLQ', 'BCN'),
('BLQ', 'BDS'),
('BLQ', 'BOD'),
('BLQ', 'BRI'),
('BLQ', 'BRS'),
('BLQ', 'BTS'),
('BLQ', 'BVA'),
('BLQ', 'CAG'),
('BLQ', 'CGN'),
('BLQ', 'CHQ'),
('BLQ', 'CPH'),
('BLQ', 'CRL'),
('BLQ', 'CTA'),
('BLQ', 'DUB'),
('BLQ', 'EDI'),
('BLQ', 'EIN'),
('BLQ', 'IBZ'),
('BLQ', 'JMK'),
('BLQ', 'KRK'),
('BLQ', 'KUN'),
('BLQ', 'LIS'),
('BLQ', 'LPA'),
('BLQ', 'MAD'),
('BLQ', 'MAN'),
('BLQ', 'MLA'),
('BLQ', 'NAP'),
('BLQ', 'NRN'),
('BLQ', 'OPO'),
('BLQ', 'OTP'),
('BLQ', 'PMI'),
('BLQ', 'PMO'),
('BLQ', 'PRG'),
('BLQ', 'RHO'),
('BLQ', 'SKG'),
('BLQ', 'STN'),
('BLQ', 'SUF'),
('BLQ', 'SVQ'),
('BLQ', 'SXF'),
('BLQ', 'TFS'),
('BLQ', 'TPS'),
('BLQ', 'VGO'),
('BLQ', 'VLC'),
('BLQ', 'WMI'),
('BLQ', 'WRO'),
('BOD', 'BGY'),
('BOD', 'BLQ'),
('BOD', 'CIA'),
('BOD', 'CRL'),
('BOD', 'EDI'),
('BOD', 'OPO'),
('BOD', 'ORK'),
('BOD', 'STN'),
('BOD', 'SVQ'),
('BOD', 'VLC'),
('BOG', 'MAD'),
('BOH', 'AGP'),
('BOH', 'ALC'),
('BOH', 'FAO'),
('BOH', 'GRO'),
('BOH', 'KRK'),
('BOH', 'LPA'),
('BOH', 'MJV'),
('BOH', 'MLA'),
('BOH', 'PFO'),
('BOH', 'PMI'),
('BOH', 'TFS'),
('BOJ', 'BGY'),
('BOJ', 'BTS'),
('BOJ', 'FMM'),
('BOJ', 'HHN'),
('BOJ', 'KRK'),
('BOJ', 'KUN'),
('BOJ', 'NRN'),
('BOJ', 'RIX'),
('BOJ', 'RZE'),
('BOJ', 'TLV'),
('BOJ', 'WMI'),
('BOS', 'MAD'),
('BRE', 'AGP'),
('BRE', 'ALC'),
('BRE', 'BGY'),
('BRE', 'CHQ'),
('BRE', 'DUB'),
('BRE', 'EDI'),
('BRE', 'FAO'),
('BRE', 'FEZ'),
('BRE', 'FUE'),
('BRE', 'GRO'),
('BRE', 'LIS'),
('BRE', 'NAP'),
('BRE', 'NYO'),
('BRE', 'OPO'),
('BRE', 'PMI'),
('BRE', 'RIX'),
('BRE', 'SKG'),
('BRE', 'STN'),
('BRE', 'TFS'),
('BRE', 'TLL'),
('BRE', 'TLV'),
('BRE', 'TMP'),
('BRE', 'TSF'),
('BRE', 'VDA'),
('BRE', 'VNO'),
('BRE', 'ZAD'),
('BRI', 'BGY'),
('BRI', 'BLQ'),
('BRI', 'BVA'),
('BRI', 'CAG'),
('BRI', 'CRL'),
('BRI', 'DUB'),
('BRI', 'FCO'),
('BRI', 'FKB'),
('BRI', 'GOA'),
('BRI', 'HHN'),
('BRI', 'LPL'),
('BRI', 'MAD'),
('BRI', 'MLA'),
('BRI', 'MST'),
('BRI', 'NRN'),
('BRI', 'NUE'),
('BRI', 'PSA'),
('BRI', 'STN'),
('BRI', 'SVQ'),
('BRI', 'SXF'),
('BRI', 'TRN'),
('BRI', 'TRS'),
('BRI', 'TSF'),
('BRI', 'TXL'),
('BRI', 'VLC'),
('BRQ', 'STN'),
('BRS', 'ACE'),
('BRS', 'AGP'),
('BRS', 'ALC'),
('BRS', 'BGY'),
('BRS', 'BLQ'),
('BRS', 'BUD'),
('BRS', 'BZR'),
('BRS', 'CDT'),
('BRS', 'CGN'),
('BRS', 'CHQ'),
('BRS', 'DUB'),
('BRS', 'EGC'),
('BRS', 'FAO'),
('BRS', 'GDN'),
('BRS', 'GRO'),
('BRS', 'IBZ'),
('BRS', 'KRK'),
('BRS', 'KUN'),
('BRS', 'LIG'),
('BRS', 'LPA'),
('BRS', 'MAD'),
('BRS', 'MLA'),
('BRS', 'NOC'),
('BRS', 'OTP'),
('BRS', 'PMI'),
('BRS', 'POZ'),
('BRS', 'REU'),
('BRS', 'RZE'),
('BRS', 'SNN'),
('BRS', 'SVQ'),
('BRS', 'TFS'),
('BRS', 'VCE'),
('BRS', 'VLC'),
('BRS', 'WMI'),
('BRS', 'WRO'),
('BRS', 'ZAD'),
('BRU', 'AGP'),
('BRU', 'ALC'),
('BRU', 'AMM'),
('BRU', 'BCN'),
('BRU', 'DUB'),
('BRU', 'FCO'),
('BRU', 'HAM'),
('BRU', 'IBZ'),
('BRU', 'LCA'),
('BRU', 'LIS'),
('BRU', 'MAD'),
('BRU', 'MLA'),
('BRU', 'MXP'),
('BRU', 'OPO'),
('BRU', 'PMI'),
('BRU', 'RAK'),
('BRU', 'SXF'),
('BRU', 'TSF'),
('BRU', 'VLC'),
('BSL', 'DUB'),
('BSL', 'PMI'),
('BSL', 'STN'),
('BTS', 'AGP'),
('BTS', 'AHO'),
('BTS', 'ATH'),
('BTS', 'BGY'),
('BTS', 'BHX'),
('BTS', 'BLQ'),
('BTS', 'BOJ'),
('BTS', 'BVA'),
('BTS', 'CFU'),
('BTS', 'CIA'),
('BTS', 'CRL'),
('BTS', 'DLM'),
('BTS', 'DUB'),
('BTS', 'EDI'),
('BTS', 'EIN'),
('BTS', 'GRO'),
('BTS', 'INI'),
('BTS', 'KBP'),
('BTS', 'LBA'),
('BTS', 'MAD'),
('BTS', 'MAN'),
('BTS', 'MLA'),
('BTS', 'PFO'),
('BTS', 'PMI'),
('BTS', 'SKG'),
('BTS', 'STN'),
('BTS', 'SXF'),
('BTS', 'VDA'),
('BUD', 'AGP'),
('BUD', 'AMM'),
('BUD', 'ATH'),
('BUD', 'BCN'),
('BUD', 'BGY'),
('BUD', 'BLL'),
('BUD', 'BRS'),
('BUD', 'BVA'),
('BUD', 'CFU'),
('BUD', 'CIA'),
('BUD', 'CPH'),
('BUD', 'CRL'),
('BUD', 'DUB'),
('BUD', 'EDI'),
('BUD', 'EMA'),
('BUD', 'LPA'),
('BUD', 'MAD'),
('BUD', 'MAN'),
('BUD', 'MLA'),
('BUD', 'MRS'),
('BUD', 'NAP'),
('BUD', 'NUE'),
('BUD', 'PFO'),
('BUD', 'PMO'),
('BUD', 'PRG'),
('BUD', 'PSA'),
('BUD', 'RAK'),
('BUD', 'SDR'),
('BUD', 'SKG'),
('BUD', 'STN'),
('BUD', 'SXF'),
('BUD', 'TLV'),
('BUD', 'TMP'),
('BUD', 'TSF'),
('BUD', 'VDA'),
('BUD', 'VLC'),
('BVA', 'ALC'),
('BVA', 'BCN'),
('BVA', 'BDS'),
('BVA', 'BGY'),
('BVA', 'BLQ'),
('BVA', 'BRI'),
('BVA', 'BTS'),
('BVA', 'BUD'),
('BVA', 'BZR'),
('BVA', 'CAG'),
('BVA', 'CIA'),
('BVA', 'DUB'),
('BVA', 'FAO'),
('BVA', 'FEZ'),
('BVA', 'FSC'),
('BVA', 'GRO'),
('BVA', 'GSE'),
('BVA', 'KRK'),
('BVA', 'LIS'),
('BVA', 'MAD'),
('BVA', 'MAN'),
('BVA', 'MLA'),
('BVA', 'NDR'),
('BVA', 'NYO'),
('BVA', 'OPO'),
('BVA', 'OUD'),
('BVA', 'PMI'),
('BVA', 'PMO'),
('BVA', 'PRG'),
('BVA', 'PSA'),
('BVA', 'RAK'),
('BVA', 'RBA'),
('BVA', 'SKG'),
('BVA', 'SVQ'),
('BVA', 'TFS'),
('BVA', 'TNG'),
('BVA', 'TSF'),
('BVA', 'VLC'),
('BVA', 'VNO'),
('BVA', 'WMI'),
('BVA', 'WRO'),
('BVA', 'ZAD'),
('BVA', 'ZAZ'),
('BVE', 'STN'),
('BZG', 'BHX'),
('BZG', 'DUB'),
('BZG', 'GLA'),
('BZG', 'LTN'),
('BZG', 'NRN'),
('BZG', 'STN'),
('BZR', 'BRS'),
('BZR', 'BVA'),
('BZR', 'EDI'),
('BZR', 'LTN'),
('BZR', 'MAN'),
('BZR', 'NRN'),
('BZR', 'NYO'),
('BZR', 'RYG'),
('BZR', 'STN'),
('CAG', 'BDS'),
('CAG', 'BGY'),
('CAG', 'BLQ'),
('CAG', 'BRI'),
('CAG', 'BVA'),
('CAG', 'CIA'),
('CAG', 'CRL'),
('CAG', 'CTA'),
('CAG', 'CUF'),
('CAG', 'FKB'),
('CAG', 'GRO'),
('CAG', 'HHN'),
('CAG', 'KRK'),
('CAG', 'MAD'),
('CAG', 'MAN'),
('CAG', 'NRN'),
('CAG', 'OPO'),
('CAG', 'PMF'),
('CAG', 'PSA'),
('CAG', 'STN'),
('CAG', 'SVQ'),
('CAG', 'TPS'),
('CAG', 'TSF'),
('CAG', 'VLC'),
('CAG', 'VRN'),
('CAG', 'WMI'),
('CCF', 'CRL'),
('CCF', 'DUB'),
('CCF', 'EDI'),
('CCF', 'EMA'),
('CCF', 'GLA'),
('CCF', 'MAN'),
('CCF', 'OPO'),
('CCF', 'ORK'),
('CCF', 'STN'),
('CCS', 'MAD'),
('CDT', 'BRS'),
('CDT', 'POZ'),
('CDT', 'SOF'),
('CDT', 'STN'),
('CFE', 'OPO'),
('CFE', 'STN'),
('CFU', 'BGY'),
('CFU', 'BHX'),
('CFU', 'BTS'),
('CFU', 'BUD'),
('CFU', 'CGN'),
('CFU', 'CIA'),
('CFU', 'CRL'),
('CFU', 'DUS'),
('CFU', 'EDI'),
('CFU', 'EIN'),
('CFU', 'EMA'),
('CFU', 'FCO'),
('CFU', 'FRA'),
('CFU', 'HHN'),
('CFU', 'KTW'),
('CFU', 'LBA'),
('CFU', 'MAN'),
('CFU', 'NRN'),
('CFU', 'PIK'),
('CFU', 'POZ'),
('CFU', 'PSA'),
('CFU', 'RZE'),
('CFU', 'STN'),
('CFU', 'TSF'),
('CFU', 'TXL'),
('CFU', 'VNO'),
('CFU', 'WMI'),
('CFU', 'ZRH'),
('CGN', 'AGP'),
('CGN', 'ALC'),
('CGN', 'AQJ'),
('CGN', 'BCN'),
('CGN', 'BGY'),
('CGN', 'BLQ'),
('CGN', 'BRS'),
('CGN', 'CFU'),
('CGN', 'CIA'),
('CGN', 'CPH'),
('CGN', 'DUB'),
('CGN', 'FAO'),
('CGN', 'LPA'),
('CGN', 'MAD'),
('CGN', 'MAN'),
('CGN', 'MLA'),
('CGN', 'OPO'),
('CGN', 'PMI'),
('CGN', 'PMO'),
('CGN', 'RAK'),
('CGN', 'RIX'),
('CGN', 'SOF'),
('CGN', 'STN'),
('CGN', 'SVQ'),
('CGN', 'SXF'),
('CGN', 'TFS'),
('CGN', 'TSF'),
('CGN', 'VIT'),
('CGN', 'VLC'),
('CGN', 'VNO'),
('CGN', 'WMI'),
('CHQ', 'ATH'),
('CHQ', 'BGY'),
('CHQ', 'BHX'),
('CHQ', 'BLL'),
('CHQ', 'BLQ'),
('CHQ', 'BRE'),
('CHQ', 'BRS'),
('CHQ', 'CRL'),
('CHQ', 'DUB'),
('CHQ', 'EIN'),
('CHQ', 'EMA'),
('CHQ', 'FCO'),
('CHQ', 'FMM'),
('CHQ', 'FRA'),
('CHQ', 'GLA'),
('CHQ', 'HHN'),
('CHQ', 'KRK'),
('CHQ', 'KTW'),
('CHQ', 'LBA'),
('CHQ', 'MAN'),
('CHQ', 'MRS'),
('CHQ', 'NRN'),
('CHQ', 'NYO'),
('CHQ', 'PFO'),
('CHQ', 'PSA'),
('CHQ', 'RYG'),
('CHQ', 'SKG'),
('CHQ', 'STN'),
('CHQ', 'TSF'),
('CHQ', 'VIE'),
('CHQ', 'VNO'),
('CHQ', 'WMI'),
('CHQ', 'WRO'),
('CIA', 'AQJ'),
('CIA', 'ATH'),
('CIA', 'BLL'),
('CIA', 'BOD'),
('CIA', 'BTS'),
('CIA', 'BUD'),
('CIA', 'BVA'),
('CIA', 'CAG'),
('CIA', 'CFU'),
('CIA', 'CGN'),
('CIA', 'CIY'),
('CIA', 'CPH'),
('CIA', 'CRL'),
('CIA', 'DUB'),
('CIA', 'EDI'),
('CIA', 'EIN'),
('CIA', 'EMA'),
('CIA', 'FKB'),
('CIA', 'GOT'),
('CIA', 'GSE'),
('CIA', 'HHN'),
('CIA', 'KRK'),
('CIA', 'LDE'),
('CIA', 'LIS'),
('CIA', 'MAD'),
('CIA', 'MAN'),
('CIA', 'MLA'),
('CIA', 'MRS'),
('CIA', 'NRN'),
('CIA', 'NUE'),
('CIA', 'NYO'),
('CIA', 'OPO'),
('CIA', 'OTP'),
('CIA', 'PFO'),
('CIA', 'PIK'),
('CIA', 'PMI'),
('CIA', 'PRG'),
('CIA', 'RAK'),
('CIA', 'RBA'),
('CIA', 'SDR'),
('CIA', 'SKG'),
('CIA', 'SOF'),
('CIA', 'STN'),
('CIA', 'SVQ'),
('CIA', 'SXF'),
('CIA', 'TRS'),
('CIA', 'VLC'),
('CIA', 'VNO'),
('CIA', 'WMI'),
('CIA', 'WRO'),
('CIY', 'BGY'),
('CIY', 'CIA'),
('CIY', 'CRL'),
('CIY', 'DUB'),
('CIY', 'FCO'),
('CIY', 'HHN'),
('CIY', 'MXP'),
('CIY', 'NRN'),
('CIY', 'PSA'),
('CIY', 'STN'),
('CIY', 'TRN'),
('CPH', 'AGP'),
('CPH', 'ALC'),
('CPH', 'BGY'),
('CPH', 'BLQ'),
('CPH', 'BUD'),
('CPH', 'CGN'),
('CPH', 'CIA'),
('CPH', 'CRL'),
('CPH', 'DUB'),
('CPH', 'EDI'),
('CPH', 'KUN'),
('CPH', 'LPL'),
('CPH', 'LTN'),
('CPH', 'MAD'),
('CPH', 'NAP'),
('CPH', 'OPO'),
('CPH', 'PSR'),
('CPH', 'SKG'),
('CPH', 'STN'),
('CPH', 'SVQ'),
('CPH', 'TFS'),
('CPH', 'VLC'),
('CPH', 'ZAD'),
('CRA', 'VLC'),
('CRL', 'ACE'),
('CRL', 'AGA'),
('CRL', 'AGP'),
('CRL', 'AHO'),
('CRL', 'ALC'),
('CRL', 'AOI'),
('CRL', 'ATH'),
('CRL', 'BCN'),
('CRL', 'BDS'),
('CRL', 'BGY'),
('CRL', 'BIQ'),
('CRL', 'BLQ'),
('CRL', 'BNX'),
('CRL', 'BOD'),
('CRL', 'BRI'),
('CRL', 'BTS'),
('CRL', 'BUD'),
('CRL', 'CAG'),
('CRL', 'CCF'),
('CRL', 'CFU'),
('CRL', 'CHQ'),
('CRL', 'CIA'),
('CRL', 'CIY'),
('CRL', 'CPH'),
('CRL', 'DUB'),
('CRL', 'EDI'),
('CRL', 'EGC'),
('CRL', 'FAO'),
('CRL', 'FEZ'),
('CRL', 'FNI'),
('CRL', 'FSC'),
('CRL', 'FUE'),
('CRL', 'GLA'),
('CRL', 'GRO'),
('CRL', 'IBZ'),
('CRL', 'KRK'),
('CRL', 'LEI'),
('CRL', 'LIS'),
('CRL', 'LPA'),
('CRL', 'LRH'),
('CRL', 'MAD'),
('CRL', 'MAN'),
('CRL', 'MLA'),
('CRL', 'MPL'),
('CRL', 'MRS'),
('CRL', 'NAP'),
('CRL', 'NDR'),
('CRL', 'NYO'),
('CRL', 'OPO'),
('CRL', 'OTP'),
('CRL', 'OUD'),
('CRL', 'PDV'),
('CRL', 'PEG'),
('CRL', 'PGF'),
('CRL', 'PMI'),
('CRL', 'PMO'),
('CRL', 'PRG'),
('CRL', 'PSA'),
('CRL', 'PSR'),
('CRL', 'PUY'),
('CRL', 'RAK'),
('CRL', 'RBA'),
('CRL', 'RDZ'),
('CRL', 'REU'),
('CRL', 'RHO'),
('CRL', 'RIX'),
('CRL', 'RJK'),
('CRL', 'RYG'),
('CRL', 'SDR'),
('CRL', 'SKG'),
('CRL', 'SOF'),
('CRL', 'SUF'),
('CRL', 'SVQ'),
('CRL', 'TFS'),
('CRL', 'TGD'),
('CRL', 'TLS'),
('CRL', 'TLV'),
('CRL', 'TNG'),
('CRL', 'TPS'),
('CRL', 'TRN'),
('CRL', 'TSF'),
('CRL', 'TSR'),
('CRL', 'VAR'),
('CRL', 'VCE'),
('CRL', 'VDA'),
('CRL', 'VLC'),
('CRL', 'VNO'),
('CRL', 'VRN'),
('CRL', 'WMI'),
('CRL', 'WRO'),
('CRL', 'ZAD'),
('CRL', 'ZAZ'),
('CTA', 'ATH'),
('CTA', 'BGY'),
('CTA', 'BLQ'),
('CTA', 'CAG'),
('CTA', 'EIN'),
('CTA', 'FCO'),
('CTA', 'FRA'),
('CTA', 'MAD'),
('CTA', 'MLA'),
('CTA', 'MRS'),
('CTA', 'MXP'),
('CTA', 'PEG'),
('CTA', 'PSA'),
('CTA', 'RAK'),
('CTA', 'SVQ'),
('CTA', 'SXF'),
('CTA', 'TRN'),
('CTA', 'TRS'),
('CTA', 'TSF'),
('CTA', 'VCE'),
('CUF', 'CAG'),
('CUF', 'TPS'),
('CUN', 'MAD'),
('CWL', 'DUB'),
('CWL', 'FAO'),
('CWL', 'MAD'),
('CWL', 'TFS'),
('DLE', 'FEZ'),
('DLE', 'OPO'),
('DLE', 'RAK'),
('DNR', 'EMA'),
('DNR', 'STN'),
('DOL', 'STN'),
('DTM', 'AGP'),
('DTM', 'AHO'),
('DTM', 'KRK'),
('DTM', 'LPL'),
('DTM', 'OPO'),
('DTM', 'PMI'),
('DTM', 'SKG'),
('DTM', 'STN'),
('DUB', 'ACE'),
('DUB', 'AGP'),
('DUB', 'ALC'),
('DUB', 'AMS'),
('DUB', 'ATH'),
('DUB', 'BCN'),
('DUB', 'BGY'),
('DUB', 'BHX'),
('DUB', 'BIQ'),
('DUB', 'BLQ'),
('DUB', 'BRE'),
('DUB', 'BRI'),
('DUB', 'BRS'),
('DUB', 'BRU'),
('DUB', 'BSL'),
('DUB', 'BTS'),
('DUB', 'BUD'),
('DUB', 'BVA'),
('DUB', 'BZG'),
('DUB', 'CCF'),
('DUB', 'CGN'),
('DUB', 'CHQ'),
('DUB', 'CIA'),
('DUB', 'CIY'),
('DUB', 'CPH'),
('DUB', 'CRL'),
('DUB', 'CWL'),
('DUB', 'DLM'),
('DUB', 'EDI'),
('DUB', 'EIN'),
('DUB', 'EMA'),
('DUB', 'FAO'),
('DUB', 'FMM'),
('DUB', 'FRA'),
('DUB', 'FUE'),
('DUB', 'GDN'),
('DUB', 'GLA'),
('DUB', 'GNB'),
('DUB', 'GRO'),
('DUB', 'HAM'),
('DUB', 'HHN'),
('DUB', 'IBZ'),
('DUB', 'KRK'),
('DUB', 'KTW'),
('DUB', 'KUN'),
('DUB', 'LBA'),
('DUB', 'LCJ'),
('DUB', 'LEI'),
('DUB', 'LGW'),
('DUB', 'LIS'),
('DUB', 'LPA'),
('DUB', 'LPL'),
('DUB', 'LRH'),
('DUB', 'LTN'),
('DUB', 'LUX'),
('DUB', 'LUZ'),
('DUB', 'LYS'),
('DUB', 'MAD'),
('DUB', 'MAN'),
('DUB', 'MJV'),
('DUB', 'MLA'),
('DUB', 'MUC'),
('DUB', 'NAP'),
('DUB', 'NCE'),
('DUB', 'NCL'),
('DUB', 'NTE'),
('DUB', 'OPO'),
('DUB', 'OTP'),
('DUB', 'PFO'),
('DUB', 'PIS'),
('DUB', 'PMI'),
('DUB', 'PMO'),
('DUB', 'POZ'),
('DUB', 'PRG'),
('DUB', 'PSA'),
('DUB', 'RAK'),
('DUB', 'RDZ'),
('DUB', 'REU'),
('DUB', 'RIX'),
('DUB', 'RYG'),
('DUB', 'RZE'),
('DUB', 'SDR'),
('DUB', 'SOF'),
('DUB', 'STN'),
('DUB', 'STR'),
('DUB', 'SVQ'),
('DUB', 'SXF'),
('DUB', 'SZG'),
('DUB', 'SZZ'),
('DUB', 'TFS'),
('DUB', 'TLL'),
('DUB', 'TRN'),
('DUB', 'TSF'),
('DUB', 'TUF'),
('DUB', 'VCE'),
('DUB', 'VGO'),
('DUB', 'VLC'),
('DUB', 'VNO'),
('DUB', 'WMI'),
('DUB', 'WRO'),
('DUB', 'ZAD'),
('EBU', 'FEZ'),
('EBU', 'OPO'),
('EDI', 'ACE'),
('EDI', 'AGP'),
('EDI', 'ALC'),
('EDI', 'BCN'),
('EDI', 'BGY'),
('EDI', 'BLQ'),
('EDI', 'BOD'),
('EDI', 'BRE'),
('EDI', 'BTS'),
('EDI', 'BUD'),
('EDI', 'BZR'),
('EDI', 'CCF'),
('EDI', 'CFU'),
('EDI', 'CIA'),
('EDI', 'CPH'),
('EDI', 'CRL'),
('EDI', 'DUB'),
('EDI', 'EIN'),
('EDI', 'FAO'),
('EDI', 'FCO'),
('EDI', 'FKB'),
('EDI', 'FMM'),
('EDI', 'FUE'),
('EDI', 'GDN'),
('EDI', 'GOT'),
('EDI', 'GRO'),
('EDI', 'GSE'),
('EDI', 'HAM'),
('EDI', 'HHN'),
('EDI', 'IBZ'),
('EDI', 'KRK'),
('EDI', 'KTW'),
('EDI', 'KUN'),
('EDI', 'LDY'),
('EDI', 'LIS'),
('EDI', 'LPA'),
('EDI', 'MLA'),
('EDI', 'MRS'),
('EDI', 'NRN'),
('EDI', 'NTE'),
('EDI', 'NYO'),
('EDI', 'OPO'),
('EDI', 'PIS'),
('EDI', 'PMI'),
('EDI', 'POZ'),
('EDI', 'PRG'),
('EDI', 'PSA'),
('EDI', 'RIX'),
('EDI', 'RYG'),
('EDI', 'SDR'),
('EDI', 'SOF'),
('EDI', 'STN'),
('EDI', 'SVQ'),
('EDI', 'SXF'),
('EDI', 'SZZ'),
('EDI', 'TFS'),
('EDI', 'TLL'),
('EDI', 'TLS'),
('EDI', 'TSF'),
('EDI', 'VGO'),
('EDI', 'VLC'),
('EDI', 'WMI'),
('EDI', 'WRO'),
('EFL', 'BGY'),
('EFL', 'FRA'),
('EFL', 'PSA'),
('EFL', 'STN'),
('EGC', 'BRS'),
('EGC', 'CRL'),
('EGC', 'EMA'),
('EGC', 'LPL'),
('EGC', 'STN'),
('EIN', 'AAR'),
('EIN', 'ACE'),
('EIN', 'AGA'),
('EIN', 'AGP'),
('EIN', 'AHO'),
('EIN', 'ALC'),
('EIN', 'ATH'),
('EIN', 'BDS'),
('EIN', 'BGY'),
('EIN', 'BLQ'),
('EIN', 'BTS'),
('EIN', 'CFU'),
('EIN', 'CHQ'),
('EIN', 'CIA'),
('EIN', 'CTA'),
('EIN', 'DUB'),
('EIN', 'EDI'),
('EIN', 'FAO'),
('EIN', 'FEZ'),
('EIN', 'GRO'),
('EIN', 'IBZ'),
('EIN', 'KRK'),
('EIN', 'LIS'),
('EIN', 'LPA'),
('EIN', 'MAD'),
('EIN', 'MAN'),
('EIN', 'MJV'),
('EIN', 'MLA'),
('EIN', 'MRS'),
('EIN', 'MXP'),
('EIN', 'NAP'),
('EIN', 'NYO'),
('EIN', 'OMR'),
('EIN', 'OPO'),
('EIN', 'PMI'),
('EIN', 'PRG'),
('EIN', 'PSA'),
('EIN', 'RAK'),
('EIN', 'RBA'),
('EIN', 'REU'),
('EIN', 'RIX'),
('EIN', 'SKG'),
('EIN', 'SOF'),
('EIN', 'STN'),
('EIN', 'SVQ'),
('EIN', 'TFS'),
('EIN', 'TNG'),
('EIN', 'TPS'),
('EIN', 'TSF'),
('EIN', 'VCE'),
('EIN', 'VLC'),
('EIN', 'WMI'),
('EMA', 'ACE'),
('EMA', 'AGP'),
('EMA', 'ALC'),
('EMA', 'BCN'),
('EMA', 'BGY'),
('EMA', 'BUD'),
('EMA', 'CCF'),
('EMA', 'CFU'),
('EMA', 'CHQ'),
('EMA', 'CIA'),
('EMA', 'DNR'),
('EMA', 'DUB'),
('EMA', 'EGC'),
('EMA', 'FAO'),
('EMA', 'FUE'),
('EMA', 'GRO'),
('EMA', 'IBZ'),
('EMA', 'KRK'),
('EMA', 'LCJ'),
('EMA', 'LIG'),
('EMA', 'LPA'),
('EMA', 'MAH'),
('EMA', 'MJV'),
('EMA', 'MLA'),
('EMA', 'NAP'),
('EMA', 'NOC'),
('EMA', 'PMI'),
('EMA', 'PSA'),
('EMA', 'REU'),
('EMA', 'RHO'),
('EMA', 'RIX'),
('EMA', 'RZE'),
('EMA', 'SVQ'),
('EMA', 'SXF'),
('EMA', 'TFS'),
('EMA', 'TSF'),
('EMA', 'VCE'),
('EMA', 'VLC'),
('EMA', 'WMI'),
('EMA', 'WRO'),
('EZE', 'MAD'),
('FAO', 'ABZ'),
('FAO', 'BFS'),
('FAO', 'BGY'),
('FAO', 'BHX'),
('FAO', 'BOH'),
('FAO', 'BRE'),
('FAO', 'BRS'),
('FAO', 'BVA'),
('FAO', 'CGN'),
('FAO', 'CRL'),
('FAO', 'CWL'),
('FAO', 'DUB'),
('FAO', 'DUS'),
('FAO', 'EDI'),
('FAO', 'EIN'),
('FAO', 'EMA'),
('FAO', 'FMM'),
('FAO', 'FRA'),
('FAO', 'HAM'),
('FAO', 'HHN'),
('FAO', 'KIR'),
('FAO', 'LBA'),
('FAO', 'LPL'),
('FAO', 'LTN'),
('FAO', 'MAN'),
('FAO', 'MRS'),
('FAO', 'NCL'),
('FAO', 'NOC'),
('FAO', 'NQY'),
('FAO', 'NRN'),
('FAO', 'NYO'),
('FAO', 'OPO'),
('FAO', 'ORK'),
('FAO', 'PIK'),
('FAO', 'RYG'),
('FAO', 'SNN'),
('FAO', 'STN'),
('FAO', 'SXF'),
('FAO', 'TXL'),
('FAO', 'WMI'),
('FAO', 'WRO'),
('FCO', 'ACE'),
('FCO', 'AGP'),
('FCO', 'ALC'),
('FCO', 'BCN'),
('FCO', 'BDS'),
('FCO', 'BRI'),
('FCO', 'BRU'),
('FCO', 'CFU'),
('FCO', 'CHQ'),
('FCO', 'CIY'),
('FCO', 'CTA'),
('FCO', 'EDI'),
('FCO', 'IBZ'),
('FCO', 'MAN'),
('FCO', 'MLA'),
('FCO', 'MRS'),
('FCO', 'PMO'),
('FCO', 'SNN'),
('FCO', 'STN'),
('FCO', 'SVQ'),
('FCO', 'TLV'),
('FCO', 'TPS'),
('FEZ', 'BCN'),
('FEZ', 'BGY'),
('FEZ', 'BRE'),
('FEZ', 'BVA'),
('FEZ', 'CRL'),
('FEZ', 'DLE'),
('FEZ', 'EBU'),
('FEZ', 'EIN'),
('FEZ', 'FMM'),
('FEZ', 'FNI'),
('FEZ', 'HHN'),
('FEZ', 'MAD'),
('FEZ', 'MRS'),
('FEZ', 'NRN'),
('FEZ', 'NTE'),
('FEZ', 'PSA'),
('FEZ', 'STN'),
('FEZ', 'SVQ'),
('FEZ', 'TLS'),
('FEZ', 'VLC'),
('FKB', 'AGP'),
('FKB', 'ALC'),
('FKB', 'ATH'),
('FKB', 'BDS'),
('FKB', 'BRI'),
('FKB', 'CAG'),
('FKB', 'CIA'),
('FKB', 'EDI'),
('FKB', 'GRO'),
('FKB', 'LIS'),
('FKB', 'MLA'),
('FKB', 'OPO'),
('FKB', 'PMI'),
('FKB', 'RAK'),
('FKB', 'SKG'),
('FKB', 'SOF'),
('FKB', 'STN'),
('FKB', 'SUF'),
('FKB', 'SVQ'),
('FKB', 'TFS'),
('FKB', 'TLV'),
('FKB', 'TPS'),
('FKB', 'VDA'),
('FKB', 'WMI'),
('FKB', 'ZAD'),
('FMM', 'AGP'),
('FMM', 'AHO'),
('FMM', 'ALC'),
('FMM', 'ATH'),
('FMM', 'BDS'),
('FMM', 'BNX'),
('FMM', 'BOJ'),
('FMM', 'CHQ'),
('FMM', 'DUB'),
('FMM', 'EDI'),
('FMM', 'FAO'),
('FMM', 'FEZ'),
('FMM', 'GRO'),
('FMM', 'LWO'),
('FMM', 'NYO'),
('FMM', 'OMR'),
('FMM', 'OPO'),
('FMM', 'PMI'),
('FMM', 'PMO'),
('FMM', 'RAK'),
('FMM', 'SKG'),
('FMM', 'SOF'),
('FMM', 'STN'),
('FMM', 'SVQ'),
('FMM', 'TFS'),
('FMM', 'WMI'),
('FMM', 'ZAD'),
('FNI', 'CRL'),
('FNI', 'FEZ'),
('FNI', 'LPL'),
('FNI', 'LTN'),
('FNI', 'RAK'),
('FNI', 'STN'),
('FRA', 'ACE'),
('FRA', 'AGA'),
('FRA', 'AGP'),
('FRA', 'ALC'),
('FRA', 'ATH'),
('FRA', 'BCN'),
('FRA', 'BDS'),
('FRA', 'BGY'),
('FRA', 'CFU'),
('FRA', 'CHQ'),
('FRA', 'CTA'),
('FRA', 'DUB'),
('FRA', 'EFL'),
('FRA', 'FAO'),
('FRA', 'GLA'),
('FRA', 'GRO'),
('FRA', 'JMK'),
('FRA', 'JTR'),
('FRA', 'KRK'),
('FRA', 'LIS'),
('FRA', 'LPA'),
('FRA', 'MAD'),
('FRA', 'MAN'),
('FRA', 'MJV'),
('FRA', 'MRS'),
('FRA', 'OPO'),
('FRA', 'PEG'),
('FRA', 'PGF'),
('FRA', 'PMI'),
('FRA', 'PSA'),
('FRA', 'PUY'),
('FRA', 'RJK'),
('FRA', 'STN'),
('FRA', 'SVQ'),
('FRA', 'TFS'),
('FRA', 'TLS'),
('FRA', 'TSF'),
('FRA', 'VCE'),
('FRA', 'VLC'),
('FRA', 'ZAD'),
('FSC', 'BVA'),
('FSC', 'CRL'),
('FUE', 'BCN'),
('FUE', 'BGY'),
('FUE', 'BHX'),
('FUE', 'BRE'),
('FUE', 'CRL'),
('FUE', 'DUB'),
('FUE', 'DUS'),
('FUE', 'EDI'),
('FUE', 'EMA'),
('FUE', 'LBA'),
('FUE', 'LPL'),
('FUE', 'LTN'),
('FUE', 'MAD'),
('FUE', 'MAN'),
('FUE', 'NRN'),
('FUE', 'PIK'),
('FUE', 'PSA'),
('FUE', 'SNN'),
('FUE', 'STN'),
('FUE', 'SVQ'),
('FUE', 'SXF'),
('FUE', 'TXL'),
('FUE', 'WMI'),
('FUE', 'ZRH'),
('GDN', 'AAR'),
('GDN', 'ALC'),
('GDN', 'ATH'),
('GDN', 'BFS'),
('GDN', 'BGY'),
('GDN', 'BHX'),
('GDN', 'BRS'),
('GDN', 'DUB'),
('GDN', 'EDI'),
('GDN', 'KBP'),
('GDN', 'KRK'),
('GDN', 'LBA'),
('GDN', 'MAN'),
('GDN', 'MLA'),
('GDN', 'NAP'),
('GDN', 'NCL'),
('GDN', 'NYO'),
('GDN', 'ORK'),
('GDN', 'PSA'),
('GDN', 'RYG'),
('GDN', 'STN'),
('GDN', 'TLV'),
('GDN', 'TRF'),
('GDN', 'VDA'),
('GDN', 'VXO'),
('GDN', 'WAW'),
('GDN', 'WRO'),
('GLA', 'ACE'),
('GLA', 'AGP'),
('GLA', 'ALC'),
('GLA', 'BZG'),
('GLA', 'CCF'),
('GLA', 'CHQ'),
('GLA', 'CRL'),
('GLA', 'DUB'),
('GLA', 'FRA'),
('GLA', 'KRK'),
('GLA', 'LDY'),
('GLA', 'LIS'),
('GLA', 'LPA'),
('GLA', 'MAD'),
('GLA', 'PLQ'),
('GLA', 'RIX'),
('GLA', 'SOF'),
('GLA', 'STN'),
('GLA', 'SXF'),
('GLA', 'VLC'),
('GLA', 'WMI'),
('GLA', 'WRO'),
('GLA', 'ZAD'),
('GNB', 'DUB'),
('GNB', 'STN'),
('GOA', 'BRI'),
('GOA', 'STN'),
('GOA', 'TPS'),
('GOT', 'AGP'),
('GOT', 'ALC'),
('GOT', 'BGY'),
('GOT', 'CIA'),
('GOT', 'EDI'),
('GOT', 'KRK'),
('GOT', 'MLA'),
('GOT', 'PMI'),
('GOT', 'PSA'),
('GOT', 'SKG'),
('GOT', 'STN'),
('GOT', 'WMI'),
('GOT', 'ZAD'),
('GRO', 'BFS'),
('GRO', 'BHX'),
('GRO', 'BLL'),
('GRO', 'BOH'),
('GRO', 'BRE'),
('GRO', 'BRS'),
('GRO', 'BTS'),
('GRO', 'BVA'),
('GRO', 'CAG'),
('GRO', 'CRL'),
('GRO', 'DUB'),
('GRO', 'EDI'),
('GRO', 'EIN'),
('GRO', 'EMA'),
('GRO', 'FKB'),
('GRO', 'FMM'),
('GRO', 'FRA'),
('GRO', 'HHN'),
('GRO', 'KRK'),
('GRO', 'KUN'),
('GRO', 'LBA'),
('GRO', 'LPL'),
('GRO', 'LTN'),
('GRO', 'MAN'),
('GRO', 'MLA'),
('GRO', 'MST'),
('GRO', 'NCL'),
('GRO', 'NOC'),
('GRO', 'NRN'),
('GRO', 'NYO'),
('GRO', 'OMR'),
('GRO', 'ORK'),
('GRO', 'PIK'),
('GRO', 'POZ'),
('GRO', 'PSA'),
('GRO', 'PSR'),
('GRO', 'RBA'),
('GRO', 'RIX'),
('GRO', 'SKG'),
('GRO', 'STN'),
('GRO', 'TLL'),
('GRO', 'TPS'),
('GRO', 'TXL'),
('GRO', 'WRO'),
('GRU', 'MAD'),
('GYE', 'MAD'),
('HAM', 'AGP'),
('HAM', 'ALC'),
('HAM', 'BCN'),
('HAM', 'BGY'),
('HAM', 'BRU'),
('HAM', 'DUB'),
('HAM', 'EDI'),
('HAM', 'FAO'),
('HAM', 'KTW'),
('HAM', 'LIS'),
('HAM', 'LPA'),
('HAM', 'MAD'),
('HAM', 'MAN'),
('HAM', 'OPO'),
('HAM', 'PMI'),
('HAM', 'RAK'),
('HAM', 'SKG'),
('HAM', 'SOF'),
('HAM', 'STN'),
('HAM', 'SUF'),
('HAM', 'SVQ'),
('HAM', 'TRF'),
('HAM', 'TSF'),
('HAM', 'VCE'),
('HAM', 'VLC'),
('HAM', 'VRN'),
('HAU', 'AGP'),
('HAU', 'ALC'),
('HAV', 'MAD'),
('HHN', 'ACE'),
('HHN', 'AGP'),
('HHN', 'AHO'),
('HHN', 'ALC'),
('HHN', 'BOJ'),
('HHN', 'BRI'),
('HHN', 'CAG'),
('HHN', 'CFU'),
('HHN', 'CHQ'),
('HHN', 'CIA'),
('HHN', 'CIY'),
('HHN', 'DUB'),
('HHN', 'EDI'),
('HHN', 'FAO'),
('HHN', 'FEZ'),
('HHN', 'GRO'),
('HHN', 'IBZ'),
('HHN', 'KIR'),
('HHN', 'LIS'),
('HHN', 'LPA'),
('HHN', 'MPL'),
('HHN', 'NAP'),
('HHN', 'NDR'),
('HHN', 'NQY'),
('HHN', 'OPO'),
('HHN', 'PDL'),
('HHN', 'PDV'),
('HHN', 'PMI'),
('HHN', 'PSA'),
('HHN', 'PSR'),
('HHN', 'PUY'),
('HHN', 'RAK'),
('HHN', 'REU'),
('HHN', 'RIX'),
('HHN', 'SCQ'),
('HHN', 'SKG'),
('HHN', 'STN'),
('HHN', 'SUF'),
('HHN', 'TFS'),
('HHN', 'TLV'),
('HHN', 'TNG'),
('HHN', 'TPS'),
('HHN', 'TSF'),
('HHN', 'TSR'),
('HHN', 'VCE'),
('HHN', 'VDA'),
('HHN', 'VLC'),
('HHN', 'VNO'),
('HHN', 'XRY'),
('HHN', 'ZAD'),
('IBZ', 'AGP'),
('IBZ', 'BCN'),
('IBZ', 'BGY'),
('IBZ', 'BHX'),
('IBZ', 'BLQ'),
('IBZ', 'BRS'),
('IBZ', 'BRU'),
('IBZ', 'CRL'),
('IBZ', 'DUB'),
('IBZ', 'DUS'),
('IBZ', 'EDI'),
('IBZ', 'EIN'),
('IBZ', 'EMA'),
('IBZ', 'FCO'),
('IBZ', 'HHN'),
('IBZ', 'LBA'),
('IBZ', 'LPL'),
('IBZ', 'MAD'),
('IBZ', 'MAN'),
('IBZ', 'MRS'),
('IBZ', 'NRN'),
('IBZ', 'PIK'),
('IBZ', 'PSA'),
('IBZ', 'RYG'),
('IBZ', 'STN'),
('IBZ', 'SVQ'),
('IBZ', 'TRN'),
('IBZ', 'TSF'),
('IBZ', 'TXL'),
('IBZ', 'VCE'),
('IBZ', 'VIE'),
('IBZ', 'VLC'),
('IBZ', 'ZRH'),
('INI', 'BGY'),
('INI', 'BTS'),
('INI', 'NRN'),
('INI', 'NYO'),
('INI', 'SXF'),
('JFK', 'MAD'),
('JMK', 'ATH'),
('JMK', 'BLQ'),
('JMK', 'FRA'),
('JTR', 'ATH'),
('JTR', 'FRA'),
('JTR', 'VIE'),
('KIR', 'ALC'),
('KIR', 'FAO'),
('KIR', 'HHN'),
('KIR', 'LTN'),
('KIR', 'STN'),
('KIR', 'SXF'),
('KRK', 'AGP'),
('KRK', 'ALC'),
('KRK', 'AMM'),
('KRK', 'ATH'),
('KRK', 'BCN'),
('KRK', 'BFS'),
('KRK', 'BGY'),
('KRK', 'BHX'),
('KRK', 'BLQ'),
('KRK', 'BOH'),
('KRK', 'BOJ'),
('KRK', 'BRS'),
('KRK', 'BVA'),
('KRK', 'CAG'),
('KRK', 'CHQ'),
('KRK', 'CIA'),
('KRK', 'CRL'),
('KRK', 'DTM'),
('KRK', 'DUB'),
('KRK', 'EDI'),
('KRK', 'EIN'),
('KRK', 'EMA'),
('KRK', 'FRA'),
('KRK', 'GDN'),
('KRK', 'GLA'),
('KRK', 'GOT'),
('KRK', 'GRO'),
('KRK', 'KBP'),
('KRK', 'LBA'),
('KRK', 'LDE'),
('KRK', 'LIS'),
('KRK', 'LPA'),
('KRK', 'LPL'),
('KRK', 'LWO'),
('KRK', 'MAD'),
('KRK', 'MAN'),
('KRK', 'MLA'),
('KRK', 'MMX'),
('KRK', 'MRS'),
('KRK', 'NAP'),
('KRK', 'NUE'),
('KRK', 'NYO'),
('KRK', 'OPO'),
('KRK', 'PFO'),
('KRK', 'PMI'),
('KRK', 'PRG'),
('KRK', 'PSA'),
('KRK', 'PSR'),
('KRK', 'RAK'),
('KRK', 'RYG'),
('KRK', 'SNN'),
('KRK', 'STN'),
('KRK', 'SUF'),
('KRK', 'SVQ'),
('KRK', 'SXF'),
('KRK', 'TFS'),
('KRK', 'TLV'),
('KRK', 'TPS'),
('KRK', 'TRF'),
('KRK', 'TSF'),
('KRK', 'VCE'),
('KRK', 'VDA'),
('KRK', 'VLC'),
('KTW', 'ATH'),
('KTW', 'BHX'),
('KTW', 'CFU'),
('KTW', 'CHQ'),
('KTW', 'DUB'),
('KTW', 'EDI'),
('KTW', 'HAM'),
('KTW', 'MXP'),
('KTW', 'STN'),
('KUN', 'ALC'),
('KUN', 'BLQ'),
('KUN', 'BOJ'),
('KUN', 'BRS'),
('KUN', 'CPH'),
('KUN', 'DUB'),
('KUN', 'EDI'),
('KUN', 'GRO'),
('KUN', 'LTN'),
('KUN', 'MXP'),
('KUN', 'NAP'),
('KUN', 'PFO'),
('KUN', 'PMI'),
('KUN', 'RHO'),
('KUN', 'RMI'),
('KUN', 'RYG'),
('KUN', 'SNN'),
('KUN', 'STN'),
('KUN', 'TLV'),
('KUN', 'TPS'),
('KUN', 'VDA'),
('LBA', 'ACE'),
('LBA', 'AGP'),
('LBA', 'ALC'),
('LBA', 'BTS'),
('LBA', 'CFU'),
('LBA', 'CHQ'),
('LBA', 'DUB'),
('LBA', 'FAO'),
('LBA', 'FUE'),
('LBA', 'GDN'),
('LBA', 'GRO'),
('LBA', 'IBZ'),
('LBA', 'KRK'),
('LBA', 'LIG'),
('LBA', 'LPA'),
('LBA', 'MJV'),
('LBA', 'MLA'),
('LBA', 'MPL'),
('LBA', 'PMI'),
('LBA', 'PSA'),
('LBA', 'RIX'),
('LBA', 'TFS'),
('LBA', 'TSF'),
('LBA', 'VCE'),
('LBA', 'VNO'),
('LBA', 'WMI'),
('LBA', 'WRO'),
('LCA', 'BRU'),
('LCJ', 'ATH'),
('LCJ', 'DUB'),
('LCJ', 'EMA'),
('LCJ', 'STN'),
('LDE', 'BGY'),
('LDE', 'CIA'),
('LDE', 'KRK'),
('LDE', 'STN'),
('LDY', 'EDI'),
('LDY', 'GLA'),
('LDY', 'LPL'),
('LEI', 'CRL'),
('LEI', 'DUB'),
('LEI', 'MAN'),
('LEI', 'STN'),
('LEJ', 'STN'),
('LGW', 'ALC'),
('LGW', 'BFS'),
('LGW', 'DUB'),
('LGW', 'ORK'),
('LGW', 'SNN'),
('LIG', 'BRS'),
('LIG', 'EMA'),
('LIG', 'LBA'),
('LIG', 'MAN'),
('LIG', 'STN'),
('LIL', 'MRS'),
('LIL', 'OPO'),
('LIM', 'MAD'),
('LIS', 'BGY'),
('LIS', 'BLQ'),
('LIS', 'BRE'),
('LIS', 'BRU'),
('LIS', 'BVA'),
('LIS', 'CIA'),
('LIS', 'CRL'),
('LIS', 'DUB'),
('LIS', 'EDI'),
('LIS', 'EIN'),
('LIS', 'FKB'),
('LIS', 'FRA'),
('LIS', 'GLA'),
('LIS', 'HAM'),
('LIS', 'HHN'),
('LIS', 'KRK'),
('LIS', 'LUX'),
('LIS', 'MAN'),
('LIS', 'MRS'),
('LIS', 'NAP'),
('LIS', 'OPO'),
('LIS', 'PDL'),
('LIS', 'PSA'),
('LIS', 'STN'),
('LIS', 'SXF'),
('LIS', 'TER'),
('LIS', 'TLS'),
('LIS', 'WMI'),
('LIS', 'WRO'),
('LNZ', 'PMI'),
('LNZ', 'STN'),
('LPA', 'BCN'),
('LPA', 'BGY'),
('LPA', 'BHX'),
('LPA', 'BLQ'),
('LPA', 'BOH'),
('LPA', 'BRS'),
('LPA', 'BUD'),
('LPA', 'CGN'),
('LPA', 'CRL'),
('LPA', 'DUB'),
('LPA', 'DUS'),
('LPA', 'EDI'),
('LPA', 'EIN'),
('LPA', 'EMA'),
('LPA', 'FRA'),
('LPA', 'GLA'),
('LPA', 'HAM'),
('LPA', 'HHN'),
('LPA', 'KRK'),
('LPA', 'LBA'),
('LPA', 'LPL'),
('LPA', 'LTN'),
('LPA', 'MAD'),
('LPA', 'MAN'),
('LPA', 'MXP'),
('LPA', 'NRN'),
('LPA', 'NYO'),
('LPA', 'OPO'),
('LPA', 'ORK'),
('LPA', 'PIK'),
('LPA', 'PSA'),
('LPA', 'SCQ'),
('LPA', 'STN'),
('LPA', 'SVQ'),
('LPA', 'SXF'),
('LPA', 'TRF'),
('LPA', 'TSF'),
('LPA', 'TXL'),
('LPA', 'VLC'),
('LPA', 'WMI'),
('LPL', 'ACE'),
('LPL', 'AGP'),
('LPL', 'ALC'),
('LPL', 'BCN'),
('LPL', 'BRI'),
('LPL', 'CPH'),
('LPL', 'DTM'),
('LPL', 'DUB'),
('LPL', 'EGC'),
('LPL', 'FAO'),
('LPL', 'FNI'),
('LPL', 'FUE'),
('LPL', 'GRO'),
('LPL', 'IBZ'),
('LPL', 'KRK'),
('LPL', 'LDY'),
('LPL', 'LPA'),
('LPL', 'MLA'),
('LPL', 'MXP'),
('LPL', 'NOC'),
('LPL', 'OPO'),
('LPL', 'ORK'),
('LPL', 'PFO'),
('LPL', 'PMI'),
('LPL', 'POZ'),
('LPL', 'PRG'),
('LPL', 'PSA'),
('LPL', 'RAK'),
('LPL', 'REU'),
('LPL', 'RHO'),
('LPL', 'SNN'),
('LPL', 'SOF'),
('LPL', 'SZZ'),
('LPL', 'TFS'),
('LPL', 'VNO'),
('LPL', 'WMI'),
('LPL', 'WRO'),
('LPP', 'ATH'),
('LPP', 'BGY'),
('LRH', 'CRL'),
('LRH', 'DUB'),
('LRH', 'OPO'),
('LRH', 'STN'),
('LRT', 'OPO'),
('LRT', 'STN'),
('LTN', 'ACE'),
('LTN', 'BZG'),
('LTN', 'BZR'),
('LTN', 'CPH'),
('LTN', 'DUB'),
('LTN', 'FAO'),
('LTN', 'FNI'),
('LTN', 'FUE'),
('LTN', 'GRO'),
('LTN', 'KIR'),
('LTN', 'KUN'),
('LTN', 'LPA'),
('LTN', 'MJV'),
('LTN', 'MLA'),
('LTN', 'NOC'),
('LTN', 'NRN'),
('LTN', 'RAK'),
('LTN', 'RZE'),
('LTN', 'TFS'),
('LTN', 'VNO'),
('LUX', 'BCN'),
('LUX', 'BGY'),
('LUX', 'DUB'),
('LUX', 'LIS'),
('LUX', 'MAD'),
('LUX', 'OPO'),
('LUX', 'PMI'),
('LUX', 'STN'),
('LUX', 'SVQ'),
('LUZ', 'DUB'),
('LUZ', 'STN'),
('LYS', 'DUB'),
('MAD', 'ACE'),
('MAD', 'ASU'),
('MAD', 'BDS'),
('MAD', 'BGY'),
('MAD', 'BHX'),
('MAD', 'BLQ'),
('MAD', 'BOG'),
('MAD', 'BOS'),
('MAD', 'BRI'),
('MAD', 'BRS'),
('MAD', 'BRU'),
('MAD', 'BTS'),
('MAD', 'BUD'),
('MAD', 'BVA'),
('MAD', 'CAG'),
('MAD', 'CCS'),
('MAD', 'CGN'),
('MAD', 'CIA'),
('MAD', 'CPH'),
('MAD', 'CRL'),
('MAD', 'CTA'),
('MAD', 'CUN'),
('MAD', 'CWL'),
('MAD', 'DUB'),
('MAD', 'EIN'),
('MAD', 'EZE'),
('MAD', 'FEZ'),
('MAD', 'FRA'),
('MAD', 'FUE'),
('MAD', 'GLA'),
('MAD', 'GRU'),
('MAD', 'GYE'),
('MAD', 'HAM'),
('MAD', 'HAV'),
('MAD', 'IBZ'),
('MAD', 'JFK'),
('MAD', 'KRK'),
('MAD', 'LIM'),
('MAD', 'LPA'),
('MAD', 'LUX'),
('MAD', 'MAH'),
('MAD', 'MAN'),
('MAD', 'MIA'),
('MAD', 'MLA'),
('MAD', 'MRS'),
('MAD', 'MVD'),
('MAD', 'NAP'),
('MAD', 'NCL'),
('MAD', 'NUE'),
('MAD', 'OPO'),
('MAD', 'OTP'),
('MAD', 'PMI'),
('MAD', 'PMO'),
('MAD', 'POZ'),
('MAD', 'PRG'),
('MAD', 'PSA'),
('MAD', 'PUJ'),
('MAD', 'RAK'),
('MAD', 'RBA'),
('MAD', 'SAP'),
('MAD', 'SCQ'),
('MAD', 'SDQ'),
('MAD', 'SJU'),
('MAD', 'SOF'),
('MAD', 'SSA'),
('MAD', 'STN'),
('MAD', 'SUF'),
('MAD', 'SXF'),
('MAD', 'TFN'),
('MAD', 'TFS'),
('MAD', 'TLS'),
('MAD', 'TLV'),
('MAD', 'TNG'),
('MAD', 'VNO'),
('MAD', 'VRN'),
('MAD', 'VVI'),
('MAD', 'WMI'),
('MAD', 'WRO'),
('MAH', 'BCN'),
('MAH', 'EMA'),
('MAH', 'MAD'),
('MAH', 'VLC'),
('MAN', 'ACE'),
('MAN', 'AGA'),
('MAN', 'AGP'),
('MAN', 'ALC'),
('MAN', 'BCN'),
('MAN', 'BDS'),
('MAN', 'BFS'),
('MAN', 'BGY'),
('MAN', 'BLQ'),
('MAN', 'BTS'),
('MAN', 'BUD'),
('MAN', 'BVA'),
('MAN', 'BZR'),
('MAN', 'CAG'),
('MAN', 'CCF'),
('MAN', 'CFU'),
('MAN', 'CGN'),
('MAN', 'CHQ'),
('MAN', 'CIA'),
('MAN', 'CRL'),
('MAN', 'DUB'),
('MAN', 'EIN'),
('MAN', 'FAO'),
('MAN', 'FCO'),
('MAN', 'FRA'),
('MAN', 'FUE'),
('MAN', 'GDN'),
('MAN', 'GRO'),
('MAN', 'HAM'),
('MAN', 'IBZ'),
('MAN', 'KRK'),
('MAN', 'LEI'),
('MAN', 'LIG'),
('MAN', 'LIS'),
('MAN', 'LPA'),
('MAN', 'MAD'),
('MAN', 'MJV'),
('MAN', 'MLA'),
('MAN', 'NAP'),
('MAN', 'NUE'),
('MAN', 'OPO'),
('MAN', 'PDL'),
('MAN', 'PMI'),
('MAN', 'PMO'),
('MAN', 'REU'),
('MAN', 'RHO'),
('MAN', 'RIX'),
('MAN', 'RYG'),
('MAN', 'RZE'),
('MAN', 'SNN'),
('MAN', 'STR'),
('MAN', 'SVQ'),
('MAN', 'SXF'),
('MAN', 'TFS'),
('MAN', 'TRF'),
('MAN', 'TSF'),
('MAN', 'VLC'),
('MAN', 'WMI'),
('MAN', 'WRO'),
('MAN', 'ZAD'),
('MIA', 'MAD'),
('MJV', 'BHX'),
('MJV', 'BOH'),
('MJV', 'DUB'),
('MJV', 'EIN'),
('MJV', 'EMA'),
('MJV', 'FRA'),
('MJV', 'LBA'),
('MJV', 'LTN'),
('MJV', 'MAN'),
('MJV', 'PIK'),
('MJV', 'STN'),
('MLA', 'ABZ'),
('MLA', 'ATH'),
('MLA', 'BCN'),
('MLA', 'BDS'),
('MLA', 'BFS'),
('MLA', 'BGY'),
('MLA', 'BHX'),
('MLA', 'BLL'),
('MLA', 'BLQ'),
('MLA', 'BOH'),
('MLA', 'BRI'),
('MLA', 'BRS'),
('MLA', 'BRU'),
('MLA', 'BTS'),
('MLA', 'BUD'),
('MLA', 'BVA'),
('MLA', 'CGN'),
('MLA', 'CIA'),
('MLA', 'CRL'),
('MLA', 'CTA'),
('MLA', 'DUB'),
('MLA', 'EDI'),
('MLA', 'EIN'),
('MLA', 'EMA'),
('MLA', 'FCO'),
('MLA', 'FKB'),
('MLA', 'GDN'),
('MLA', 'GOT'),
('MLA', 'GRO'),
('MLA', 'GSE'),
('MLA', 'KRK'),
('MLA', 'LBA'),
('MLA', 'LPL'),
('MLA', 'LTN'),
('MLA', 'MAD'),
('MLA', 'MAN'),
('MLA', 'MRS'),
('MLA', 'NAP'),
('MLA', 'NRN'),
('MLA', 'NUE'),
('MLA', 'NYO'),
('MLA', 'OPO'),
('MLA', 'PIK'),
('MLA', 'POZ'),
('MLA', 'PSA'),
('MLA', 'PSR'),
('MLA', 'RIX'),
('MLA', 'RYG'),
('MLA', 'STN'),
('MLA', 'SVQ'),
('MLA', 'SXF'),
('MLA', 'TLL'),
('MLA', 'TLS'),
('MLA', 'TPS'),
('MLA', 'TRN'),
('MLA', 'TSF'),
('MLA', 'VCE'),
('MLA', 'VLC'),
('MLA', 'VNO'),
('MLA', 'WRO'),
('MMX', 'KRK'),
('MPL', 'CRL'),
('MPL', 'HHN'),
('MPL', 'LBA'),
('MRS', 'AGP'),
('MRS', 'BES'),
('MRS', 'BUD'),
('MRS', 'CHQ'),
('MRS', 'CIA'),
('MRS', 'CRL'),
('MRS', 'CTA'),
('MRS', 'EDI'),
('MRS', 'EIN'),
('MRS', 'FAO'),
('MRS', 'FCO'),
('MRS', 'FEZ'),
('MRS', 'FRA'),
('MRS', 'GSE'),
('MRS', 'IBZ'),
('MRS', 'KRK'),
('MRS', 'LIL'),
('MRS', 'LIS'),
('MRS', 'MAD'),
('MRS', 'MLA'),
('MRS', 'NDR'),
('MRS', 'NTE'),
('MRS', 'OPO'),
('MRS', 'OTP'),
('MRS', 'OUD'),
('MRS', 'PIS'),
('MRS', 'PMI'),
('MRS', 'PMO'),
('MRS', 'RAK'),
('MRS', 'RBA'),
('MRS', 'STN'),
('MRS', 'SVQ'),
('MRS', 'TNG'),
('MRS', 'TUF'),
('MRS', 'VLC'),
('MRS', 'ZAD'),
('MST', 'ALC'),
('MST', 'BRI'),
('MST', 'GRO'),
('MUC', 'DUB'),
('MUC', 'PMI'),
('MVD', 'MAD'),
('MXP', 'ALC'),
('MXP', 'BRU'),
('MXP', 'CIY'),
('MXP', 'CTA'),
('MXP', 'EIN'),
('MXP', 'KTW'),
('MXP', 'KUN'),
('MXP', 'LPA'),
('MXP', 'LPL'),
('MXP', 'OPO'),
('MXP', 'OTP'),
('MXP', 'PMO'),
('MXP', 'SOF'),
('MXP', 'STN'),
('MXP', 'SUF'),
('MXP', 'SVQ'),
('MXP', 'TFS'),
('MXP', 'TXL'),
('MXP', 'VLC'),
('NAP', 'BCN'),
('NAP', 'BGY'),
('NAP', 'BLQ'),
('NAP', 'BRE'),
('NAP', 'BUD'),
('NAP', 'CPH'),
('NAP', 'CRL'),
('NAP', 'DUB'),
('NAP', 'EIN'),
('NAP', 'EMA'),
('NAP', 'GDN'),
('NAP', 'HHN'),
('NAP', 'KRK'),
('NAP', 'KUN'),
('NAP', 'LIS'),
('NAP', 'MAD'),
('NAP', 'MAN'),
('NAP', 'MLA'),
('NAP', 'NYO'),
('NAP', 'OPO'),
('NAP', 'RAK'),
('NAP', 'SKG'),
('NAP', 'STN'),
('NAP', 'SVQ'),
('NAP', 'TLS'),
('NAP', 'TSF'),
('NAP', 'VCE'),
('NAP', 'VLC'),
('NAP', 'WMI'),
('NAP', 'WRO'),
('NCE', 'DUB'),
('NCE', 'STN'),
('NCL', 'ACE'),
('NCL', 'AGP'),
('NCL', 'ALC'),
('NCL', 'DUB'),
('NCL', 'FAO'),
('NCL', 'GDN'),
('NCL', 'GRO'),
('NCL', 'MAD'),
('NCL', 'PMI'),
('NCL', 'TFS'),
('NCL', 'WMI'),
('NCL', 'WRO'),
('NDR', 'BCN'),
('NDR', 'BVA'),
('NDR', 'CRL'),
('NDR', 'HHN'),
('NDR', 'MRS'),
('NDR', 'NRN'),
('NOC', 'ACE'),
('NOC', 'AGP'),
('NOC', 'ALC'),
('NOC', 'BGY'),
('NOC', 'BRS'),
('NOC', 'EMA'),
('NOC', 'FAO'),
('NOC', 'GRO'),
('NOC', 'LPL'),
('NOC', 'LTN'),
('NOC', 'STN'),
('NOC', 'TFS'),
('NQY', 'ALC'),
('NQY', 'FAO'),
('NQY', 'HHN'),
('NRN', 'ACE'),
('NRN', 'AGA'),
('NRN', 'AGP'),
('NRN', 'ALC'),
('NRN', 'AOI'),
('NRN', 'BGY'),
('NRN', 'BLQ'),
('NRN', 'BOJ'),
('NRN', 'BRI'),
('NRN', 'BZG'),
('NRN', 'BZR'),
('NRN', 'CAG'),
('NRN', 'CFU'),
('NRN', 'CHQ'),
('NRN', 'CIA'),
('NRN', 'CIY'),
('NRN', 'EDI'),
('NRN', 'FAO'),
('NRN', 'FEZ'),
('NRN', 'FUE'),
('NRN', 'GRO'),
('NRN', 'IBZ'),
('NRN', 'INI'),
('NRN', 'LPA'),
('NRN', 'LTN'),
('NRN', 'LWO'),
('NRN', 'MLA'),
('NRN', 'NDR'),
('NRN', 'NYO'),
('NRN', 'OMR'),
('NRN', 'OPO'),
('NRN', 'OUD'),
('NRN', 'PMI'),
('NRN', 'PMO'),
('NRN', 'PSA'),
('NRN', 'PSR'),
('NRN', 'RAK'),
('NRN', 'RBA'),
('NRN', 'SDR'),
('NRN', 'SKG'),
('NRN', 'STN'),
('NRN', 'SUF'),
('NRN', 'TFS'),
('NRN', 'TLL'),
('NRN', 'TLV'),
('NRN', 'TNG'),
('NRN', 'TSR'),
('NRN', 'VDA'),
('NRN', 'VLC'),
('NRN', 'VXO'),
('NRN', 'ZAD'),
('NTE', 'DUB'),
('NTE', 'EDI'),
('NTE', 'FEZ'),
('NTE', 'MRS'),
('NTE', 'STN'),
('NTE', 'SVQ'),
('NUE', 'AGP'),
('NUE', 'ALC'),
('NUE', 'BDS'),
('NUE', 'BGY'),
('NUE', 'BRI'),
('NUE', 'BUD'),
('NUE', 'CIA'),
('NUE', 'KRK'),
('NUE', 'MAD'),
('NUE', 'MAN'),
('NUE', 'MLA'),
('NUE', 'OPO'),
('NUE', 'PMI'),
('NUE', 'PMO'),
('NUE', 'RAK'),
('NUE', 'SKG'),
('NUE', 'STN'),
('NUE', 'VNO'),
('NUE', 'VRN'),
('NYO', 'AGP'),
('NYO', 'ALC'),
('NYO', 'BCN'),
('NYO', 'BDS'),
('NYO', 'BGY'),
('NYO', 'BIQ'),
('NYO', 'BRE'),
('NYO', 'BVA'),
('NYO', 'BZR'),
('NYO', 'CHQ'),
('NYO', 'CIA'),
('NYO', 'CRL'),
('NYO', 'EDI'),
('NYO', 'EIN'),
('NYO', 'FAO'),
('NYO', 'FMM'),
('NYO', 'GDN'),
('NYO', 'GRO'),
('NYO', 'INI'),
('NYO', 'KBP'),
('NYO', 'KRK'),
('NYO', 'LPA'),
('NYO', 'MLA'),
('NYO', 'NAP'),
('NYO', 'NRN'),
('NYO', 'PFO'),
('NYO', 'PMI'),
('NYO', 'PSA'),
('NYO', 'RHO'),
('NYO', 'RJK'),
('NYO', 'SKG'),
('NYO', 'SOF'),
('NYO', 'STN'),
('NYO', 'TFS'),
('NYO', 'TGD'),
('NYO', 'TSF'),
('NYO', 'VCE'),
('NYO', 'WMI'),
('NYO', 'ZAD'),
('OMR', 'BGY'),
('OMR', 'EIN'),
('OMR', 'FMM'),
('OMR', 'GRO'),
('OMR', 'NRN'),
('OMR', 'STN'),
('OPO', 'BCN'),
('OPO', 'BGY'),
('OPO', 'BHX'),
('OPO', 'BLQ'),
('OPO', 'BOD'),
('OPO', 'BRE'),
('OPO', 'BRU'),
('OPO', 'BVA'),
('OPO', 'CAG'),
('OPO', 'CCF'),
('OPO', 'CFE'),
('OPO', 'CGN'),
('OPO', 'CIA'),
('OPO', 'CPH'),
('OPO', 'CRL'),
('OPO', 'DLE'),
('OPO', 'DTM'),
('OPO', 'DUB'),
('OPO', 'EBU'),
('OPO', 'EDI'),
('OPO', 'EIN'),
('OPO', 'FAO'),
('OPO', 'FKB'),
('OPO', 'FMM'),
('OPO', 'FRA'),
('OPO', 'HAM'),
('OPO', 'HHN'),
('OPO', 'KRK'),
('OPO', 'LIL'),
('OPO', 'LIS'),
('OPO', 'LPA'),
('OPO', 'LPL'),
('OPO', 'LRH'),
('OPO', 'LRT'),
('OPO', 'LUX'),
('OPO', 'MAD'),
('OPO', 'MAN'),
('OPO', 'MLA'),
('OPO', 'MRS'),
('OPO', 'MXP'),
('OPO', 'NAP'),
('OPO', 'NRN'),
('OPO', 'NUE'),
('OPO', 'PDL'),
('OPO', 'PIS'),
('OPO', 'PMI'),
('OPO', 'RAK'),
('OPO', 'STN'),
('OPO', 'SVQ'),
('OPO', 'SXB'),
('OPO', 'SXF'),
('OPO', 'TER'),
('OPO', 'TFS'),
('OPO', 'TUF'),
('OPO', 'VLC'),
('OPO', 'WMI'),
('OPO', 'XCR'),
('ORK', 'ACE'),
('ORK', 'AGP'),
('ORK', 'ALC'),
('ORK', 'BGY'),
('ORK', 'BOD'),
('ORK', 'CCF'),
('ORK', 'FAO'),
('ORK', 'GDN'),
('ORK', 'GRO'),
('ORK', 'LGW'),
('ORK', 'LPA'),
('ORK', 'LPL'),
('ORK', 'PMI'),
('ORK', 'REU'),
('ORK', 'SDR'),
('ORK', 'STN'),
('ORK', 'TFS'),
('ORK', 'WRO'),
('OSL', 'STN'),
('OSL', 'VNO'),
('OSR', 'BGY'),
('OSR', 'STN'),
('OTP', 'AMM'),
('OTP', 'ATH'),
('OTP', 'BGY'),
('OTP', 'BLQ'),
('OTP', 'BRS'),
('OTP', 'CIA'),
('OTP', 'CRL'),
('OTP', 'DUB'),
('OTP', 'MAD'),
('OTP', 'MRS'),
('OTP', 'MXP'),
('OTP', 'PFO'),
('OTP', 'PMO'),
('OTP', 'STN'),
('OTP', 'SXF'),
('OTP', 'TSR'),
('OUD', 'BVA'),
('OUD', 'CRL'),
('OUD', 'MRS'),
('OUD', 'NRN'),
('PDL', 'HHN'),
('PDL', 'LIS'),
('PDL', 'MAN'),
('PDL', 'OPO'),
('PDL', 'STN'),
('PDV', 'BGY'),
('PDV', 'CRL'),
('PDV', 'HHN'),
('PDV', 'STN'),
('PED', 'ALC'),
('PED', 'STN'),
('PEG', 'CRL'),
('PEG', 'CTA'),
('PEG', 'FRA'),
('PEG', 'STN'),
('PEG', 'TPS'),
('PFO', 'AMM'),
('PFO', 'BGY'),
('PFO', 'BOH'),
('PFO', 'BTS'),
('PFO', 'BUD'),
('PFO', 'CHQ'),
('PFO', 'CIA'),
('PFO', 'DUB'),
('PFO', 'KRK'),
('PFO', 'KUN'),
('PFO', 'LPL'),
('PFO', 'NYO'),
('PFO', 'OTP'),
('PFO', 'RIX'),
('PFO', 'SKG'),
('PFO', 'SOF'),
('PFO', 'STN'),
('PFO', 'TLL'),
('PFO', 'TLV'),
('PFO', 'VIE'),
('PGF', 'BHX'),
('PGF', 'CRL'),
('PGF', 'FRA'),
('PGF', 'RAK'),
('PGF', 'STN'),
('PIK', 'ACE'),
('PIK', 'AGP'),
('PIK', 'ALC'),
('PIK', 'BCN'),
('PIK', 'CFU'),
('PIK', 'CIA'),
('PIK', 'FAO'),
('PIK', 'FUE'),
('PIK', 'GRO'),
('PIK', 'IBZ'),
('PIK', 'LPA'),
('PIK', 'MJV'),
('PIK', 'MLA'),
('PIK', 'PMI'),
('PIK', 'PSA'),
('PIK', 'REU'),
('PIK', 'RZE'),
('PIK', 'TFS'),
('PIS', 'DUB'),
('PIS', 'EDI'),
('PIS', 'MRS'),
('PIS', 'OPO'),
('PIS', 'RAK'),
('PIS', 'STN'),
('PLQ', 'GLA'),
('PLQ', 'STN'),
('PMF', 'CAG'),
('PMF', 'TPS'),
('PMI', 'AGP'),
('PMI', 'BCN'),
('PMI', 'BGY'),
('PMI', 'BHX'),
('PMI', 'BLL'),
('PMI', 'BLQ'),
('PMI', 'BOH'),
('PMI', 'BRE'),
('PMI', 'BRS'),
('PMI', 'BRU'),
('PMI', 'BSL'),
('PMI', 'BTS'),
('PMI', 'BVA'),
('PMI', 'CGN'),
('PMI', 'CIA'),
('PMI', 'CRL'),
('PMI', 'DTM'),
('PMI', 'DUB'),
('PMI', 'DUS'),
('PMI', 'EDI'),
('PMI', 'EIN'),
('PMI', 'EMA'),
('PMI', 'FKB'),
('PMI', 'FMM'),
('PMI', 'FMO'),
('PMI', 'FRA'),
('PMI', 'GOT'),
('PMI', 'GRZ'),
('PMI', 'GSE'),
('PMI', 'HAJ'),
('PMI', 'HAM'),
('PMI', 'HHN'),
('PMI', 'INN'),
('PMI', 'KRK'),
('PMI', 'KUN'),
('PMI', 'LBA'),
('PMI', 'LNZ'),
('PMI', 'LPL'),
('PMI', 'LUX'),
('PMI', 'MAD'),
('PMI', 'MAN'),
('PMI', 'MRS'),
('PMI', 'MUC'),
('PMI', 'NCL'),
('PMI', 'NRN'),
('PMI', 'NUE'),
('PMI', 'NYO'),
('PMI', 'OPO'),
('PMI', 'ORK'),
('PMI', 'PAD'),
('PMI', 'PIK'),
('PMI', 'RYG'),
('PMI', 'SCQ'),
('PMI', 'SDR'),
('PMI', 'SNN'),
('PMI', 'STN'),
('PMI', 'STR'),
('PMI', 'SVQ'),
('PMI', 'SXB'),
('PMI', 'SXF'),
('PMI', 'SZG'),
('PMI', 'TXL'),
('PMI', 'VIE'),
('PMI', 'VLC'),
('PMI', 'VLL'),
('PMI', 'WMI'),
('PMI', 'WRO'),
('PMI', 'ZAZ'),
('PMI', 'ZRH'),
('PMO', 'ATH'),
('PMO', 'BGY'),
('PMO', 'BLQ'),
('PMO', 'BUD'),
('PMO', 'BVA'),
('PMO', 'CGN'),
('PMO', 'CRL'),
('PMO', 'DUB'),
('PMO', 'FCO'),
('PMO', 'FMM'),
('PMO', 'MAD'),
('PMO', 'MAN'),
('PMO', 'MRS'),
('PMO', 'MXP'),
('PMO', 'NRN'),
('PMO', 'NUE'),
('PMO', 'OTP'),
('PMO', 'PSA'),
('PMO', 'STN'),
('PMO', 'SXF'),
('PMO', 'TRN'),
('PMO', 'TSF'),
('PMO', 'VCE'),
('PMO', 'VLC'),
('PMO', 'VRN'),
('PMO', 'WRO'),
('POZ', 'ALC'),
('POZ', 'ATH'),
('POZ', 'BGY'),
('POZ', 'BLL'),
('POZ', 'BRS'),
('POZ', 'CDT'),
('POZ', 'CFU'),
('POZ', 'DUB'),
('POZ', 'EDI'),
('POZ', 'GRO'),
('POZ', 'KBP'),
('POZ', 'LPL'),
('POZ', 'MAD'),
('POZ', 'MLA'),
('POZ', 'RYG'),
('POZ', 'STN'),
('POZ', 'TLV'),
('POZ', 'TRF'),
('POZ', 'VDA'),
('PRG', 'AGP'),
('PRG', 'AMM'),
('PRG', 'BCN'),
('PRG', 'BGY'),
('PRG', 'BLQ'),
('PRG', 'BUD'),
('PRG', 'BVA'),
('PRG', 'CIA'),
('PRG', 'CRL'),
('PRG', 'DUB'),
('PRG', 'EDI'),
('PRG', 'EIN'),
('PRG', 'KRK'),
('PRG', 'LPL'),
('PRG', 'MAD'),
('PRG', 'PSA'),
('PRG', 'RAK'),
('PRG', 'STN'),
('PRG', 'TPS'),
('PRG', 'VDA'),
('PSA', 'AHO'),
('PSA', 'BDS'),
('PSA', 'BLL'),
('PSA', 'BRI'),
('PSA', 'BUD'),
('PSA', 'BVA'),
('PSA', 'CAG'),
('PSA', 'CFU'),
('PSA', 'CHQ'),
('PSA', 'CIY'),
('PSA', 'CRL'),
('PSA', 'CRV'),
('PSA', 'CTA'),
('PSA', 'DUB'),
('PSA', 'EDI'),
('PSA', 'EFL'),
('PSA', 'EIN'),
('PSA', 'EMA'),
('PSA', 'FEZ'),
('PSA', 'FRA'),
('PSA', 'FUE'),
('PSA', 'GDN'),
('PSA', 'GOT'),
('PSA', 'GRO'),
('PSA', 'GSE'),
('PSA', 'HHN'),
('PSA', 'IBZ'),
('PSA', 'KRK'),
('PSA', 'LBA'),
('PSA', 'LIS'),
('PSA', 'LPA'),
('PSA', 'LPL'),
('PSA', 'MAD'),
('PSA', 'MLA'),
('PSA', 'NRN'),
('PSA', 'NYO'),
('PSA', 'PIK'),
('PSA', 'PMO'),
('PSA', 'PRG'),
('PSA', 'RAK'),
('PSA', 'RHO'),
('PSA', 'SOF'),
('PSA', 'STN'),
('PSA', 'SUF'),
('PSA', 'SVQ'),
('PSA', 'SXF'),
('PSA', 'TFS'),
('PSA', 'TPS'),
('PSA', 'VIE'),
('PSA', 'VLC'),
('PSA', 'WMI'),
('PSR', 'BGY'),
('PSR', 'CPH'),
('PSR', 'CRL'),
('PSR', 'GRO'),
('PSR', 'HHN'),
('PSR', 'KRK'),
('PSR', 'MLA'),
('PSR', 'NRN'),
('PSR', 'STN'),
('PSR', 'WMI'),
('PUJ', 'MAD'),
('PUY', 'CRL'),
('PUY', 'FRA'),
('PUY', 'HHN'),
('PUY', 'RYG'),
('PUY', 'STN'),
('PUY', 'TXL'),
('RAK', 'ATH'),
('RAK', 'BCN'),
('RAK', 'BGY'),
('RAK', 'BRU'),
('RAK', 'BUD'),
('RAK', 'BVA'),
('RAK', 'CGN'),
('RAK', 'CIA'),
('RAK', 'CRL'),
('RAK', 'CTA'),
('RAK', 'DLE'),
('RAK', 'DUB'),
('RAK', 'EIN'),
('RAK', 'FKB'),
('RAK', 'FMM'),
('RAK', 'FNI'),
('RAK', 'HAM'),
('RAK', 'HHN'),
('RAK', 'KRK'),
('RAK', 'LPL'),
('RAK', 'LTN'),
('RAK', 'MAD'),
('RAK', 'MRS'),
('RAK', 'NAP'),
('RAK', 'NRN'),
('RAK', 'NUE'),
('RAK', 'OPO'),
('RAK', 'PGF'),
('RAK', 'PIS'),
('RAK', 'PRG'),
('RAK', 'PSA'),
('RAK', 'SDR'),
('RAK', 'STN'),
('RAK', 'SVQ'),
('RAK', 'SXF'),
('RAK', 'TSF'),
('RAK', 'TUF'),
('RAK', 'VLC'),
('RAK', 'XCR'),
('RBA', 'BVA'),
('RBA', 'CIA'),
('RBA', 'CRL'),
('RBA', 'EIN'),
('RBA', 'GRO'),
('RBA', 'MAD'),
('RBA', 'MRS'),
('RBA', 'NRN'),
('RBA', 'STN'),
('RBA', 'SVQ'),
('RDZ', 'CRL'),
('RDZ', 'DUB'),
('REU', 'BHX'),
('REU', 'BRS'),
('REU', 'CRL'),
('REU', 'DUB'),
('REU', 'EIN'),
('REU', 'EMA'),
('REU', 'HHN'),
('REU', 'LPL'),
('REU', 'MAN'),
('REU', 'ORK'),
('REU', 'PIK'),
('REU', 'SNN'),
('REU', 'STN'),
('RHO', 'ATH'),
('RHO', 'BGY'),
('RHO', 'BLQ'),
('RHO', 'CRL'),
('RHO', 'DUS'),
('RHO', 'EMA'),
('RHO', 'KUN'),
('RHO', 'LPL'),
('RHO', 'MAN'),
('RHO', 'NYO'),
('RHO', 'PSA'),
('RHO', 'STN'),
('RHO', 'TXL'),
('RHO', 'ZRH'),
('RIX', 'BGY'),
('RIX', 'BOJ'),
('RIX', 'BRE'),
('RIX', 'CGN'),
('RIX', 'CRL'),
('RIX', 'DUB'),
('RIX', 'EDI'),
('RIX', 'EIN'),
('RIX', 'EMA'),
('RIX', 'GLA'),
('RIX', 'GRO'),
('RIX', 'HHN'),
('RIX', 'LBA'),
('RIX', 'MAN'),
('RIX', 'MLA'),
('RIX', 'PFO'),
('RIX', 'RYG'),
('RIX', 'STN'),
('RIX', 'SXF'),
('RJK', 'CRL'),
('RJK', 'FRA'),
('RJK', 'NYO'),
('RJK', 'RYG'),
('RJK', 'STN'),
('RJK', 'TXL'),
('RMI', 'KUN'),
('RMI', 'STN'),
('RMI', 'WMI'),
('RZE', 'ATH'),
('RZE', 'BOJ'),
('RZE', 'BRS'),
('RZE', 'CFU'),
('RZE', 'DUB'),
('RZE', 'EMA'),
('RZE', 'LTN'),
('RZE', 'MAN'),
('RZE', 'PIK'),
('RZE', 'RYG'),
('RZE', 'STN'),
('RZE', 'SXF'),
('SAP', 'MAD'),
('SCQ', 'ACE'),
('SCQ', 'AGP'),
('SCQ', 'ALC'),
('SCQ', 'BCN'),
('SCQ', 'BGY'),
('SCQ', 'HHN'),
('SCQ', 'LPA'),
('SCQ', 'MAD'),
('SCQ', 'PMI'),
('SCQ', 'STN'),
('SCQ', 'SVQ'),
('SCQ', 'TFS'),
('SCQ', 'VLC'),
('SDQ', 'MAD'),
('SDR', 'ACE'),
('SDR', 'AGP'),
('SDR', 'BCN'),
('SDR', 'BGY'),
('SDR', 'BUD'),
('SDR', 'CIA'),
('SDR', 'CRL'),
('SDR', 'DUB'),
('SDR', 'EDI'),
('SDR', 'NRN'),
('SDR', 'ORK'),
('SDR', 'PMI'),
('SDR', 'RAK'),
('SDR', 'SNN'),
('SDR', 'STN'),
('SDR', 'SXF'),
('SDR', 'TFS'),
('SDR', 'VLC'),
('SJU', 'MAD'),
('SKG', 'ATH'),
('SKG', 'BGY'),
('SKG', 'BLQ'),
('SKG', 'BRE'),
('SKG', 'BTS'),
('SKG', 'BUD'),
('SKG', 'BVA'),
('SKG', 'CHQ'),
('SKG', 'CIA'),
('SKG', 'CPH'),
('SKG', 'CRL'),
('SKG', 'DTM'),
('SKG', 'EIN'),
('SKG', 'FKB'),
('SKG', 'FMM'),
('SKG', 'GOT'),
('SKG', 'GRO'),
('SKG', 'HAM'),
('SKG', 'HHN'),
('SKG', 'NAP'),
('SKG', 'NRN'),
('SKG', 'NUE'),
('SKG', 'NYO'),
('SKG', 'PFO'),
('SKG', 'RYG'),
('SKG', 'STN'),
('SKG', 'SXF'),
('SKG', 'WMI'),
('SNN', 'ACE'),
('SNN', 'AGP'),
('SNN', 'ALC'),
('SNN', 'BRS'),
('SNN', 'FAO'),
('SNN', 'FCO'),
('SNN', 'FUE'),
('SNN', 'KRK'),
('SNN', 'KUN'),
('SNN', 'LGW'),
('SNN', 'LPL'),
('SNN', 'MAN'),
('SNN', 'PMI'),
('SNN', 'REU'),
('SNN', 'SDR'),
('SNN', 'STN'),
('SNN', 'SXF'),
('SNN', 'TFS'),
('SNN', 'WMI'),
('SNN', 'WRO'),
('SOF', 'AQJ'),
('SOF', 'ATH'),
('SOF', 'BCN'),
('SOF', 'BHX'),
('SOF', 'CDT'),
('SOF', 'CGN'),
('SOF', 'CIA'),
('SOF', 'CRL'),
('SOF', 'DUB'),
('SOF', 'EDI'),
('SOF', 'EIN'),
('SOF', 'FKB'),
('SOF', 'FMM'),
('SOF', 'GLA'),
('SOF', 'HAM'),
('SOF', 'LPL'),
('SOF', 'MAD'),
('SOF', 'MXP'),
('SOF', 'NYO'),
('SOF', 'PFO'),
('SOF', 'PSA'),
('SOF', 'STN'),
('SOF', 'SXF'),
('SOF', 'TSF'),
('SOF', 'VCE'),
('SSA', 'MAD'),
('STN', 'AAL'),
('STN', 'AAR'),
('STN', 'ACE'),
('STN', 'AGA'),
('STN', 'AGP'),
('STN', 'AHO'),
('STN', 'ALC'),
('STN', 'AOI'),
('STN', 'ATH'),
('STN', 'BCN'),
('STN', 'BDS'),
('STN', 'BFS'),
('STN', 'BGY'),
('STN', 'BIQ'),
('STN', 'BLL'),
('STN', 'BLQ'),
('STN', 'BOD'),
('STN', 'BRE'),
('STN', 'BRI'),
('STN', 'BRQ'),
('STN', 'BSL'),
('STN', 'BTS'),
('STN', 'BUD'),
('STN', 'BVE'),
('STN', 'BZG'),
('STN', 'BZR'),
('STN', 'CAG'),
('STN', 'CCF'),
('STN', 'CDT'),
('STN', 'CFE'),
('STN', 'CFU'),
('STN', 'CGN'),
('STN', 'CHQ'),
('STN', 'CIA'),
('STN', 'CIY'),
('STN', 'CPH'),
('STN', 'DNR'),
('STN', 'DOL'),
('STN', 'DTM'),
('STN', 'DUB'),
('STN', 'EDI'),
('STN', 'EFL'),
('STN', 'EGC'),
('STN', 'EIN'),
('STN', 'FAO'),
('STN', 'FCO'),
('STN', 'FEZ'),
('STN', 'FKB'),
('STN', 'FMM'),
('STN', 'FNI'),
('STN', 'FRA'),
('STN', 'FUE'),
('STN', 'GDN'),
('STN', 'GLA'),
('STN', 'GNB'),
('STN', 'GOA'),
('STN', 'GOT'),
('STN', 'GRO'),
('STN', 'GSE'),
('STN', 'HAM'),
('STN', 'HHN'),
('STN', 'IBZ'),
('STN', 'KBP'),
('STN', 'KIR'),
('STN', 'KRK'),
('STN', 'KTW'),
('STN', 'KUN'),
('STN', 'LCJ'),
('STN', 'LDE'),
('STN', 'LEI'),
('STN', 'LEJ'),
('STN', 'LIG'),
('STN', 'LIS'),
('STN', 'LNZ'),
('STN', 'LPA'),
('STN', 'LRH'),
('STN', 'LRT'),
('STN', 'LUX'),
('STN', 'LUZ'),
('STN', 'LWO'),
('STN', 'MAD'),
('STN', 'MJV'),
('STN', 'MLA'),
('STN', 'MRS'),
('STN', 'MXP'),
('STN', 'NAP'),
('STN', 'NCE'),
('STN', 'NOC'),
('STN', 'NRN'),
('STN', 'NTE'),
('STN', 'NUE'),
('STN', 'NYO'),
('STN', 'OMR'),
('STN', 'OPO'),
('STN', 'ORK'),
('STN', 'OSL'),
('STN', 'OSR'),
('STN', 'OTP'),
('STN', 'PDL'),
('STN', 'PDV'),
('STN', 'PED'),
('STN', 'PEG'),
('STN', 'PFO'),
('STN', 'PGF'),
('STN', 'PIS'),
('STN', 'PLQ'),
('STN', 'PMI'),
('STN', 'PMO'),
('STN', 'POZ'),
('STN', 'PRG'),
('STN', 'PSA'),
('STN', 'PSR'),
('STN', 'PUY'),
('STN', 'RAK'),
('STN', 'RBA'),
('STN', 'REU'),
('STN', 'RHO'),
('STN', 'RIX'),
('STN', 'RJK'),
('STN', 'RMI'),
('STN', 'RYG'),
('STN', 'RZE'),
('STN', 'SCQ'),
('STN', 'SDR'),
('STN', 'SKG'),
('STN', 'SNN'),
('STN', 'SOF'),
('STN', 'SUF'),
('STN', 'SVQ'),
('STN', 'SXB'),
('STN', 'SXF'),
('STN', 'SZG'),
('STN', 'SZY'),
('STN', 'SZZ'),
('STN', 'TFS'),
('STN', 'TGD'),
('STN', 'TLL'),
('STN', 'TLS'),
('STN', 'TRF'),
('STN', 'TRN'),
('STN', 'TRS'),
('STN', 'TSF'),
('STN', 'TSR'),
('STN', 'TUF'),
('STN', 'VCE'),
('STN', 'VLC'),
('STN', 'VNO'),
('STN', 'VRN'),
('STN', 'VST'),
('STN', 'WMI'),
('STN', 'WRO'),
('STN', 'XRY'),
('STN', 'ZAD'),
('STN', 'ZAZ'),
('STR', 'DUB'),
('STR', 'MAN'),
('STR', 'PMI'),
('SUF', 'BGY'),
('SUF', 'BLQ'),
('SUF', 'CRL'),
('SUF', 'FKB'),
('SUF', 'HAM'),
('SUF', 'HHN'),
('SUF', 'KRK'),
('SUF', 'MAD'),
('SUF', 'MXP'),
('SUF', 'NRN'),
('SUF', 'PSA'),
('SUF', 'STN'),
('SUF', 'TSF'),
('SUF', 'VCE'),
('SUF', 'ZRH'),
('SVQ', 'ACE'),
('SVQ', 'ALC'),
('SVQ', 'BCN'),
('SVQ', 'BDS'),
('SVQ', 'BGY'),
('SVQ', 'BLQ'),
('SVQ', 'BOD'),
('SVQ', 'BRI'),
('SVQ', 'BRS'),
('SVQ', 'BVA'),
('SVQ', 'CAG'),
('SVQ', 'CGN'),
('SVQ', 'CIA'),
('SVQ', 'CPH'),
('SVQ', 'CRL'),
('SVQ', 'CTA'),
('SVQ', 'DUB'),
('SVQ', 'EDI'),
('SVQ', 'EIN'),
('SVQ', 'EMA'),
('SVQ', 'FCO'),
('SVQ', 'FEZ'),
('SVQ', 'FKB'),
('SVQ', 'FMM'),
('SVQ', 'FRA'),
('SVQ', 'FUE'),
('SVQ', 'HAM'),
('SVQ', 'IBZ'),
('SVQ', 'KRK'),
('SVQ', 'LPA'),
('SVQ', 'LUX'),
('SVQ', 'MAN'),
('SVQ', 'MLA'),
('SVQ', 'MRS'),
('SVQ', 'MXP'),
('SVQ', 'NAP'),
('SVQ', 'NTE'),
('SVQ', 'OPO'),
('SVQ', 'PMI'),
('SVQ', 'PSA'),
('SVQ', 'RAK'),
('SVQ', 'RBA'),
('SVQ', 'SCQ'),
('SVQ', 'STN'),
('SVQ', 'SXF'),
('SVQ', 'TFS'),
('SVQ', 'TLS'),
('SVQ', 'TNG'),
('SVQ', 'TSF'),
('SVQ', 'VIT'),
('SVQ', 'VLC'),
('SVQ', 'VLL'),
('SVQ', 'VRN'),
('SVQ', 'WMI'),
('SXB', 'OPO'),
('SXB', 'PMI'),
('SXB', 'STN'),
('SXF', 'ACE'),
('SXF', 'AGP'),
('SXF', 'ALC'),
('SXF', 'ATH'),
('SXF', 'BCN'),
('SXF', 'BFS'),
('SXF', 'BGY'),
('SXF', 'BLL'),
('SXF', 'BLQ'),
('SXF', 'BRI'),
('SXF', 'BRU'),
('SXF', 'BTS'),
('SXF', 'BUD'),
('SXF', 'CGN'),
('SXF', 'CIA'),
('SXF', 'CTA'),
('SXF', 'DUB'),
('SXF', 'EDI'),
('SXF', 'EMA'),
('SXF', 'FAO'),
('SXF', 'FUE'),
('SXF', 'GLA'),
('SXF', 'INI'),
('SXF', 'KBP'),
('SXF', 'KIR'),
('SXF', 'KRK'),
('SXF', 'LIS'),
('SXF', 'LPA'),
('SXF', 'MAD'),
('SXF', 'MAN'),
('SXF', 'MLA'),
('SXF', 'OPO'),
('SXF', 'OTP'),
('SXF', 'PMI'),
('SXF', 'PMO'),
('SXF', 'PSA'),
('SXF', 'RAK'),
('SXF', 'RIX'),
('SXF', 'RZE'),
('SXF', 'SDR'),
('SXF', 'SKG'),
('SXF', 'SNN'),
('SXF', 'SOF'),
('SXF', 'STN'),
('SXF', 'SVQ'),
('SXF', 'TFS'),
('SXF', 'TGD'),
('SXF', 'TLS'),
('SXF', 'TLV'),
('SXF', 'TSF'),
('SXF', 'TSR'),
('SXF', 'VCE'),
('SXF', 'VDA'),
('SXF', 'VLC'),
('SXF', 'VNO'),
('SXF', 'VRN'),
('SXF', 'ZAD'),
('SZG', 'DUB'),
('SZG', 'PMI'),
('SZG', 'STN'),
('SZY', 'STN'),
('SZZ', 'DUB'),
('SZZ', 'EDI'),
('SZZ', 'LPL'),
('SZZ', 'RYG'),
('SZZ', 'STN'),
('SZZ', 'WAW'),
('TER', 'LIS'),
('TER', 'OPO'),
('TFN', 'BCN'),
('TFN', 'MAD'),
('TFS', 'BCN'),
('TFS', 'BFS'),
('TFS', 'BGY'),
('TFS', 'BHX'),
('TFS', 'BLQ'),
('TFS', 'BOH'),
('TFS', 'BRE'),
('TFS', 'BRS'),
('TFS', 'BVA'),
('TFS', 'CGN'),
('TFS', 'CPH'),
('TFS', 'CRL'),
('TFS', 'CWL'),
('TFS', 'DUB'),
('TFS', 'DUS'),
('TFS', 'EDI'),
('TFS', 'EIN'),
('TFS', 'EMA'),
('TFS', 'FKB'),
('TFS', 'FMM'),
('TFS', 'FRA'),
('TFS', 'HHN'),
('TFS', 'KRK'),
('TFS', 'LBA'),
('TFS', 'LPL'),
('TFS', 'LTN'),
('TFS', 'MAD'),
('TFS', 'MAN'),
('TFS', 'MXP'),
('TFS', 'NCL'),
('TFS', 'NOC'),
('TFS', 'NRN'),
('TFS', 'NYO'),
('TFS', 'OPO'),
('TFS', 'ORK'),
('TFS', 'PIK'),
('TFS', 'PSA'),
('TFS', 'SCQ'),
('TFS', 'SDR'),
('TFS', 'SNN'),
('TFS', 'STN'),
('TFS', 'SVQ'),
('TFS', 'SXF'),
('TFS', 'TRF'),
('TFS', 'TSF'),
('TFS', 'TXL'),
('TFS', 'VCE'),
('TFS', 'VIT'),
('TFS', 'VLC'),
('TFS', 'WMI'),
('TFS', 'WRO');
INSERT INTO `route` (`iata_dep`, `iata_arr`) VALUES
('TGD', 'CRL'),
('TGD', 'NYO'),
('TGD', 'STN'),
('TGD', 'SXF'),
('TGD', 'WRO'),
('TLL', 'BGY'),
('TLL', 'BRE'),
('TLL', 'DUB'),
('TLL', 'EDI'),
('TLL', 'GRO'),
('TLL', 'MLA'),
('TLL', 'NRN'),
('TLL', 'PFO'),
('TLL', 'RYG'),
('TLL', 'STN'),
('TLS', 'CRL'),
('TLS', 'EDI'),
('TLS', 'FEZ'),
('TLS', 'FRA'),
('TLS', 'LIS'),
('TLS', 'MAD'),
('TLS', 'MLA'),
('TLS', 'NAP'),
('TLS', 'STN'),
('TLS', 'SVQ'),
('TLS', 'SXF'),
('TLS', 'WMI'),
('TLV', 'BGY'),
('TLV', 'BOJ'),
('TLV', 'BRE'),
('TLV', 'BUD'),
('TLV', 'CRL'),
('TLV', 'FCO'),
('TLV', 'FKB'),
('TLV', 'GDN'),
('TLV', 'HHN'),
('TLV', 'KRK'),
('TLV', 'KUN'),
('TLV', 'MAD'),
('TLV', 'NRN'),
('TLV', 'PFO'),
('TLV', 'POZ'),
('TLV', 'SXF'),
('TLV', 'WMI'),
('TLV', 'WRO'),
('TMP', 'BRE'),
('TMP', 'BUD'),
('TNG', 'BGY'),
('TNG', 'BVA'),
('TNG', 'CRL'),
('TNG', 'EIN'),
('TNG', 'HHN'),
('TNG', 'MAD'),
('TNG', 'MRS'),
('TNG', 'NRN'),
('TNG', 'SVQ'),
('TNG', 'VLC'),
('TPS', 'AOI'),
('TPS', 'BGY'),
('TPS', 'BLQ'),
('TPS', 'CAG'),
('TPS', 'CRL'),
('TPS', 'CUF'),
('TPS', 'EIN'),
('TPS', 'FCO'),
('TPS', 'FKB'),
('TPS', 'GOA'),
('TPS', 'GRO'),
('TPS', 'HHN'),
('TPS', 'KRK'),
('TPS', 'KUN'),
('TPS', 'MLA'),
('TPS', 'PEG'),
('TPS', 'PMF'),
('TPS', 'PRG'),
('TPS', 'PSA'),
('TPS', 'TRS'),
('TPS', 'WMI'),
('TRF', 'AGP'),
('TRF', 'ALC'),
('TRF', 'BGY'),
('TRF', 'GDN'),
('TRF', 'HAM'),
('TRF', 'KRK'),
('TRF', 'LPA'),
('TRF', 'MAN'),
('TRF', 'POZ'),
('TRF', 'STN'),
('TRF', 'TFS'),
('TRF', 'WMI'),
('TRF', 'WRO'),
('TRN', 'BCN'),
('TRN', 'BDS'),
('TRN', 'BRI'),
('TRN', 'CIY'),
('TRN', 'CRL'),
('TRN', 'CTA'),
('TRN', 'DUB'),
('TRN', 'IBZ'),
('TRN', 'MLA'),
('TRN', 'PMO'),
('TRN', 'STN'),
('TRN', 'VLC'),
('TRS', 'BRI'),
('TRS', 'CIA'),
('TRS', 'CTA'),
('TRS', 'STN'),
('TRS', 'TPS'),
('TRS', 'VLC'),
('TSF', 'AGP'),
('TSF', 'BCN'),
('TSF', 'BDS'),
('TSF', 'BRE'),
('TSF', 'BRI'),
('TSF', 'BRU'),
('TSF', 'BUD'),
('TSF', 'BVA'),
('TSF', 'CAG'),
('TSF', 'CFU'),
('TSF', 'CGN'),
('TSF', 'CHQ'),
('TSF', 'CRL'),
('TSF', 'CTA'),
('TSF', 'DUB'),
('TSF', 'EDI'),
('TSF', 'EIN'),
('TSF', 'EMA'),
('TSF', 'FRA'),
('TSF', 'HAM'),
('TSF', 'HHN'),
('TSF', 'IBZ'),
('TSF', 'KRK'),
('TSF', 'LBA'),
('TSF', 'LPA'),
('TSF', 'MAN'),
('TSF', 'MLA'),
('TSF', 'NAP'),
('TSF', 'NYO'),
('TSF', 'PMO'),
('TSF', 'RAK'),
('TSF', 'SOF'),
('TSF', 'STN'),
('TSF', 'SUF'),
('TSF', 'SVQ'),
('TSF', 'SXF'),
('TSF', 'TFS'),
('TSF', 'VLC'),
('TSF', 'VNO'),
('TSF', 'WMI'),
('TSR', 'BGY'),
('TSR', 'CRL'),
('TSR', 'HHN'),
('TSR', 'NRN'),
('TSR', 'OTP'),
('TSR', 'STN'),
('TSR', 'SXF'),
('TUF', 'DUB'),
('TUF', 'MRS'),
('TUF', 'OPO'),
('TUF', 'RAK'),
('TUF', 'STN'),
('VAR', 'CRL'),
('VCE', 'BCN'),
('VCE', 'BRS'),
('VCE', 'CRL'),
('VCE', 'CTA'),
('VCE', 'DUB'),
('VCE', 'EIN'),
('VCE', 'EMA'),
('VCE', 'FRA'),
('VCE', 'HAM'),
('VCE', 'HHN'),
('VCE', 'IBZ'),
('VCE', 'KRK'),
('VCE', 'LBA'),
('VCE', 'MLA'),
('VCE', 'NAP'),
('VCE', 'NYO'),
('VCE', 'PMO'),
('VCE', 'SOF'),
('VCE', 'STN'),
('VCE', 'SUF'),
('VCE', 'SXF'),
('VCE', 'TFS'),
('VCE', 'VLC'),
('VDA', 'BGY'),
('VDA', 'BRE'),
('VDA', 'BTS'),
('VDA', 'BUD'),
('VDA', 'CRL'),
('VDA', 'FKB'),
('VDA', 'GDN'),
('VDA', 'HHN'),
('VDA', 'KRK'),
('VDA', 'KUN'),
('VDA', 'NRN'),
('VDA', 'POZ'),
('VDA', 'PRG'),
('VDA', 'SXF'),
('VDA', 'WMI'),
('VGO', 'BCN'),
('VGO', 'BGY'),
('VGO', 'BLQ'),
('VGO', 'DUB'),
('VGO', 'EDI'),
('VIT', 'BGY'),
('VIT', 'CGN'),
('VIT', 'SVQ'),
('VIT', 'TFS'),
('VLC', 'ACE'),
('VLC', 'BDS'),
('VLC', 'BGY'),
('VLC', 'BLQ'),
('VLC', 'BOD'),
('VLC', 'BRI'),
('VLC', 'BRS'),
('VLC', 'BRU'),
('VLC', 'BUD'),
('VLC', 'BVA'),
('VLC', 'CAG'),
('VLC', 'CGN'),
('VLC', 'CIA'),
('VLC', 'CPH'),
('VLC', 'CRA'),
('VLC', 'CRL'),
('VLC', 'DUB'),
('VLC', 'EDI'),
('VLC', 'EIN'),
('VLC', 'EMA'),
('VLC', 'FEZ'),
('VLC', 'FRA'),
('VLC', 'GLA'),
('VLC', 'HAM'),
('VLC', 'HHN'),
('VLC', 'IBZ'),
('VLC', 'KRK'),
('VLC', 'LPA'),
('VLC', 'MAH'),
('VLC', 'MAN'),
('VLC', 'MLA'),
('VLC', 'MRS'),
('VLC', 'MXP'),
('VLC', 'NAP'),
('VLC', 'NRN'),
('VLC', 'OPO'),
('VLC', 'PMI'),
('VLC', 'PMO'),
('VLC', 'PSA'),
('VLC', 'RAK'),
('VLC', 'SCQ'),
('VLC', 'SDR'),
('VLC', 'STN'),
('VLC', 'SVQ'),
('VLC', 'SXF'),
('VLC', 'TFS'),
('VLC', 'TNG'),
('VLC', 'TRN'),
('VLC', 'TRS'),
('VLC', 'TSF'),
('VLC', 'VCE'),
('VLC', 'WMI'),
('VLC', 'ZAD'),
('VLL', 'ACE'),
('VLL', 'BCN'),
('VLL', 'PMI'),
('VLL', 'SVQ'),
('VNO', 'AMM'),
('VNO', 'ATH'),
('VNO', 'BCN'),
('VNO', 'BGY'),
('VNO', 'BHX'),
('VNO', 'BRE'),
('VNO', 'BVA'),
('VNO', 'CFU'),
('VNO', 'CGN'),
('VNO', 'CHQ'),
('VNO', 'CIA'),
('VNO', 'CRL'),
('VNO', 'DUB'),
('VNO', 'HHN'),
('VNO', 'KBP'),
('VNO', 'LBA'),
('VNO', 'LPL'),
('VNO', 'LTN'),
('VNO', 'MAD'),
('VNO', 'MLA'),
('VNO', 'NUE'),
('VNO', 'OSL'),
('VNO', 'RYG'),
('VNO', 'STN'),
('VNO', 'SXF'),
('VNO', 'TSF'),
('VRN', 'BDS'),
('VRN', 'BHX'),
('VRN', 'CAG'),
('VRN', 'CRL'),
('VRN', 'HAM'),
('VRN', 'MAD'),
('VRN', 'NUE'),
('VRN', 'PMO'),
('VRN', 'STN'),
('VRN', 'SVQ'),
('VRN', 'SXF'),
('VST', 'AGP'),
('VST', 'ALC'),
('VST', 'STN'),
('VVI', 'MAD'),
('VXO', 'ALC'),
('VXO', 'GDN'),
('VXO', 'NRN'),
('WAW', 'GDN'),
('WAW', 'SZZ'),
('WAW', 'WRO'),
('WMI', 'AGP'),
('WMI', 'ALC'),
('WMI', 'AMM'),
('WMI', 'ATH'),
('WMI', 'BCN'),
('WMI', 'BFS'),
('WMI', 'BGY'),
('WMI', 'BHX'),
('WMI', 'BLQ'),
('WMI', 'BOJ'),
('WMI', 'BRS'),
('WMI', 'BVA'),
('WMI', 'CAG'),
('WMI', 'CFU'),
('WMI', 'CGN'),
('WMI', 'CHQ'),
('WMI', 'CIA'),
('WMI', 'CRL'),
('WMI', 'DUB'),
('WMI', 'EDI'),
('WMI', 'EIN'),
('WMI', 'EMA'),
('WMI', 'FAO'),
('WMI', 'FKB'),
('WMI', 'FMM'),
('WMI', 'FUE'),
('WMI', 'GLA'),
('WMI', 'GOT'),
('WMI', 'KBP'),
('WMI', 'LBA'),
('WMI', 'LIS'),
('WMI', 'LPA'),
('WMI', 'LPL'),
('WMI', 'LWO'),
('WMI', 'MAD'),
('WMI', 'MAN'),
('WMI', 'NAP'),
('WMI', 'NCL'),
('WMI', 'NYO'),
('WMI', 'OPO'),
('WMI', 'PMI'),
('WMI', 'PSA'),
('WMI', 'PSR'),
('WMI', 'RMI'),
('WMI', 'RYG'),
('WMI', 'SKG'),
('WMI', 'SNN'),
('WMI', 'STN'),
('WMI', 'SVQ'),
('WMI', 'TFS'),
('WMI', 'TLS'),
('WMI', 'TLV'),
('WMI', 'TPS'),
('WMI', 'TRF'),
('WMI', 'TSF'),
('WMI', 'VDA'),
('WMI', 'VLC'),
('WRO', 'AGP'),
('WRO', 'ALC'),
('WRO', 'ATH'),
('WRO', 'BFS'),
('WRO', 'BGY'),
('WRO', 'BLQ'),
('WRO', 'BRS'),
('WRO', 'BVA'),
('WRO', 'CHQ'),
('WRO', 'CIA'),
('WRO', 'CRL'),
('WRO', 'DUB'),
('WRO', 'EDI'),
('WRO', 'EMA'),
('WRO', 'FAO'),
('WRO', 'GDN'),
('WRO', 'GLA'),
('WRO', 'GRO'),
('WRO', 'KBP'),
('WRO', 'LBA'),
('WRO', 'LIS'),
('WRO', 'LPL'),
('WRO', 'MAD'),
('WRO', 'MAN'),
('WRO', 'MLA'),
('WRO', 'NAP'),
('WRO', 'NCL'),
('WRO', 'ORK'),
('WRO', 'PMI'),
('WRO', 'PMO'),
('WRO', 'RYG'),
('WRO', 'SNN'),
('WRO', 'STN'),
('WRO', 'TFS'),
('WRO', 'TGD'),
('WRO', 'TLV'),
('WRO', 'TRF'),
('WRO', 'WAW'),
('XCR', 'OPO'),
('XCR', 'RAK'),
('XRY', 'BCN'),
('XRY', 'HHN'),
('XRY', 'STN'),
('ZAD', 'BRE'),
('ZAD', 'BRS'),
('ZAD', 'BVA'),
('ZAD', 'CPH'),
('ZAD', 'CRL'),
('ZAD', 'DUB'),
('ZAD', 'FKB'),
('ZAD', 'FMM'),
('ZAD', 'FRA'),
('ZAD', 'GLA'),
('ZAD', 'GOT'),
('ZAD', 'GSE'),
('ZAD', 'HHN'),
('ZAD', 'MAN'),
('ZAD', 'MRS'),
('ZAD', 'NRN'),
('ZAD', 'NYO'),
('ZAD', 'RYG'),
('ZAD', 'STN'),
('ZAD', 'SXF'),
('ZAZ', 'ACE'),
('ZAZ', 'BGY'),
('ZAZ', 'BVA'),
('ZAZ', 'CRL'),
('ZAZ', 'PMI'),
('ZAZ', 'STN');

-- --------------------------------------------------------

--
-- Table structure for table `track`
--

CREATE TABLE `track` (
  `id` int(11) NOT NULL,
  `id_request` int(11) DEFAULT NULL,
  `fetch_date` date NOT NULL,
  `departure_datetime` datetime NOT NULL,
  `arrival_datetime` datetime NOT NULL,
  `value` decimal(10,2) NOT NULL
) ENGINE=InnoDB DEFAULT CHARSET=utf8mb4;

--
-- Dumping data for table `track`
--

INSERT INTO `track` (`id`, `id_request`, `fetch_date`, `departure_datetime`, `arrival_datetime`, `value`) VALUES
(60, 5, '2018-04-04', '2018-04-09 11:50:00', '2018-04-09 13:00:00', '82.61'),
(61, 6, '2018-04-04', '2018-04-09 22:15:00', '2018-04-09 23:59:00', '82.61'),
(62, 7, '2018-04-04', '2018-04-09 21:55:00', '2018-04-09 23:30:00', '270.29'),
(63, 8, '2018-04-04', '2018-04-09 13:40:00', '2018-04-09 16:40:00', '45.67'),
(64, 9, '2018-04-04', '2018-04-09 06:20:00', '2018-04-09 07:50:00', '113.21'),
(65, 11, '2018-04-04', '2018-04-09 17:40:00', '2018-04-09 19:40:00', '27.73'),
(66, 12, '2018-04-04', '2018-04-09 15:40:00', '2018-04-09 17:20:00', '22.02'),
(67, 13, '2018-04-04', '2018-04-09 16:40:00', '2018-04-09 17:55:00', '111.17'),
(68, 14, '2018-04-04', '2018-04-09 10:40:00', '2018-04-09 11:55:00', '135.65'),
(69, 5, '2018-04-05', '2018-04-10 06:30:00', '2018-04-10 07:40:00', '82.61'),
(70, 6, '2018-04-05', '2018-04-10 22:15:00', '2018-04-10 23:59:00', '69.35'),
(71, 8, '2018-04-05', '2018-04-10 16:00:00', '2018-04-10 19:00:00', '27.02'),
(72, 9, '2018-04-05', '2018-04-10 14:00:00', '2018-04-10 15:30:00', '62.01'),
(73, 11, '2018-04-05', '2018-04-10 14:50:00', '2018-04-10 16:50:00', '22.84'),
(74, 12, '2018-04-05', '2018-04-10 16:00:00', '2018-04-10 17:40:00', '9.99'),
(75, 5, '2018-04-06', '2018-04-11 11:50:00', '2018-04-11 13:00:00', '69.35'),
(76, 6, '2018-04-06', '2018-04-11 22:15:00', '2018-04-11 23:59:00', '98.93'),
(77, 8, '2018-04-06', '2018-04-11 20:05:00', '2018-04-11 23:05:00', '23.30'),
(78, 9, '2018-04-06', '2018-04-11 10:50:00', '2018-04-11 12:20:00', '113.21'),
(79, 11, '2018-04-06', '2018-04-11 13:00:00', '2018-04-11 15:00:00', '22.84'),
(80, 13, '2018-04-06', '2018-04-11 07:05:00', '2018-04-11 08:20:00', '35.08'),
(81, 14, '2018-04-06', '2018-04-11 10:45:00', '2018-04-11 12:00:00', '78.53'),
(82, 15, '2018-04-06', '2018-04-11 06:30:00', '2018-04-11 08:10:00', '12.99'),
(83, 5, '2018-04-07', '2018-04-12 06:30:00', '2018-04-12 07:40:00', '168.29'),
(84, 6, '2018-04-07', '2018-04-12 08:25:00', '2018-04-12 10:10:00', '250.91'),
(85, 7, '2018-04-07', '2018-04-12 10:05:00', '2018-04-12 11:40:00', '115.25'),
(86, 8, '2018-04-07', '2018-04-12 08:05:00', '2018-04-12 11:05:00', '27.02'),
(87, 9, '2018-04-07', '2018-04-12 06:20:00', '2018-04-12 07:50:00', '135.65'),
(88, 11, '2018-04-07', '2018-04-12 14:50:00', '2018-04-12 16:50:00', '9.99'),
(89, 12, '2018-04-07', '2018-04-12 15:55:00', '2018-04-12 17:35:00', '12.99'),
(90, 15, '2018-04-07', '2018-04-12 06:30:00', '2018-04-12 08:10:00', '14.99'),
(91, 5, '2018-04-08', '2018-04-13 06:30:00', '2018-04-13 07:40:00', '119.33'),
(92, 6, '2018-04-08', '2018-04-13 22:15:00', '2018-04-13 23:59:00', '98.93'),
(93, 7, '2018-04-08', '2018-04-13 10:05:00', '2018-04-13 11:40:00', '115.25'),
(94, 8, '2018-04-08', '2018-04-13 08:05:00', '2018-04-13 11:05:00', '35.65'),
(95, 9, '2018-04-08', '2018-04-13 06:20:00', '2018-04-13 07:50:00', '113.21'),
(96, 11, '2018-04-08', '2018-04-13 07:50:00', '2018-04-13 09:50:00', '85.67'),
(97, 13, '2018-04-08', '2018-04-13 16:45:00', '2018-04-13 18:00:00', '240.71'),
(98, 14, '2018-04-08', '2018-04-13 10:45:00', '2018-04-13 12:00:00', '135.65'),
(99, 15, '2018-04-08', '2018-04-13 06:30:00', '2018-04-13 08:10:00', '32.12'),
(100, 5, '2018-04-09', '2018-04-14 11:50:00', '2018-04-14 13:00:00', '168.29'),
(101, 6, '2018-04-09', '2018-04-14 22:15:00', '2018-04-14 23:59:00', '69.35'),
(102, 7, '2018-04-09', '2018-04-14 21:55:00', '2018-04-14 23:30:00', '69.35'),
(103, 8, '2018-04-09', '2018-04-14 20:05:00', '2018-04-14 23:05:00', '27.02'),
(104, 9, '2018-04-09', '2018-04-14 18:40:00', '2018-04-14 20:10:00', '160.13'),
(105, 11, '2018-04-09', '2018-04-14 15:15:00', '2018-04-14 17:15:00', '59.15'),
(106, 12, '2018-04-09', '2018-04-14 15:40:00', '2018-04-14 17:20:00', '98.93'),
(107, 14, '2018-04-09', '2018-04-14 10:45:00', '2018-04-14 12:00:00', '66.29'),
(108, 15, '2018-04-09', '2018-04-14 06:30:00', '2018-04-14 08:10:00', '23.65'),
(109, 5, '2018-04-10', '2018-04-15 06:30:00', '2018-04-15 07:40:00', '119.33'),
(110, 6, '2018-04-10', '2018-04-15 14:15:00', '2018-04-15 16:00:00', '69.35'),
(111, 8, '2018-04-10', '2018-04-15 08:05:00', '2018-04-15 11:05:00', '23.30'),
(112, 9, '2018-04-10', '2018-04-15 06:20:00', '2018-04-15 07:50:00', '135.65'),
(113, 11, '2018-04-10', '2018-04-15 07:50:00', '2018-04-15 09:50:00', '37.63'),
(114, 14, '2018-04-10', '2018-04-15 10:45:00', '2018-04-15 12:00:00', '135.65'),
(115, 15, '2018-04-10', '2018-04-15 06:30:00', '2018-04-15 08:10:00', '23.65'),
(116, 5, '2018-04-11', '2018-04-16 14:25:00', '2018-04-16 15:35:00', '141.77'),
(117, 6, '2018-04-11', '2018-04-16 22:15:00', '2018-04-16 23:59:00', '98.93'),
(118, 8, '2018-04-11', '2018-04-16 08:05:00', '2018-04-16 11:05:00', '23.30'),
(119, 9, '2018-04-11', '2018-04-16 10:50:00', '2018-04-16 12:20:00', '160.13'),
(120, 11, '2018-04-11', '2018-04-16 17:40:00', '2018-04-16 19:40:00', '22.84'),
(121, 12, '2018-04-11', '2018-04-16 15:40:00', '2018-04-16 17:20:00', '58.13'),
(122, 13, '2018-04-11', '2018-04-16 16:40:00', '2018-04-16 17:55:00', '132.59'),
(123, 14, '2018-04-11', '2018-04-16 10:40:00', '2018-04-16 11:55:00', '78.53'),
(124, 15, '2018-04-11', '2018-04-16 06:30:00', '2018-04-16 08:10:00', '23.65'),
(125, 5, '2018-04-12', '2018-04-17 18:30:00', '2018-04-17 19:40:00', '98.93'),
(126, 6, '2018-04-12', '2018-04-17 22:15:00', '2018-04-17 23:59:00', '82.61'),
(127, 8, '2018-04-12', '2018-04-17 16:00:00', '2018-04-17 19:00:00', '23.30'),
(128, 9, '2018-04-12', '2018-04-17 06:20:00', '2018-04-17 07:50:00', '50.58'),
(129, 11, '2018-04-12', '2018-04-17 07:50:00', '2018-04-17 09:50:00', '27.73'),
(130, 12, '2018-04-12', '2018-04-17 16:00:00', '2018-04-17 17:40:00', '82.61'),
(131, 15, '2018-04-12', '2018-04-17 06:30:00', '2018-04-17 08:10:00', '14.99'),
(132, 5, '2018-04-13', '2018-04-18 06:30:00', '2018-04-18 07:40:00', '82.61'),
(133, 6, '2018-04-13', '2018-04-18 08:25:00', '2018-04-18 10:10:00', '250.91'),
(134, 7, '2018-04-13', '2018-04-18 21:55:00', '2018-04-18 23:30:00', '219.29'),
(135, 8, '2018-04-13', '2018-04-18 16:00:00', '2018-04-18 19:00:00', '19.41'),
(136, 9, '2018-04-13', '2018-04-18 06:20:00', '2018-04-18 07:50:00', '41.61'),
(137, 11, '2018-04-13', '2018-04-18 13:00:00', '2018-04-18 15:00:00', '59.15'),
(138, 13, '2018-04-13', '2018-04-18 07:05:00', '2018-04-18 08:20:00', '12.99'),
(139, 14, '2018-04-13', '2018-04-18 10:45:00', '2018-04-18 12:00:00', '21.21'),
(140, 15, '2018-04-13', '2018-04-18 06:30:00', '2018-04-18 08:10:00', '14.99'),
(141, 5, '2018-04-14', '2018-04-19 11:50:00', '2018-04-19 13:00:00', '119.33'),
(142, 6, '2018-04-14', '2018-04-19 08:25:00', '2018-04-19 10:10:00', '250.91'),
(143, 7, '2018-04-14', '2018-04-19 10:05:00', '2018-04-19 11:40:00', '270.29'),
(144, 8, '2018-04-14', '2018-04-19 08:05:00', '2018-04-19 11:05:00', '38.22'),
(145, 9, '2018-04-14', '2018-04-19 18:40:00', '2018-04-19 20:10:00', '41.61'),
(146, 11, '2018-04-14', '2018-04-19 10:25:00', '2018-04-19 12:25:00', '256.01'),
(147, 12, '2018-04-14', '2018-04-19 15:55:00', '2018-04-19 17:35:00', '250.91'),
(148, 15, '2018-04-14', '2018-04-19 06:30:00', '2018-04-19 08:10:00', '53.03'),
(149, 5, '2018-04-15', '2018-04-20 06:30:00', '2018-04-20 07:40:00', '141.77'),
(150, 7, '2018-04-15', '2018-04-20 10:05:00', '2018-04-20 11:40:00', '270.29'),
(151, 8, '2018-04-15', '2018-04-20 08:05:00', '2018-04-20 11:05:00', '43.00'),
(152, 9, '2018-04-15', '2018-04-20 10:50:00', '2018-04-20 12:20:00', '74.45'),
(153, 13, '2018-04-15', '2018-04-20 16:45:00', '2018-04-20 18:00:00', '158.09'),
(154, 14, '2018-04-15', '2018-04-20 10:45:00', '2018-04-20 12:00:00', '161.15'),
(155, 15, '2018-04-15', '2018-04-20 06:30:00', '2018-04-20 08:10:00', '240.71'),
(156, 5, '2018-04-16', '2018-04-21 14:25:00', '2018-04-21 15:35:00', '141.77'),
(157, 6, '2018-04-16', '2018-04-21 22:15:00', '2018-04-21 23:59:00', '168.29'),
(158, 7, '2018-04-16', '2018-04-21 21:55:00', '2018-04-21 23:30:00', '270.29'),
(159, 8, '2018-04-16', '2018-04-21 20:05:00', '2018-04-21 23:05:00', '23.30'),
(160, 9, '2018-04-16', '2018-04-21 18:40:00', '2018-04-21 20:10:00', '62.21'),
(161, 13, '2018-04-16', '2018-04-21 16:40:00', '2018-04-21 17:55:00', '53.03'),
(162, 14, '2018-04-16', '2018-04-21 10:45:00', '2018-04-21 12:00:00', '55.07'),
(163, 15, '2018-04-16', '2018-04-21 06:30:00', '2018-04-21 08:10:00', '240.71'),
(164, 5, '2018-04-17', '2018-04-22 06:30:00', '2018-04-22 07:40:00', '199.91'),
(165, 6, '2018-04-17', '2018-04-22 14:15:00', '2018-04-22 16:00:00', '250.91'),
(166, 7, '2018-04-17', '2018-04-22 21:55:00', '2018-04-22 23:30:00', '270.29'),
(167, 8, '2018-04-17', '2018-04-22 08:05:00', '2018-04-22 11:05:00', '23.30'),
(168, 9, '2018-04-17', '2018-04-22 06:20:00', '2018-04-22 07:50:00', '62.21'),
(169, 11, '2018-04-17', '2018-04-22 07:50:00', '2018-04-22 09:50:00', '256.01'),
(170, 14, '2018-04-17', '2018-04-22 10:45:00', '2018-04-22 12:00:00', '192.77'),
(171, 15, '2018-04-17', '2018-04-22 06:30:00', '2018-04-22 08:10:00', '240.71'),
(172, 5, '2018-04-18', '2018-04-23 14:25:00', '2018-04-23 15:35:00', '199.91'),
(173, 6, '2018-04-18', '2018-04-23 14:15:00', '2018-04-23 16:00:00', '250.91'),
(174, 7, '2018-04-18', '2018-04-23 21:55:00', '2018-04-23 23:30:00', '349.99'),
(175, 8, '2018-04-18', '2018-04-23 20:05:00', '2018-04-23 23:05:00', '23.30'),
(176, 12, '2018-04-18', '2018-04-23 15:40:00', '2018-04-23 17:20:00', '250.91'),
(177, 13, '2018-04-18', '2018-04-23 16:40:00', '2018-04-23 17:55:00', '240.71'),
(178, 14, '2018-04-18', '2018-04-23 10:40:00', '2018-04-23 11:55:00', '192.77'),
(179, 6, '2018-04-19', '2018-04-24 14:15:00', '2018-04-24 16:00:00', '250.91'),
(180, 5, '2018-04-20', '2018-04-25 18:30:00', '2018-04-25 19:40:00', '119.33'),
(181, 6, '2018-04-20', '2018-04-25 22:15:00', '2018-04-25 23:59:00', '168.29'),
(182, 5, '2018-04-21', '2018-04-26 11:50:00', '2018-04-26 13:00:00', '98.93'),
(183, 6, '2018-04-21', '2018-04-26 14:15:00', '2018-04-26 16:00:00', '168.29'),
(184, 5, '2018-04-22', '2018-04-27 06:30:00', '2018-04-27 07:40:00', '141.77'),
(185, 6, '2018-04-22', '2018-04-27 22:15:00', '2018-04-27 23:59:00', '250.91'),
(186, 5, '2018-04-23', '2018-04-28 14:25:00', '2018-04-28 15:35:00', '98.93'),
(187, 6, '2018-04-23', '2018-04-28 14:15:00', '2018-04-28 16:00:00', '119.33'),
(188, 11, '2018-04-23', '2018-04-28 15:15:00', '2018-04-28 17:15:00', '256.01'),
(218, 6, '2018-04-25', '2018-04-30 22:15:00', '2018-04-30 23:59:00', '141.77'),
(219, 9, '2018-04-25', '2018-04-30 18:40:00', '2018-04-30 20:10:00', '89.75'),
(220, 13, '2018-04-25', '2018-04-30 16:40:00', '2018-04-30 17:55:00', '158.09'),
(222, 5, '2018-04-25', '2018-04-30 18:30:00', '2018-04-30 19:40:00', '26.92'),
(223, 7, '2018-04-25', '2018-04-30 21:55:00', '2018-04-30 23:30:00', '96.89'),
(224, 8, '2018-04-25', '2018-04-30 13:40:00', '2018-04-30 16:40:00', '165.48'),
(226, 11, '2018-04-25', '2018-04-30 17:40:00', '2018-04-30 19:40:00', '44.97'),
(227, 12, '2018-04-25', '2018-04-30 15:40:00', '2018-04-30 17:20:00', '22.02'),
(229, 14, '2018-04-25', '2018-04-30 10:40:00', '2018-04-30 11:55:00', '25.29'),
(230, 15, '2018-04-25', '2018-04-30 06:30:00', '2018-04-30 08:10:00', '111.17'),
(231, 5, '2018-04-26', '2018-05-01 18:30:00', '2018-05-01 19:40:00', '16.99'),
(232, 6, '2018-04-26', '2018-05-01 08:25:00', '2018-05-01 10:10:00', '69.35'),
(233, 7, '2018-04-26', '2018-05-01 10:05:00', '2018-05-01 11:40:00', '28.99'),
(234, 8, '2018-04-26', '2018-05-01 08:05:00', '2018-05-01 11:05:00', '165.48'),
(235, 9, '2018-04-26', '2018-05-01 10:50:00', '2018-05-01 12:20:00', '29.37'),
(236, 11, '2018-04-26', '2018-05-01 14:50:00', '2018-05-01 16:50:00', '21.99'),
(237, 12, '2018-04-26', '2018-05-01 16:00:00', '2018-05-01 17:40:00', '39.16'),
(238, 15, '2018-04-26', '2018-05-01 06:30:00', '2018-05-01 08:10:00', '28.55'),
(239, 5, '2018-04-27', '2018-05-02 14:25:00', '2018-05-02 15:35:00', '16.99'),
(240, 6, '2018-04-27', '2018-05-02 22:15:00', '2018-05-02 23:59:00', '22.02'),
(241, 7, '2018-04-27', '2018-05-02 21:55:00', '2018-05-02 23:30:00', '27.73'),
(242, 8, '2018-04-27', '2018-05-02 20:05:00', '2018-05-02 23:05:00', '138.68'),
(243, 9, '2018-04-27', '2018-05-02 06:20:00', '2018-05-02 07:50:00', '16.99'),
(244, 11, '2018-04-27', '2018-05-02 13:00:00', '2018-05-02 15:00:00', '27.73'),
(245, 13, '2018-04-27', '2018-05-02 07:05:00', '2018-05-02 08:20:00', '28.55'),
(246, 14, '2018-04-27', '2018-05-02 10:45:00', '2018-05-02 12:00:00', '30.18'),
(247, 15, '2018-04-27', '2018-05-02 06:30:00', '2018-05-02 08:10:00', '90.77'),
(248, 5, '2018-04-28', '2018-05-03 14:25:00', '2018-05-03 15:35:00', '26.92'),
(249, 6, '2018-04-28', '2018-05-03 14:15:00', '2018-05-03 16:00:00', '82.61'),
(250, 7, '2018-04-28', '2018-05-03 21:55:00', '2018-05-03 23:30:00', '33.45'),
(251, 8, '2018-04-28', '2018-05-03 16:00:00', '2018-05-03 19:00:00', '115.37'),
(252, 9, '2018-04-28', '2018-05-03 10:50:00', '2018-05-03 12:20:00', '29.37'),
(253, 11, '2018-04-28', '2018-05-03 14:50:00', '2018-05-03 16:50:00', '49.97'),
(254, 12, '2018-04-28', '2018-05-03 15:55:00', '2018-05-03 17:35:00', '26.92'),
(255, 15, '2018-04-28', '2018-05-03 06:30:00', '2018-05-03 08:10:00', '23.65'),
(256, 5, '2018-04-29', '2018-05-04 06:30:00', '2018-05-04 07:40:00', '22.02'),
(257, 6, '2018-04-29', '2018-05-04 08:25:00', '2018-05-04 10:10:00', '168.29'),
(258, 7, '2018-04-29', '2018-05-04 21:55:00', '2018-05-04 23:30:00', '37.63'),
(259, 8, '2018-04-29', '2018-05-04 08:05:00', '2018-05-04 11:05:00', '165.48'),
(260, 9, '2018-04-29', '2018-05-04 06:20:00', '2018-05-04 07:50:00', '33.04'),
(261, 11, '2018-04-29', '2018-05-04 07:50:00', '2018-05-04 09:50:00', '205.01'),
(262, 13, '2018-04-29', '2018-05-04 16:45:00', '2018-05-04 18:00:00', '19.57'),
(263, 14, '2018-04-29', '2018-05-04 10:45:00', '2018-05-04 12:00:00', '21.21'),
(264, 15, '2018-04-29', '2018-05-04 06:30:00', '2018-05-04 08:10:00', '19.57'),
(265, 5, '2018-04-30', '2018-05-05 14:25:00', '2018-05-05 15:35:00', '22.02'),
(266, 6, '2018-04-30', '2018-05-05 22:15:00', '2018-05-05 23:59:00', '36.71'),
(267, 7, '2018-04-30', '2018-05-05 10:05:00', '2018-05-05 11:40:00', '27.73'),
(268, 8, '2018-04-30', '2018-05-05 20:05:00', '2018-05-05 23:05:00', '68.33'),
(269, 9, '2018-04-30', '2018-05-05 18:40:00', '2018-05-05 20:10:00', '33.04'),
(270, 11, '2018-04-30', '2018-05-05 15:30:00', '2018-05-05 17:30:00', '59.15'),
(271, 12, '2018-04-30', '2018-05-05 15:40:00', '2018-05-05 17:20:00', '22.02'),
(272, 13, '2018-04-30', '2018-05-05 16:40:00', '2018-05-05 17:55:00', '19.57'),
(273, 14, '2018-04-30', '2018-05-05 10:45:00', '2018-05-05 12:00:00', '21.21'),
(274, 15, '2018-04-30', '2018-05-05 06:30:00', '2018-05-05 08:10:00', '19.57'),
(275, 5, '2018-05-01', '2018-05-06 06:30:00', '2018-05-06 07:40:00', '22.02'),
(276, 6, '2018-05-01', '2018-05-06 14:15:00', '2018-05-06 16:00:00', '48.95'),
(277, 7, '2018-05-01', '2018-05-06 10:15:00', '2018-05-06 11:50:00', '27.73'),
(278, 8, '2018-05-01', '2018-05-06 08:05:00', '2018-05-06 11:05:00', '35.43'),
(279, 9, '2018-05-01', '2018-05-06 06:20:00', '2018-05-06 07:50:00', '33.04'),
(280, 11, '2018-05-01', '2018-05-06 07:50:00', '2018-05-06 09:50:00', '59.15'),
(281, 14, '2018-05-01', '2018-05-06 10:45:00', '2018-05-06 12:00:00', '33.96'),
(282, 15, '2018-05-01', '2018-05-06 06:30:00', '2018-05-06 08:10:00', '19.57'),
(283, 5, '2018-05-02', '2018-05-07 06:30:00', '2018-05-07 07:40:00', '48.95'),
(284, 6, '2018-05-02', '2018-05-07 22:15:00', '2018-05-07 23:59:00', '30.28'),
(285, 7, '2018-05-02', '2018-05-07 10:05:00', '2018-05-07 11:40:00', '59.15'),
(286, 8, '2018-05-02', '2018-05-07 20:05:00', '2018-05-07 23:05:00', '47.48'),
(287, 9, '2018-05-02', '2018-05-07 06:20:00', '2018-05-07 07:50:00', '179.51'),
(288, 11, '2018-05-02', '2018-05-07 17:40:00', '2018-05-07 19:40:00', '34.67'),
(289, 12, '2018-05-02', '2018-05-07 15:40:00', '2018-05-07 17:20:00', '33.65'),
(290, 13, '2018-05-02', '2018-05-07 16:40:00', '2018-05-07 17:55:00', '90.77'),
(291, 14, '2018-05-02', '2018-05-07 10:40:00', '2018-05-07 11:55:00', '93.83'),
(292, 15, '2018-05-02', '2018-05-07 06:30:00', '2018-05-07 08:10:00', '29.57'),
(293, 5, '2018-05-03', '2018-05-08 11:50:00', '2018-05-08 13:00:00', '48.95'),
(294, 6, '2018-05-03', '2018-05-08 14:15:00', '2018-05-08 16:00:00', '30.28'),
(295, 7, '2018-05-03', '2018-05-08 21:55:00', '2018-05-08 23:30:00', '59.15'),
(296, 8, '2018-05-03', '2018-05-08 08:05:00', '2018-05-08 11:05:00', '30.22'),
(297, 11, '2018-05-03', '2018-05-08 07:50:00', '2018-05-08 09:50:00', '31.20'),
(298, 12, '2018-05-03', '2018-05-08 16:00:00', '2018-05-08 17:40:00', '40.79'),
(299, 15, '2018-05-03', '2018-05-08 06:30:00', '2018-05-08 08:10:00', '26.61'),
(300, 5, '2018-05-04', '2018-05-09 06:30:00', '2018-05-09 07:40:00', '30.28'),
(301, 6, '2018-05-04', '2018-05-09 22:15:00', '2018-05-09 23:59:00', '69.35'),
(302, 7, '2018-05-04', '2018-05-09 10:40:00', '2018-05-09 12:15:00', '59.15'),
(303, 8, '2018-05-04', '2018-05-09 08:05:00', '2018-05-09 11:05:00', '26.05'),
(304, 9, '2018-05-04', '2018-05-09 14:00:00', '2018-05-09 15:30:00', '33.04'),
(305, 11, '2018-05-04', '2018-05-09 13:00:00', '2018-05-09 15:00:00', '174.41'),
(306, 13, '2018-05-04', '2018-05-09 07:05:00', '2018-05-09 08:20:00', '26.61'),
(307, 5, '2018-05-05', '2018-05-10 06:30:00', '2018-05-10 07:40:00', '24.78'),
(308, 6, '2018-05-05', '2018-05-10 22:15:00', '2018-05-10 23:59:00', '58.13'),
(309, 7, '2018-05-05', '2018-05-10 21:55:00', '2018-05-10 23:30:00', '115.25'),
(310, 8, '2018-05-05', '2018-05-10 08:05:00', '2018-05-10 11:05:00', '30.22'),
(311, 9, '2018-05-05', '2018-05-10 06:20:00', '2018-05-10 07:50:00', '33.04'),
(312, 11, '2018-05-05', '2018-05-10 14:50:00', '2018-05-10 16:50:00', '256.01'),
(313, 12, '2018-05-05', '2018-05-10 15:55:00', '2018-05-10 17:35:00', '98.93'),
(314, 15, '2018-05-05', '2018-05-10 06:30:00', '2018-05-10 08:10:00', '90.77'),
(315, 5, '2018-05-06', '2018-05-11 06:30:00', '2018-05-11 07:40:00', '40.79'),
(316, 6, '2018-05-06', '2018-05-11 08:25:00', '2018-05-11 10:10:00', '82.61'),
(317, 7, '2018-05-06', '2018-05-11 21:55:00', '2018-05-11 23:30:00', '96.89'),
(318, 8, '2018-05-06', '2018-05-11 08:05:00', '2018-05-11 11:05:00', '39.37'),
(319, 9, '2018-05-06', '2018-05-11 06:20:00', '2018-05-11 07:50:00', '36.71'),
(320, 11, '2018-05-06', '2018-05-11 07:50:00', '2018-05-11 09:50:00', '256.01'),
(321, 13, '2018-05-06', '2018-05-11 16:45:00', '2018-05-11 18:00:00', '90.77'),
(322, 14, '2018-05-06', '2018-05-11 10:45:00', '2018-05-11 12:00:00', '37.73'),
(323, 15, '2018-05-06', '2018-05-11 06:30:00', '2018-05-11 08:10:00', '75.47'),
(324, 5, '2018-05-07', '2018-05-12 18:30:00', '2018-05-12 19:40:00', '40.79'),
(325, 6, '2018-05-07', '2018-05-12 22:15:00', '2018-05-12 23:59:00', '40.79'),
(326, 7, '2018-05-07', '2018-05-12 21:55:00', '2018-05-12 23:30:00', '81.59'),
(327, 8, '2018-05-07', '2018-05-12 20:05:00', '2018-05-12 23:05:00', '39.37'),
(328, 9, '2018-05-07', '2018-05-12 18:40:00', '2018-05-12 20:10:00', '43.85'),
(329, 11, '2018-05-07', '2018-05-12 15:30:00', '2018-05-12 17:30:00', '174.41'),
(330, 14, '2018-05-07', '2018-05-12 10:45:00', '2018-05-12 12:00:00', '66.29'),
(331, 15, '2018-05-07', '2018-05-12 06:30:00', '2018-05-12 08:10:00', '158.09'),
(332, 5, '2018-05-08', '2018-05-13 06:30:00', '2018-05-13 07:40:00', '33.65'),
(333, 6, '2018-05-08', '2018-05-13 08:25:00', '2018-05-13 10:10:00', '48.95'),
(334, 7, '2018-05-08', '2018-05-13 21:55:00', '2018-05-13 23:30:00', '219.29'),
(335, 8, '2018-05-08', '2018-05-13 08:05:00', '2018-05-13 11:05:00', '47.48'),
(336, 9, '2018-05-08', '2018-05-13 06:20:00', '2018-05-13 07:50:00', '62.21'),
(337, 11, '2018-05-08', '2018-05-13 07:50:00', '2018-05-13 09:50:00', '256.01'),
(338, 14, '2018-05-08', '2018-05-13 10:45:00', '2018-05-13 12:00:00', '66.29'),
(339, 15, '2018-05-08', '2018-05-13 06:30:00', '2018-05-13 08:10:00', '132.59'),
(340, 5, '2018-05-09', '2018-05-14 14:25:00', '2018-05-14 15:35:00', '44.05'),
(341, 6, '2018-05-09', '2018-05-14 22:15:00', '2018-05-14 23:59:00', '30.28'),
(342, 7, '2018-05-09', '2018-05-14 21:55:00', '2018-05-14 23:30:00', '81.59'),
(343, 8, '2018-05-09', '2018-05-14 20:05:00', '2018-05-14 23:05:00', '26.05'),
(344, 9, '2018-05-09', '2018-05-14 14:00:00', '2018-05-14 15:30:00', '211.13'),
(345, 11, '2018-05-09', '2018-05-14 17:40:00', '2018-05-14 19:40:00', '123.41'),
(346, 12, '2018-05-09', '2018-05-14 15:40:00', '2018-05-14 17:20:00', '98.93'),
(347, 13, '2018-05-09', '2018-05-14 16:40:00', '2018-05-14 17:55:00', '189.71'),
(348, 14, '2018-05-09', '2018-05-14 10:40:00', '2018-05-14 11:55:00', '135.65'),
(349, 15, '2018-05-09', '2018-05-14 06:30:00', '2018-05-14 08:10:00', '111.17'),
(350, 5, '2018-05-10', '2018-05-15 06:30:00', '2018-05-15 07:40:00', '14.99'),
(351, 6, '2018-05-10', '2018-05-15 22:15:00', '2018-05-15 23:59:00', '24.78'),
(352, 7, '2018-05-10', '2018-05-15 21:55:00', '2018-05-15 23:30:00', '53.23'),
(353, 8, '2018-05-10', '2018-05-15 13:40:00', '2018-05-15 16:40:00', '42.73'),
(354, 9, '2018-05-10', '2018-05-15 14:00:00', '2018-05-15 15:30:00', '62.21'),
(355, 11, '2018-05-10', '2018-05-15 14:50:00', '2018-05-15 16:50:00', '103.01'),
(356, 12, '2018-05-10', '2018-05-15 16:00:00', '2018-05-15 17:40:00', '24.78'),
(357, 15, '2018-05-10', '2018-05-15 06:30:00', '2018-05-15 08:10:00', '32.12'),
(358, 5, '2018-05-11', '2018-05-16 11:50:00', '2018-05-16 13:00:00', '14.99'),
(359, 6, '2018-05-11', '2018-05-16 22:15:00', '2018-05-16 23:59:00', '24.78'),
(360, 7, '2018-05-11', '2018-05-16 21:55:00', '2018-05-16 23:30:00', '53.23'),
(361, 8, '2018-05-11', '2018-05-16 13:40:00', '2018-05-16 16:40:00', '17.02'),
(362, 9, '2018-05-11', '2018-05-16 06:20:00', '2018-05-16 07:50:00', '14.99'),
(363, 11, '2018-05-11', '2018-05-16 13:00:00', '2018-05-16 15:00:00', '146.87'),
(364, 13, '2018-05-11', '2018-05-16 07:05:00', '2018-05-16 08:20:00', '9.99'),
(365, 14, '2018-05-11', '2018-05-16 10:45:00', '2018-05-16 12:00:00', '28.45'),
(366, 15, '2018-05-11', '2018-05-16 06:30:00', '2018-05-16 08:10:00', '26.61'),
(367, 5, '2018-05-12', '2018-05-17 06:30:00', '2018-05-17 07:40:00', '24.78'),
(368, 6, '2018-05-12', '2018-05-17 22:15:00', '2018-05-17 23:59:00', '44.05'),
(369, 7, '2018-05-12', '2018-05-17 10:05:00', '2018-05-17 11:40:00', '31.20'),
(370, 8, '2018-05-12', '2018-05-17 08:05:00', '2018-05-17 11:05:00', '35.43'),
(371, 9, '2018-05-12', '2018-05-17 06:20:00', '2018-05-17 07:50:00', '14.99'),
(372, 11, '2018-05-12', '2018-05-17 14:50:00', '2018-05-17 16:50:00', '256.01'),
(373, 12, '2018-05-12', '2018-05-17 15:55:00', '2018-05-17 17:35:00', '12.99'),
(374, 15, '2018-05-12', '2018-05-17 06:30:00', '2018-05-17 08:10:00', '12.99'),
(375, 5, '2018-05-13', '2018-05-18 06:30:00', '2018-05-18 07:40:00', '30.28'),
(376, 6, '2018-05-13', '2018-05-18 08:25:00', '2018-05-18 10:10:00', '69.35'),
(377, 7, '2018-05-13', '2018-05-18 21:55:00', '2018-05-18 23:30:00', '53.23'),
(378, 8, '2018-05-13', '2018-05-18 08:05:00', '2018-05-18 11:05:00', '42.73'),
(379, 9, '2018-05-13', '2018-05-18 06:20:00', '2018-05-18 07:50:00', '33.04'),
(380, 13, '2018-05-13', '2018-05-18 16:45:00', '2018-05-18 18:00:00', '32.12'),
(381, 14, '2018-05-13', '2018-05-18 10:45:00', '2018-05-18 12:00:00', '16.99'),
(382, 15, '2018-05-13', '2018-05-18 06:30:00', '2018-05-18 08:10:00', '39.46'),
(383, 5, '2018-05-14', '2018-05-19 18:30:00', '2018-05-19 19:40:00', '30.28'),
(384, 6, '2018-05-14', '2018-05-19 22:15:00', '2018-05-19 23:59:00', '58.13'),
(385, 7, '2018-05-14', '2018-05-19 10:05:00', '2018-05-19 11:40:00', '53.23'),
(386, 8, '2018-05-14', '2018-05-19 16:00:00', '2018-05-19 19:00:00', '35.36'),
(387, 9, '2018-05-14', '2018-05-19 06:20:00', '2018-05-19 07:50:00', '33.04'),
(388, 11, '2018-05-14', '2018-05-19 15:30:00', '2018-05-19 17:30:00', '174.41'),
(389, 12, '2018-05-14', '2018-05-19 15:40:00', '2018-05-19 17:20:00', '98.93'),
(390, 13, '2018-05-14', '2018-05-19 16:40:00', '2018-05-19 17:55:00', '26.61'),
(391, 14, '2018-05-14', '2018-05-19 10:45:00', '2018-05-19 12:00:00', '16.99'),
(392, 15, '2018-05-14', '2018-05-19 06:30:00', '2018-05-19 08:10:00', '32.12'),
(393, 5, '2018-05-15', '2018-05-20 06:30:00', '2018-05-20 07:40:00', '30.28'),
(394, 6, '2018-05-15', '2018-05-20 08:25:00', '2018-05-20 10:10:00', '36.71'),
(395, 7, '2018-05-15', '2018-05-20 10:15:00', '2018-05-20 11:50:00', '53.23'),
(396, 8, '2018-05-15', '2018-05-20 08:05:00', '2018-05-20 11:05:00', '30.16'),
(397, 9, '2018-05-15', '2018-05-20 06:20:00', '2018-05-20 07:50:00', '33.04'),
(398, 14, '2018-05-15', '2018-05-20 10:45:00', '2018-05-20 12:00:00', '28.45'),
(399, 15, '2018-05-15', '2018-05-20 06:30:00', '2018-05-20 08:10:00', '26.61'),
(400, 5, '2018-05-16', '2018-05-21 11:50:00', '2018-05-21 13:00:00', '36.71'),
(401, 6, '2018-05-16', '2018-05-21 08:25:00', '2018-05-21 10:10:00', '82.61'),
(402, 7, '2018-05-16', '2018-05-21 21:55:00', '2018-05-21 23:30:00', '69.35'),
(403, 8, '2018-05-16', '2018-05-21 08:05:00', '2018-05-21 11:05:00', '56.63'),
(404, 9, '2018-05-16', '2018-05-21 06:20:00', '2018-05-21 07:50:00', '74.45'),
(405, 11, '2018-05-16', '2018-05-21 17:40:00', '2018-05-21 19:40:00', '256.01'),
(406, 12, '2018-05-16', '2018-05-21 15:40:00', '2018-05-21 17:20:00', '119.33'),
(407, 13, '2018-05-16', '2018-05-21 16:40:00', '2018-05-21 17:55:00', '240.71'),
(408, 14, '2018-05-16', '2018-05-21 10:40:00', '2018-05-21 11:55:00', '192.77'),
(409, 15, '2018-05-16', '2018-05-21 06:30:00', '2018-05-21 08:10:00', '53.03'),
(410, 5, '2018-05-17', '2018-05-22 18:30:00', '2018-05-22 19:40:00', '14.99'),
(411, 6, '2018-05-17', '2018-05-22 22:15:00', '2018-05-22 23:59:00', '44.05'),
(412, 7, '2018-05-17', '2018-05-22 13:30:00', '2018-05-22 15:10:00', '37.63'),
(413, 8, '2018-05-17', '2018-05-22 16:00:00', '2018-05-22 19:00:00', '56.63'),
(414, 9, '2018-05-17', '2018-05-22 06:20:00', '2018-05-22 07:50:00', '33.04'),
(415, 11, '2018-05-17', '2018-05-22 14:50:00', '2018-05-22 16:50:00', '146.87'),
(416, 12, '2018-05-17', '2018-05-22 16:00:00', '2018-05-22 17:40:00', '30.28'),
(417, 15, '2018-05-17', '2018-05-22 06:30:00', '2018-05-22 08:10:00', '26.61'),
(418, 5, '2018-05-18', '2018-05-23 06:30:00', '2018-05-23 07:40:00', '24.78'),
(419, 6, '2018-05-18', '2018-05-23 22:15:00', '2018-05-23 23:59:00', '58.13'),
(420, 8, '2018-05-18', '2018-05-23 13:40:00', '2018-05-23 16:40:00', '94.78'),
(421, 9, '2018-05-18', '2018-05-23 10:50:00', '2018-05-23 12:20:00', '16.99'),
(422, 11, '2018-05-18', '2018-05-23 13:00:00', '2018-05-23 15:00:00', '256.01'),
(423, 13, '2018-05-18', '2018-05-23 07:05:00', '2018-05-23 08:20:00', '26.61'),
(424, 14, '2018-05-18', '2018-05-23 10:45:00', '2018-05-23 12:00:00', '33.96'),
(425, 15, '2018-05-18', '2018-05-23 06:30:00', '2018-05-23 08:10:00', '53.03'),
(426, 5, '2018-05-19', '2018-05-24 18:30:00', '2018-05-24 19:40:00', '24.78'),
(427, 6, '2018-05-19', '2018-05-24 22:15:00', '2018-05-24 23:59:00', '82.61'),
(428, 7, '2018-05-19', '2018-05-24 10:05:00', '2018-05-24 11:40:00', '59.15'),
(429, 9, '2018-05-19', '2018-05-24 10:50:00', '2018-05-24 12:20:00', '16.99'),
(430, 12, '2018-05-19', '2018-05-24 15:55:00', '2018-05-24 17:35:00', '36.71'),
(431, 15, '2018-05-19', '2018-05-24 06:30:00', '2018-05-24 08:10:00', '32.12'),
(432, 5, '2018-05-20', '2018-05-25 06:30:00', '2018-05-25 07:40:00', '40.79'),
(433, 6, '2018-05-20', '2018-05-25 14:15:00', '2018-05-25 16:00:00', '98.93'),
(434, 7, '2018-05-20', '2018-05-25 21:55:00', '2018-05-25 23:30:00', '69.35'),
(435, 9, '2018-05-20', '2018-05-25 06:20:00', '2018-05-25 07:50:00', '33.04'),
(436, 13, '2018-05-20', '2018-05-25 16:45:00', '2018-05-25 18:00:00', '75.47'),
(437, 14, '2018-05-20', '2018-05-25 10:45:00', '2018-05-25 12:00:00', '114.23'),
(438, 15, '2018-05-20', '2018-05-25 06:30:00', '2018-05-25 08:10:00', '35.69'),
(439, 5, '2018-05-21', '2018-05-26 06:30:00', '2018-05-26 07:40:00', '24.78'),
(440, 6, '2018-05-21', '2018-05-26 22:15:00', '2018-05-26 23:59:00', '82.61'),
(441, 7, '2018-05-21', '2018-05-26 16:40:00', '2018-05-26 18:20:00', '59.15'),
(442, 8, '2018-05-21', '2018-05-26 20:05:00', '2018-05-26 23:05:00', '164.14'),
(443, 9, '2018-05-21', '2018-05-26 06:20:00', '2018-05-26 07:50:00', '16.99'),
(444, 12, '2018-05-21', '2018-05-26 15:40:00', '2018-05-26 17:20:00', '58.13'),
(445, 13, '2018-05-21', '2018-05-26 16:40:00', '2018-05-26 17:55:00', '240.71'),
(446, 14, '2018-05-21', '2018-05-26 10:45:00', '2018-05-26 12:00:00', '114.23'),
(447, 15, '2018-05-21', '2018-05-26 06:30:00', '2018-05-26 08:10:00', '75.47'),
(448, 5, '2018-05-22', '2018-05-27 06:30:00', '2018-05-27 07:40:00', '24.78'),
(449, 6, '2018-05-22', '2018-05-27 22:15:00', '2018-05-27 23:59:00', '82.61'),
(450, 7, '2018-05-22', '2018-05-27 10:15:00', '2018-05-27 11:50:00', '69.35'),
(451, 8, '2018-05-22', '2018-05-27 20:05:00', '2018-05-27 23:05:00', '164.14'),
(452, 9, '2018-05-22', '2018-05-27 06:20:00', '2018-05-27 07:50:00', '52.01'),
(453, 14, '2018-05-22', '2018-05-27 10:45:00', '2018-05-27 12:00:00', '93.83'),
(454, 15, '2018-05-22', '2018-05-27 06:30:00', '2018-05-27 08:10:00', '63.23'),
(455, 5, '2018-05-23', '2018-05-28 06:30:00', '2018-05-28 07:40:00', '119.33'),
(456, 6, '2018-05-23', '2018-05-28 22:15:00', '2018-05-28 23:59:00', '199.91'),
(457, 7, '2018-05-23', '2018-05-28 10:05:00', '2018-05-28 11:40:00', '115.25'),
(458, 9, '2018-05-23', '2018-05-28 06:20:00', '2018-05-28 07:50:00', '74.45'),
(459, 11, '2018-05-23', '2018-05-28 17:40:00', '2018-05-28 19:40:00', '256.01'),
(460, 12, '2018-05-23', '2018-05-28 15:40:00', '2018-05-28 17:20:00', '36.71'),
(461, 13, '2018-05-23', '2018-05-28 16:40:00', '2018-05-28 17:55:00', '132.59'),
(462, 14, '2018-05-23', '2018-05-28 10:40:00', '2018-05-28 11:55:00', '93.83'),
(463, 15, '2018-05-23', '2018-05-28 06:30:00', '2018-05-28 08:10:00', '75.47'),
(464, 5, '2018-05-25', '2018-05-30 14:25:00', '2018-05-30 15:35:00', '48.95'),
(465, 6, '2018-05-25', '2018-05-30 14:15:00', '2018-05-30 16:00:00', '48.95'),
(466, 7, '2018-05-25', '2018-05-30 10:40:00', '2018-05-30 12:15:00', '59.15'),
(467, 8, '2018-05-25', '2018-05-30 16:00:00', '2018-05-30 19:00:00', '80.31'),
(468, 9, '2018-05-25', '2018-05-30 14:00:00', '2018-05-30 15:30:00', '52.01'),
(469, 13, '2018-05-25', '2018-05-30 07:05:00', '2018-05-30 08:20:00', '29.57'),
(470, 15, '2018-05-25', '2018-05-30 06:30:00', '2018-05-30 08:10:00', '29.57'),
(471, 5, '2018-05-26', '2018-05-31 11:50:00', '2018-05-31 13:00:00', '82.61'),
(472, 6, '2018-05-26', '2018-05-31 14:15:00', '2018-05-31 16:00:00', '58.13'),
(473, 7, '2018-05-26', '2018-05-31 21:55:00', '2018-05-31 23:30:00', '84.65'),
(474, 8, '2018-05-26', '2018-05-31 13:40:00', '2018-05-31 16:40:00', '47.72'),
(475, 9, '2018-05-26', '2018-05-31 10:50:00', '2018-05-31 12:20:00', '77.51'),
(476, 12, '2018-05-26', '2018-05-31 15:55:00', '2018-05-31 17:35:00', '40.79'),
(477, 15, '2018-05-26', '2018-05-31 06:30:00', '2018-05-31 08:10:00', '189.71'),
(481, 5, '2018-05-27', '2018-06-01 06:30:00', '2018-06-01 07:40:00', '82.61'),
(482, 6, '2018-05-27', '2018-06-01 08:25:00', '2018-06-01 10:10:00', '69.35'),
(483, 7, '2018-05-27', '2018-06-01 21:55:00', '2018-06-01 23:30:00', '84.65'),
(484, 8, '2018-05-27', '2018-06-01 08:05:00', '2018-06-01 11:05:00', '57.03'),
(485, 9, '2018-05-27', '2018-06-01 06:20:00', '2018-06-01 07:50:00', '113.21'),
(486, 13, '2018-05-27', '2018-06-01 16:45:00', '2018-06-01 18:00:00', '63.23'),
(487, 14, '2018-05-27', '2018-06-01 10:45:00', '2018-06-01 12:00:00', '161.15'),
(488, 15, '2018-05-27', '2018-06-01 06:30:00', '2018-06-01 08:10:00', '75.47'),
(489, 5, '2018-05-28', '2018-06-02 11:50:00', '2018-06-02 13:00:00', '141.77'),
(490, 6, '2018-05-28', '2018-06-02 22:15:00', '2018-06-02 23:59:00', '36.71'),
(491, 7, '2018-05-28', '2018-06-02 21:55:00', '2018-06-02 23:30:00', '24.99'),
(492, 8, '2018-05-28', '2018-06-02 20:05:00', '2018-06-02 23:05:00', '26.99'),
(493, 9, '2018-05-28', '2018-06-02 06:20:00', '2018-06-02 07:50:00', '135.65'),
(494, 11, '2018-05-28', '2018-06-02 15:30:00', '2018-06-02 17:30:00', '256.01'),
(495, 12, '2018-05-28', '2018-06-02 15:40:00', '2018-06-02 17:20:00', '69.35'),
(496, 13, '2018-05-28', '2018-06-02 16:40:00', '2018-06-02 17:55:00', '75.47'),
(497, 14, '2018-05-28', '2018-06-02 10:45:00', '2018-06-02 12:00:00', '78.53'),
(498, 15, '2018-05-28', '2018-06-02 06:30:00', '2018-06-02 08:10:00', '75.47'),
(499, 5, '2018-05-29', '2018-06-03 06:30:00', '2018-06-03 07:40:00', '119.33'),
(500, 6, '2018-05-29', '2018-06-03 14:15:00', '2018-06-03 16:00:00', '58.13'),
(501, 7, '2018-05-29', '2018-06-03 21:55:00', '2018-06-03 23:30:00', '24.99'),
(502, 8, '2018-05-29', '2018-06-03 08:05:00', '2018-06-03 11:05:00', '47.72'),
(503, 9, '2018-05-29', '2018-06-03 06:20:00', '2018-06-03 07:50:00', '187.67'),
(504, 14, '2018-05-29', '2018-06-03 10:45:00', '2018-06-03 12:00:00', '93.83'),
(505, 15, '2018-05-29', '2018-06-03 06:30:00', '2018-06-03 08:10:00', '32.12'),
(506, 5, '2018-05-30', '2018-06-04 18:30:00', '2018-06-04 19:40:00', '119.33'),
(507, 6, '2018-05-30', '2018-06-04 22:15:00', '2018-06-04 23:59:00', '32.63'),
(508, 7, '2018-05-30', '2018-06-04 10:05:00', '2018-06-04 11:40:00', '84.65'),
(509, 8, '2018-05-30', '2018-06-04 20:05:00', '2018-06-04 23:05:00', '26.99'),
(510, 9, '2018-05-30', '2018-06-04 14:00:00', '2018-06-04 15:30:00', '219.29'),
(511, 11, '2018-05-30', '2018-06-04 17:40:00', '2018-06-04 19:40:00', '174.41'),
(512, 12, '2018-05-30', '2018-06-04 15:40:00', '2018-06-04 17:20:00', '22.02'),
(513, 13, '2018-05-30', '2018-06-04 16:40:00', '2018-06-04 17:55:00', '75.47'),
(514, 14, '2018-05-30', '2018-06-04 10:40:00', '2018-06-04 11:55:00', '78.53'),
(515, 15, '2018-05-30', '2018-06-04 06:30:00', '2018-06-04 08:10:00', '53.03'),
(516, 5, '2018-05-31', '2018-06-05 06:30:00', '2018-06-05 07:40:00', '69.35'),
(517, 6, '2018-05-31', '2018-06-05 22:15:00', '2018-06-05 23:59:00', '26.92'),
(518, 7, '2018-05-31', '2018-06-05 21:55:00', '2018-06-05 23:30:00', '46.50'),
(519, 8, '2018-05-31', '2018-06-05 13:40:00', '2018-06-05 16:40:00', '26.99'),
(520, 9, '2018-05-31', '2018-06-05 06:20:00', '2018-06-05 07:50:00', '128.51'),
(521, 11, '2018-05-31', '2018-06-05 14:50:00', '2018-06-05 16:50:00', '256.01'),
(522, 12, '2018-05-31', '2018-06-05 16:00:00', '2018-06-05 17:40:00', '9.99'),
(523, 15, '2018-05-31', '2018-06-05 06:30:00', '2018-06-05 08:10:00', '9.99'),
(524, 5, '2018-06-01', '2018-06-06 11:50:00', '2018-06-06 13:00:00', '26.92'),
(525, 6, '2018-06-01', '2018-06-06 22:15:00', '2018-06-06 23:59:00', '44.05'),
(526, 7, '2018-06-01', '2018-06-06 21:55:00', '2018-06-06 23:30:00', '38.34'),
(527, 8, '2018-06-01', '2018-06-06 08:05:00', '2018-06-06 11:05:00', '23.27'),
(528, 9, '2018-06-01', '2018-06-06 10:50:00', '2018-06-06 12:20:00', '74.45'),
(529, 11, '2018-06-01', '2018-06-06 09:40:00', '2018-06-06 11:35:00', '256.01'),
(530, 13, '2018-06-01', '2018-06-06 07:05:00', '2018-06-06 08:20:00', '9.99'),
(531, 14, '2018-06-01', '2018-06-06 10:45:00', '2018-06-06 12:00:00', '21.21'),
(532, 15, '2018-06-01', '2018-06-06 06:30:00', '2018-06-06 08:10:00', '12.99'),
(533, NULL, '2018-06-01', '2018-06-06 06:30:00', '2018-06-06 08:15:00', '219.90'),
(534, 5, '2018-06-02', '2018-06-07 14:25:00', '2018-06-07 15:35:00', '26.92'),
(535, 6, '2018-06-02', '2018-06-07 08:25:00', '2018-06-07 10:10:00', '98.93'),
(536, 7, '2018-06-02', '2018-06-07 10:05:00', '2018-06-07 11:40:00', '46.50'),
(537, 8, '2018-06-02', '2018-06-07 16:00:00', '2018-06-07 19:00:00', '42.95'),
(538, 9, '2018-06-02', '2018-06-07 06:20:00', '2018-06-07 07:50:00', '62.21'),
(539, 11, '2018-06-02', '2018-06-07 14:50:00', '2018-06-07 16:50:00', '256.01'),
(540, 12, '2018-06-02', '2018-06-07 15:55:00', '2018-06-07 17:35:00', '9.99'),
(541, 15, '2018-06-02', '2018-06-07 06:30:00', '2018-06-07 08:10:00', '23.65'),
(542, NULL, '2018-06-02', '2018-06-07 10:35:00', '2018-06-07 12:20:00', '185.12'),
(543, 5, '2018-06-03', '2018-06-08 06:30:00', '2018-06-08 07:40:00', '32.63'),
(544, 6, '2018-06-03', '2018-06-08 08:25:00', '2018-06-08 10:10:00', '119.33'),
(545, 7, '2018-06-03', '2018-06-08 21:55:00', '2018-06-08 23:30:00', '84.65'),
(546, 8, '2018-06-03', '2018-06-08 16:00:00', '2018-06-08 19:00:00', '47.72'),
(547, 9, '2018-06-03', '2018-06-08 10:50:00', '2018-06-08 12:20:00', '52.01'),
(548, 13, '2018-06-03', '2018-06-08 16:45:00', '2018-06-08 18:00:00', '19.57'),
(549, 14, '2018-06-03', '2018-06-08 10:45:00', '2018-06-08 12:00:00', '21.21'),
(550, 15, '2018-06-03', '2018-06-08 06:30:00', '2018-06-08 08:10:00', '63.23'),
(551, NULL, '2018-06-03', '2018-06-08 06:30:00', '2018-06-08 08:15:00', '276.00'),
(552, 5, '2018-06-04', '2018-06-09 14:25:00', '2018-06-09 15:35:00', '58.13'),
(553, 6, '2018-06-04', '2018-06-09 22:15:00', '2018-06-09 23:59:00', '98.93'),
(554, 7, '2018-06-04', '2018-06-09 16:40:00', '2018-06-09 18:20:00', '46.50'),
(555, 8, '2018-06-04', '2018-06-09 20:05:00', '2018-06-09 23:05:00', '47.83'),
(556, 9, '2018-06-04', '2018-06-09 06:20:00', '2018-06-09 07:50:00', '62.21'),
(557, 11, '2018-06-04', '2018-06-09 15:30:00', '2018-06-09 17:30:00', '304.97'),
(558, 12, '2018-06-04', '2018-06-09 15:40:00', '2018-06-09 17:20:00', '32.63'),
(559, 13, '2018-06-04', '2018-06-09 16:40:00', '2018-06-09 17:55:00', '23.65'),
(560, 14, '2018-06-04', '2018-06-09 10:45:00', '2018-06-09 12:00:00', '78.53'),
(561, 15, '2018-06-04', '2018-06-09 06:30:00', '2018-06-09 08:10:00', '111.17'),
(562, NULL, '2018-06-04', '2018-06-09 21:45:00', '2018-06-09 23:30:00', '276.00'),
(563, 5, '2018-06-05', '2018-06-10 06:30:00', '2018-06-10 07:40:00', '82.61'),
(564, 6, '2018-06-05', '2018-06-10 08:25:00', '2018-06-10 10:10:00', '98.93'),
(565, 7, '2018-06-05', '2018-06-10 10:15:00', '2018-06-10 11:50:00', '142.79'),
(566, 8, '2018-06-05', '2018-06-10 08:05:00', '2018-06-10 11:05:00', '47.59'),
(567, 9, '2018-06-05', '2018-06-10 06:20:00', '2018-06-10 07:50:00', '108.11'),
(568, 11, '2018-06-05', '2018-06-10 07:50:00', '2018-06-10 09:50:00', '304.97'),
(569, 15, '2018-06-05', '2018-06-10 06:30:00', '2018-06-10 08:10:00', '75.47'),
(570, NULL, '2018-06-05', '2018-06-10 22:10:00', '2018-06-10 23:55:00', '276.00'),
(571, 5, '2018-06-06', '2018-06-11 11:50:00', '2018-06-11 13:00:00', '82.61'),
(572, 6, '2018-06-06', '2018-06-11 22:15:00', '2018-06-11 23:59:00', '69.35'),
(573, 7, '2018-06-06', '2018-06-11 21:55:00', '2018-06-11 23:30:00', '168.29'),
(574, 8, '2018-06-06', '2018-06-11 16:00:00', '2018-06-11 19:00:00', '56.88'),
(575, 9, '2018-06-06', '2018-06-11 06:20:00', '2018-06-11 07:50:00', '108.11'),
(576, 11, '2018-06-06', '2018-06-11 07:50:00', '2018-06-11 09:50:00', '248.87'),
(577, 12, '2018-06-06', '2018-06-11 15:40:00', '2018-06-11 17:20:00', '26.92'),
(578, 14, '2018-06-06', '2018-06-11 10:40:00', '2018-06-11 11:55:00', '161.15'),
(579, 15, '2018-06-06', '2018-06-11 06:30:00', '2018-06-11 08:10:00', '240.71'),
(580, NULL, '2018-06-06', '2018-06-11 21:45:00', '2018-06-11 23:30:00', '276.00'),
(581, 5, '2018-06-07', '2018-06-12 14:25:00', '2018-06-12 15:35:00', '58.13'),
(582, 6, '2018-06-07', '2018-06-12 22:15:00', '2018-06-12 23:59:00', '58.13'),
(583, 7, '2018-06-07', '2018-06-12 13:30:00', '2018-06-12 15:10:00', '100.97'),
(584, 8, '2018-06-07', '2018-06-12 08:05:00', '2018-06-12 11:05:00', '26.92'),
(585, 9, '2018-06-07', '2018-06-12 10:50:00', '2018-06-12 12:20:00', '108.11'),
(586, 11, '2018-06-07', '2018-06-12 07:50:00', '2018-06-12 09:50:00', '304.97'),
(587, 12, '2018-06-07', '2018-06-12 16:00:00', '2018-06-12 17:40:00', '22.02'),
(588, 15, '2018-06-07', '2018-06-12 06:30:00', '2018-06-12 08:10:00', '75.47'),
(589, NULL, '2018-06-07', '2018-06-12 21:45:00', '2018-06-12 23:30:00', '199.91'),
(590, 5, '2018-06-08', '2018-06-13 18:30:00', '2018-06-13 19:40:00', '43.19'),
(591, 6, '2018-06-08', '2018-06-13 08:25:00', '2018-06-13 10:10:00', '80.99'),
(592, 7, '2018-06-08', '2018-06-13 10:40:00', '2018-06-13 12:15:00', '168.29'),
(593, 8, '2018-06-08', '2018-06-13 13:40:00', '2018-06-13 16:40:00', '31.57'),
(594, 9, '2018-06-08', '2018-06-13 06:20:00', '2018-06-13 07:50:00', '34.39'),
(595, 11, '2018-06-08', '2018-06-13 09:40:00', '2018-06-13 11:35:00', '213.17'),
(596, 15, '2018-06-08', '2018-06-13 06:30:00', '2018-06-13 08:10:00', '53.03'),
(597, NULL, '2018-06-08', '2018-06-13 22:10:00', '2018-06-13 23:55:00', '164.99'),
(598, NULL, '2018-06-08', '2018-06-13 07:10:00', '2018-06-13 11:20:00', '21.99'),
(599, 5, '2018-06-09', '2018-06-14 06:30:00', '2018-06-14 07:40:00', '44.05'),
(600, 6, '2018-06-09', '2018-06-14 14:15:00', '2018-06-14 16:00:00', '141.77'),
(601, 7, '2018-06-09', '2018-06-14 10:05:00', '2018-06-14 11:40:00', '139.99'),
(602, 8, '2018-06-09', '2018-06-14 16:00:00', '2018-06-14 19:00:00', '164.87'),
(603, 9, '2018-06-09', '2018-06-14 06:20:00', '2018-06-14 07:50:00', '35.08'),
(604, 11, '2018-06-09', '2018-06-14 10:25:00', '2018-06-14 12:25:00', '304.97'),
(605, 12, '2018-06-09', '2018-06-14 15:55:00', '2018-06-14 17:35:00', '56.99'),
(606, 15, '2018-06-09', '2018-06-14 06:30:00', '2018-06-14 08:10:00', '27.99'),
(607, NULL, '2018-06-09', '2018-06-14 06:30:00', '2018-06-14 08:15:00', '245.99'),
(608, 5, '2018-06-10', '2018-06-15 06:30:00', '2018-06-15 07:40:00', '58.13'),
(609, 6, '2018-06-10', '2018-06-15 14:15:00', '2018-06-15 16:00:00', '195.99'),
(610, 7, '2018-06-10', '2018-06-15 21:55:00', '2018-06-15 23:30:00', '120.35'),
(611, 8, '2018-06-10', '2018-06-15 13:40:00', '2018-06-15 16:40:00', '164.94'),
(612, 9, '2018-06-10', '2018-06-15 06:20:00', '2018-06-15 07:50:00', '38.69'),
(613, 11, '2018-06-10', '2018-06-15 07:50:00', '2018-06-15 09:50:00', '304.97'),
(614, 14, '2018-06-10', '2018-06-15 10:45:00', '2018-06-15 12:00:00', '76.99'),
(615, 15, '2018-06-10', '2018-06-15 06:30:00', '2018-06-15 08:10:00', '53.03'),
(616, 5, '2018-06-11', '2018-06-16 06:30:00', '2018-06-16 07:40:00', '58.13'),
(617, 6, '2018-06-11', '2018-06-16 14:15:00', '2018-06-16 16:00:00', '168.29'),
(618, 8, '2018-06-11', '2018-06-16 20:05:00', '2018-06-16 23:05:00', '56.91'),
(619, 9, '2018-06-11', '2018-06-16 06:20:00', '2018-06-16 07:50:00', '74.45'),
(620, 11, '2018-06-11', '2018-06-16 06:40:00', '2018-06-16 08:40:00', '248.87'),
(621, 12, '2018-06-11', '2018-06-16 15:40:00', '2018-06-16 17:20:00', '82.61'),
(622, 39, '2018-06-11', '2018-06-16 08:55:00', '2018-06-16 10:45:00', '98.93'),
(623, 40, '2018-06-11', '2018-06-16 21:15:00', '2018-06-16 23:00:00', '122.39'),
(624, 5, '2018-06-12', '2018-06-17 06:30:00', '2018-06-17 07:40:00', '119.33'),
(625, 6, '2018-06-12', '2018-06-17 14:15:00', '2018-06-17 16:00:00', '98.93'),
(626, 7, '2018-06-12', '2018-06-17 10:15:00', '2018-06-17 11:50:00', '223.99'),
(627, 8, '2018-06-12', '2018-06-17 08:05:00', '2018-06-17 11:05:00', '46.68'),
(628, 9, '2018-06-12', '2018-06-17 06:20:00', '2018-06-17 07:50:00', '148.99'),
(629, 11, '2018-06-12', '2018-06-17 07:50:00', '2018-06-17 09:50:00', '304.97'),
(630, 15, '2018-06-12', '2018-06-17 06:30:00', '2018-06-17 08:10:00', '61.99'),
(631, 39, '2018-06-12', '2018-06-17 08:55:00', '2018-06-17 10:45:00', '80.99'),
(632, 40, '2018-06-12', '2018-06-17 10:20:00', '2018-06-17 12:10:00', '166.99'),
(633, 5, '2018-06-13', '2018-06-18 18:30:00', '2018-06-18 19:40:00', '69.35'),
(634, 6, '2018-06-13', '2018-06-18 22:15:00', '2018-06-18 23:59:00', '82.61'),
(635, 7, '2018-06-13', '2018-06-18 21:55:00', '2018-06-18 23:30:00', '168.29'),
(636, 8, '2018-06-13', '2018-06-18 20:05:00', '2018-06-18 23:05:00', '67.18'),
(637, 12, '2018-06-13', '2018-06-18 15:40:00', '2018-06-18 17:20:00', '44.05'),
(638, 14, '2018-06-13', '2018-06-18 10:40:00', '2018-06-18 11:55:00', '55.07'),
(639, 39, '2018-06-13', '2018-06-18 21:40:00', '2018-06-18 23:30:00', '44.05'),
(640, 40, '2018-06-13', '2018-06-18 10:20:00', '2018-06-18 12:10:00', '230.51'),
(641, 5, '2018-06-14', '2018-06-19 11:50:00', '2018-06-19 13:00:00', '69.35'),
(642, 6, '2018-06-14', '2018-06-19 22:15:00', '2018-06-19 23:59:00', '69.35'),
(643, 7, '2018-06-14', '2018-06-19 21:55:00', '2018-06-19 23:30:00', '142.79'),
(644, 8, '2018-06-14', '2018-06-19 20:05:00', '2018-06-19 23:05:00', '66.88'),
(645, 9, '2018-06-14', '2018-06-19 14:00:00', '2018-06-19 15:30:00', '151.97'),
(646, 11, '2018-06-14', '2018-06-19 14:50:00', '2018-06-19 16:50:00', '248.87'),
(647, 12, '2018-06-14', '2018-06-19 16:00:00', '2018-06-19 17:40:00', '21.59'),
(648, 5, '2018-06-15', '2018-06-20 11:50:00', '2018-06-20 13:00:00', '58.13'),
(649, 6, '2018-06-15', '2018-06-20 22:15:00', '2018-06-20 23:59:00', '69.35'),
(650, 7, '2018-06-15', '2018-06-20 10:40:00', '2018-06-20 12:15:00', '142.79'),
(651, 8, '2018-06-15', '2018-06-20 13:40:00', '2018-06-20 16:40:00', '78.22'),
(652, 9, '2018-06-15', '2018-06-20 06:20:00', '2018-06-20 07:50:00', '62.21'),
(653, 11, '2018-06-15', '2018-06-20 09:40:00', '2018-06-20 11:35:00', '304.97'),
(654, 40, '2018-06-15', '2018-06-20 10:20:00', '2018-06-20 12:10:00', '141.99'),
(655, 5, '2018-06-16', '2018-06-21 11:50:00', '2018-06-21 13:00:00', '46.50'),
(656, 7, '2018-06-16', '2018-06-21 10:05:00', '2018-06-21 11:40:00', '164.99'),
(657, 8, '2018-06-16', '2018-06-21 08:05:00', '2018-06-21 11:05:00', '45.32'),
(658, 9, '2018-06-16', '2018-06-21 06:20:00', '2018-06-21 07:50:00', '48.79'),
(659, 12, '2018-06-16', '2018-06-21 15:55:00', '2018-06-21 17:35:00', '46.50'),
(660, 15, '2018-06-16', '2018-06-21 06:30:00', '2018-06-21 08:10:00', '34.39'),
(661, 39, '2018-06-16', '2018-06-21 21:40:00', '2018-06-21 23:30:00', '98.93'),
(662, 5, '2018-06-17', '2018-06-22 14:25:00', '2018-06-22 15:35:00', '58.13'),
(663, 6, '2018-06-17', '2018-06-22 14:15:00', '2018-06-22 16:00:00', '164.99'),
(664, 9, '2018-06-17', '2018-06-22 06:20:00', '2018-06-22 07:50:00', '87.99'),
(665, 11, '2018-06-17', '2018-06-22 14:00:00', '2018-06-22 15:55:00', '304.97'),
(666, 39, '2018-06-17', '2018-06-22 08:55:00', '2018-06-22 10:45:00', '199.91'),
(667, 5, '2018-06-18', '2018-06-23 06:30:00', '2018-06-23 07:40:00', '69.35'),
(668, 6, '2018-06-18', '2018-06-23 22:15:00', '2018-06-23 23:59:00', '82.61'),
(669, 7, '2018-06-18', '2018-06-23 16:40:00', '2018-06-23 18:20:00', '142.79'),
(670, 8, '2018-06-18', '2018-06-23 20:05:00', '2018-06-23 23:05:00', '68.22'),
(671, 9, '2018-06-18', '2018-06-23 06:20:00', '2018-06-23 07:50:00', '89.75'),
(672, 11, '2018-06-18', '2018-06-23 06:40:00', '2018-06-23 08:40:00', '248.87'),
(673, 12, '2018-06-18', '2018-06-23 15:40:00', '2018-06-23 17:20:00', '141.77'),
(674, 15, '2018-06-18', '2018-06-23 06:30:00', '2018-06-23 08:10:00', '240.71'),
(675, 39, '2018-06-18', '2018-06-23 08:55:00', '2018-06-23 10:45:00', '250.91'),
(676, 40, '2018-06-18', '2018-06-23 10:20:00', '2018-06-23 12:10:00', '144.83'),
(677, 5, '2018-06-19', '2018-06-24 06:30:00', '2018-06-24 07:40:00', '119.33'),
(678, 6, '2018-06-19', '2018-06-24 08:25:00', '2018-06-24 10:10:00', '199.91'),
(679, 7, '2018-06-19', '2018-06-24 21:55:00', '2018-06-24 23:30:00', '196.85'),
(680, 8, '2018-06-19', '2018-06-24 08:05:00', '2018-06-24 11:05:00', '66.88'),
(681, 9, '2018-06-19', '2018-06-24 06:20:00', '2018-06-24 07:50:00', '108.11'),
(682, 5, '2018-06-20', '2018-06-25 14:25:00', '2018-06-25 15:35:00', '119.33'),
(683, 6, '2018-06-20', '2018-06-25 22:15:00', '2018-06-25 23:59:00', '119.33'),
(684, 7, '2018-06-20', '2018-06-25 21:55:00', '2018-06-25 23:30:00', '164.99'),
(685, 8, '2018-06-20', '2018-06-25 08:05:00', '2018-06-25 11:05:00', '78.22'),
(686, 9, '2018-06-20', '2018-06-25 14:00:00', '2018-06-25 15:30:00', '125.99'),
(687, 11, '2018-06-20', '2018-06-25 17:40:00', '2018-06-25 19:40:00', '181.55'),
(688, 12, '2018-06-20', '2018-06-25 15:40:00', '2018-06-25 17:20:00', '44.05'),
(689, 13, '2018-06-20', '2018-06-25 16:40:00', '2018-06-25 17:55:00', '61.99'),
(690, 15, '2018-06-20', '2018-06-25 06:30:00', '2018-06-25 08:10:00', '73.99'),
(691, 39, '2018-06-20', '2018-06-25 21:40:00', '2018-06-25 23:30:00', '245.99'),
(692, 5, '2018-06-21', '2018-06-26 06:30:00', '2018-06-26 07:40:00', '80.99'),
(693, 6, '2018-06-21', '2018-06-26 22:15:00', '2018-06-26 23:59:00', '58.13'),
(694, 8, '2018-06-21', '2018-06-26 08:05:00', '2018-06-26 11:05:00', '78.22'),
(695, 9, '2018-06-21', '2018-06-26 06:20:00', '2018-06-26 07:50:00', '108.11'),
(696, 12, '2018-06-21', '2018-06-26 16:00:00', '2018-06-26 17:40:00', '21.59'),
(697, 40, '2018-06-21', '2018-06-26 21:15:00', '2018-06-26 23:00:00', '230.51'),
(698, 5, '2018-06-22', '2018-06-27 06:30:00', '2018-06-27 07:40:00', '80.99'),
(699, 7, '2018-06-22', '2018-06-27 21:55:00', '2018-06-27 23:30:00', '168.29'),
(700, 8, '2018-06-22', '2018-06-27 08:05:00', '2018-06-27 11:05:00', '92.96'),
(701, 13, '2018-06-22', '2018-06-27 07:05:00', '2018-06-27 08:20:00', '19.57'),
(702, 15, '2018-06-22', '2018-06-27 06:30:00', '2018-06-27 08:10:00', '31.49'),
(703, 39, '2018-06-22', '2018-06-27 08:55:00', '2018-06-27 10:45:00', '98.93'),
(704, 5, '2018-06-23', '2018-06-28 06:30:00', '2018-06-28 07:40:00', '96.99'),
(705, 6, '2018-06-23', '2018-06-28 08:25:00', '2018-06-28 10:10:00', '141.77'),
(706, 7, '2018-06-23', '2018-06-28 10:05:00', '2018-06-28 11:40:00', '264.17'),
(707, 8, '2018-06-23', '2018-06-28 08:05:00', '2018-06-28 11:05:00', '79.79'),
(708, 9, '2018-06-23', '2018-06-28 06:20:00', '2018-06-28 07:50:00', '89.75'),
(709, 12, '2018-06-23', '2018-06-28 15:55:00', '2018-06-28 17:35:00', '51.29'),
(710, 40, '2018-06-23', '2018-06-28 10:20:00', '2018-06-28 12:10:00', '141.99'),
(711, 6, '2018-06-24', '2018-06-29 22:15:00', '2018-06-29 23:59:00', '174.41'),
(712, 7, '2018-06-24', '2018-06-29 21:55:00', '2018-06-29 23:30:00', '264.17'),
(713, 8, '2018-06-24', '2018-06-29 08:05:00', '2018-06-29 11:05:00', '68.22'),
(714, 9, '2018-06-24', '2018-06-29 06:20:00', '2018-06-29 07:50:00', '89.75'),
(715, 13, '2018-06-24', '2018-06-29 16:45:00', '2018-06-29 18:00:00', '32.12'),
(716, 15, '2018-06-24', '2018-06-29 06:30:00', '2018-06-29 08:10:00', '63.23'),
(717, 40, '2018-06-24', '2018-06-29 10:20:00', '2018-06-29 12:10:00', '198.89'),
(718, 5, '2018-06-25', '2018-06-30 06:30:00', '2018-06-30 07:40:00', '168.29'),
(719, 6, '2018-06-25', '2018-06-30 22:15:00', '2018-06-30 23:59:00', '100.99'),
(720, 7, '2018-06-25', '2018-06-30 16:40:00', '2018-06-30 18:20:00', '349.99'),
(721, 8, '2018-06-25', '2018-06-30 16:00:00', '2018-06-30 19:00:00', '114.48'),
(722, 9, '2018-06-25', '2018-06-30 18:40:00', '2018-06-30 20:10:00', '151.97'),
(723, 11, '2018-06-25', '2018-06-30 13:10:00', '2018-06-30 15:05:00', '213.17'),
(724, 14, '2018-06-25', '2018-06-30 10:45:00', '2018-06-30 12:00:00', '41.30'),
(725, 5, '2018-06-26', '2018-07-01 06:30:00', '2018-07-01 07:40:00', '199.91'),
(726, 6, '2018-06-26', '2018-07-01 22:15:00', '2018-07-01 23:59:00', '100.99'),
(727, 8, '2018-06-26', '2018-07-01 08:05:00', '2018-07-01 11:05:00', '56.66'),
(728, 9, '2018-06-26', '2018-07-01 06:20:00', '2018-07-01 07:50:00', '179.51'),
(729, 11, '2018-06-26', '2018-07-01 07:50:00', '2018-07-01 09:50:00', '248.87'),
(730, 5, '2018-06-27', '2018-07-02 14:25:00', '2018-07-02 15:35:00', '168.29'),
(731, 6, '2018-06-27', '2018-07-02 22:15:00', '2018-07-02 23:59:00', '62.09'),
(732, 7, '2018-06-27', '2018-07-02 21:55:00', '2018-07-02 23:30:00', '196.85'),
(733, 8, '2018-06-27', '2018-07-02 13:40:00', '2018-07-02 16:40:00', '42.65'),
(734, 9, '2018-06-27', '2018-07-02 06:20:00', '2018-07-02 07:50:00', '151.97'),
(735, 11, '2018-06-27', '2018-07-02 17:40:00', '2018-07-02 19:40:00', '89.75'),
(736, 12, '2018-06-27', '2018-07-02 15:40:00', '2018-07-02 17:20:00', '22.02');
INSERT INTO `track` (`id`, `id_request`, `fetch_date`, `departure_datetime`, `arrival_datetime`, `value`) VALUES
(737, 5, '2018-06-28', '2018-07-03 06:30:00', '2018-07-03 07:40:00', '119.33'),
(738, 6, '2018-06-28', '2018-07-03 14:15:00', '2018-07-03 16:00:00', '51.29'),
(739, 7, '2018-06-28', '2018-07-03 13:30:00', '2018-07-03 15:10:00', '76.18'),
(740, 8, '2018-06-28', '2018-07-03 20:05:00', '2018-07-03 23:05:00', '31.43'),
(741, 5, '2018-06-29', '2018-07-04 14:25:00', '2018-07-04 15:35:00', '98.93'),
(742, 6, '2018-06-29', '2018-07-04 22:15:00', '2018-07-04 23:59:00', '37.59'),
(743, 7, '2018-06-29', '2018-07-04 21:55:00', '2018-07-04 23:30:00', '228.47'),
(744, 8, '2018-06-29', '2018-07-04 13:40:00', '2018-07-04 16:40:00', '42.65'),
(745, 9, '2018-06-29', '2018-07-04 06:20:00', '2018-07-04 07:50:00', '46.81'),
(746, 11, '2018-06-29', '2018-07-04 13:00:00', '2018-07-04 15:00:00', '89.75'),
(747, 13, '2018-06-29', '2018-07-04 07:05:00', '2018-07-04 08:20:00', '19.57'),
(748, 40, '2018-06-29', '2018-07-04 21:15:00', '2018-07-04 23:00:00', '166.99'),
(749, 6, '2018-06-30', '2018-07-05 08:25:00', '2018-07-05 10:10:00', '62.09'),
(750, 7, '2018-06-30', '2018-07-05 21:55:00', '2018-07-05 23:30:00', '168.29'),
(751, 8, '2018-06-30', '2018-07-05 08:05:00', '2018-07-05 11:05:00', '42.65'),
(752, 9, '2018-06-30', '2018-07-05 06:20:00', '2018-07-05 07:50:00', '46.81'),
(753, 11, '2018-06-30', '2018-07-05 14:50:00', '2018-07-05 16:50:00', '66.09'),
(754, 12, '2018-06-30', '2018-07-05 15:55:00', '2018-07-05 17:35:00', '12.99'),
(755, 5, '2018-07-01', '2018-07-06 06:30:00', '2018-07-06 07:40:00', '82.61'),
(756, 6, '2018-07-01', '2018-07-06 22:15:00', '2018-07-06 23:59:00', '51.29'),
(757, 11, '2018-07-01', '2018-07-06 07:50:00', '2018-07-06 09:50:00', '213.17'),
(758, 13, '2018-07-01', '2018-07-06 16:45:00', '2018-07-06 18:00:00', '12.99'),
(759, 15, '2018-07-01', '2018-07-06 06:30:00', '2018-07-06 08:10:00', '31.49'),
(760, 39, '2018-07-01', '2018-07-06 08:55:00', '2018-07-06 10:45:00', '116.99'),
(761, 40, '2018-07-01', '2018-07-06 10:20:00', '2018-07-06 12:10:00', '141.99'),
(762, 5, '2018-07-02', '2018-07-07 14:25:00', '2018-07-07 15:35:00', '98.93'),
(763, 6, '2018-07-02', '2018-07-07 22:15:00', '2018-07-07 23:59:00', '51.29'),
(764, 9, '2018-07-02', '2018-07-07 06:20:00', '2018-07-07 07:50:00', '74.45'),
(765, 11, '2018-07-02', '2018-07-07 13:10:00', '2018-07-07 15:05:00', '181.55'),
(766, 14, '2018-07-02', '2018-07-07 10:45:00', '2018-07-07 12:00:00', '33.96'),
(767, 5, '2018-07-03', '2018-07-08 06:30:00', '2018-07-08 07:40:00', '141.77'),
(768, 6, '2018-07-03', '2018-07-08 08:25:00', '2018-07-08 10:10:00', '174.41'),
(769, 9, '2018-07-03', '2018-07-08 06:20:00', '2018-07-08 07:50:00', '151.97'),
(770, 15, '2018-07-03', '2018-07-08 06:30:00', '2018-07-08 08:10:00', '111.17'),
(771, 5, '2018-07-04', '2018-07-09 14:25:00', '2018-07-09 15:35:00', '141.77'),
(772, 6, '2018-07-04', '2018-07-09 22:15:00', '2018-07-09 23:59:00', '123.41'),
(773, 7, '2018-07-04', '2018-07-09 21:55:00', '2018-07-09 23:30:00', '349.99'),
(774, 8, '2018-07-04', '2018-07-09 16:00:00', '2018-07-09 19:00:00', '79.76'),
(775, 12, '2018-07-04', '2018-07-09 15:40:00', '2018-07-09 17:20:00', '22.02'),
(776, 13, '2018-07-04', '2018-07-09 16:40:00', '2018-07-09 17:55:00', '75.47'),
(777, 39, '2018-07-04', '2018-07-09 08:55:00', '2018-07-09 10:45:00', '141.77'),
(778, 5, '2018-07-05', '2018-07-10 14:25:00', '2018-07-10 15:35:00', '141.77'),
(779, 6, '2018-07-05', '2018-07-10 14:15:00', '2018-07-10 16:00:00', '200.99'),
(780, 7, '2018-07-05', '2018-07-10 21:55:00', '2018-07-10 23:30:00', '223.99'),
(781, 9, '2018-07-05', '2018-07-10 06:20:00', '2018-07-10 07:50:00', '54.89'),
(782, 15, '2018-07-05', '2018-07-10 06:30:00', '2018-07-10 08:10:00', '34.39'),
(783, 39, '2018-07-05', '2018-07-10 08:55:00', '2018-07-10 10:45:00', '141.77'),
(784, 40, '2018-07-05', '2018-07-10 10:20:00', '2018-07-10 12:10:00', '166.99'),
(785, 5, '2018-07-06', '2018-07-11 14:25:00', '2018-07-11 15:35:00', '119.33'),
(786, 6, '2018-07-06', '2018-07-11 22:15:00', '2018-07-11 23:59:00', '291.99'),
(787, 7, '2018-07-06', '2018-07-11 10:05:00', '2018-07-11 11:40:00', '192.99'),
(788, 8, '2018-07-06', '2018-07-11 16:00:00', '2018-07-11 19:00:00', '114.15'),
(789, 9, '2018-07-06', '2018-07-11 06:20:00', '2018-07-11 07:50:00', '89.75'),
(790, 13, '2018-07-06', '2018-07-11 07:05:00', '2018-07-11 08:20:00', '9.99'),
(791, 14, '2018-07-06', '2018-07-11 10:45:00', '2018-07-11 12:00:00', '111.99'),
(792, 15, '2018-07-06', '2018-07-11 06:30:00', '2018-07-11 08:10:00', '19.57'),
(793, 39, '2018-07-06', '2018-07-11 21:40:00', '2018-07-11 23:30:00', '164.99'),
(794, 40, '2018-07-06', '2018-07-11 21:15:00', '2018-07-11 23:00:00', '166.99'),
(795, 5, '2018-07-07', '2018-07-12 06:30:00', '2018-07-12 07:40:00', '119.33'),
(796, 8, '2018-07-07', '2018-07-12 16:00:00', '2018-07-12 19:00:00', '114.15'),
(797, 12, '2018-07-07', '2018-07-12 15:55:00', '2018-07-12 17:35:00', '45.59'),
(798, 15, '2018-07-07', '2018-07-12 06:30:00', '2018-07-12 08:10:00', '19.57'),
(799, 39, '2018-07-07', '2018-07-12 08:55:00', '2018-07-12 10:45:00', '141.77'),
(800, 7, '2018-07-08', '2018-07-13 21:55:00', '2018-07-13 23:30:00', '264.17'),
(801, 8, '2018-07-08', '2018-07-13 13:40:00', '2018-07-13 16:40:00', '163.73'),
(802, 9, '2018-07-08', '2018-07-13 06:20:00', '2018-07-13 07:50:00', '89.75'),
(803, 13, '2018-07-08', '2018-07-13 16:45:00', '2018-07-13 18:00:00', '47.73'),
(804, 14, '2018-07-08', '2018-07-13 10:45:00', '2018-07-13 12:00:00', '114.23'),
(805, 15, '2018-07-08', '2018-07-13 06:30:00', '2018-07-13 08:10:00', '39.46'),
(806, 39, '2018-07-08', '2018-07-13 21:40:00', '2018-07-13 23:30:00', '250.91'),
(807, 5, '2018-07-09', '2018-07-14 18:30:00', '2018-07-14 19:40:00', '96.99'),
(808, 6, '2018-07-09', '2018-07-14 22:15:00', '2018-07-14 23:59:00', '123.41'),
(809, 7, '2018-07-09', '2018-07-14 21:55:00', '2018-07-14 23:30:00', '228.47'),
(810, 8, '2018-07-09', '2018-07-14 08:05:00', '2018-07-14 11:05:00', '160.52'),
(811, 9, '2018-07-09', '2018-07-14 06:20:00', '2018-07-14 07:50:00', '105.99'),
(812, 11, '2018-07-09', '2018-07-14 13:10:00', '2018-07-14 15:05:00', '177.99'),
(813, 12, '2018-07-09', '2018-07-14 15:40:00', '2018-07-14 17:20:00', '119.33'),
(814, 13, '2018-07-09', '2018-07-14 16:40:00', '2018-07-14 17:55:00', '27.99'),
(815, 14, '2018-07-09', '2018-07-14 10:45:00', '2018-07-14 12:00:00', '41.30'),
(816, 15, '2018-07-09', '2018-07-14 06:30:00', '2018-07-14 08:10:00', '88.99'),
(817, 39, '2018-07-09', '2018-07-14 08:55:00', '2018-07-14 10:45:00', '245.99'),
(818, 7, '2018-07-10', '2018-07-15 21:55:00', '2018-07-15 23:30:00', '264.17'),
(819, 8, '2018-07-10', '2018-07-15 08:05:00', '2018-07-15 11:05:00', '160.52'),
(820, 9, '2018-07-10', '2018-07-15 06:20:00', '2018-07-15 07:50:00', '148.99'),
(821, 11, '2018-07-10', '2018-07-15 07:50:00', '2018-07-15 09:50:00', '304.97'),
(822, 15, '2018-07-10', '2018-07-15 06:30:00', '2018-07-15 08:10:00', '240.71'),
(823, 40, '2018-07-10', '2018-07-15 10:20:00', '2018-07-15 12:10:00', '225.99'),
(824, 5, '2018-07-11', '2018-07-16 14:25:00', '2018-07-16 15:35:00', '168.29'),
(825, 6, '2018-07-11', '2018-07-16 22:15:00', '2018-07-16 23:59:00', '205.01'),
(826, 7, '2018-07-11', '2018-07-16 21:55:00', '2018-07-16 23:30:00', '120.35'),
(827, 8, '2018-07-11', '2018-07-16 08:05:00', '2018-07-16 11:05:00', '198.33'),
(828, 9, '2018-07-11', '2018-07-16 14:00:00', '2018-07-16 15:30:00', '151.97'),
(829, 11, '2018-07-11', '2018-07-16 17:40:00', '2018-07-16 19:40:00', '181.55'),
(830, 12, '2018-07-11', '2018-07-16 15:40:00', '2018-07-16 17:20:00', '46.50'),
(831, 13, '2018-07-11', '2018-07-16 16:40:00', '2018-07-16 17:55:00', '240.71'),
(832, 14, '2018-07-11', '2018-07-16 10:40:00', '2018-07-16 11:55:00', '78.53'),
(833, 15, '2018-07-11', '2018-07-16 06:30:00', '2018-07-16 08:10:00', '240.71'),
(834, 39, '2018-07-11', '2018-07-16 21:40:00', '2018-07-16 23:30:00', '119.33'),
(835, 40, '2018-07-11', '2018-07-16 21:15:00', '2018-07-16 23:00:00', '122.39'),
(836, 5, '2018-07-12', '2018-07-17 11:50:00', '2018-07-17 13:00:00', '80.99'),
(837, 6, '2018-07-12', '2018-07-17 22:15:00', '2018-07-17 23:59:00', '100.99'),
(838, 7, '2018-07-12', '2018-07-17 21:55:00', '2018-07-17 23:30:00', '89.09'),
(839, 8, '2018-07-12', '2018-07-17 08:05:00', '2018-07-17 11:05:00', '194.44'),
(840, 9, '2018-07-12', '2018-07-17 14:00:00', '2018-07-17 15:30:00', '49.77'),
(841, 11, '2018-07-12', '2018-07-17 14:50:00', '2018-07-17 16:50:00', '129.53'),
(842, 12, '2018-07-12', '2018-07-17 16:00:00', '2018-07-17 17:40:00', '61.19'),
(843, 15, '2018-07-12', '2018-07-17 06:30:00', '2018-07-17 08:10:00', '108.99'),
(844, 39, '2018-07-12', '2018-07-17 21:25:00', '2018-07-17 23:15:00', '116.99'),
(845, 40, '2018-07-12', '2018-07-17 10:20:00', '2018-07-17 12:10:00', '119.99'),
(846, 5, '2018-07-14', '2018-07-19 11:50:00', '2018-07-19 13:00:00', '32.63'),
(847, 6, '2018-07-14', '2018-07-19 08:25:00', '2018-07-19 10:10:00', '147.89'),
(848, 7, '2018-07-14', '2018-07-19 10:05:00', '2018-07-19 11:40:00', '120.35'),
(849, 8, '2018-07-14', '2018-07-19 08:05:00', '2018-07-19 11:05:00', '198.33'),
(850, 9, '2018-07-14', '2018-07-19 06:20:00', '2018-07-19 07:50:00', '24.47'),
(851, 11, '2018-07-14', '2018-07-19 14:50:00', '2018-07-19 16:50:00', '181.55'),
(852, 12, '2018-07-14', '2018-07-19 15:55:00', '2018-07-19 17:35:00', '119.33'),
(853, 15, '2018-07-14', '2018-07-19 06:30:00', '2018-07-19 08:10:00', '35.08'),
(854, 39, '2018-07-14', '2018-07-19 21:40:00', '2018-07-19 23:30:00', '168.29'),
(855, 40, '2018-07-14', '2018-07-19 10:20:00', '2018-07-19 12:10:00', '349.99'),
(856, 5, '2018-07-15', '2018-07-20 18:30:00', '2018-07-20 19:40:00', '32.63'),
(857, 6, '2018-07-15', '2018-07-20 22:15:00', '2018-07-20 23:59:00', '103.01'),
(858, 7, '2018-07-15', '2018-07-20 21:55:00', '2018-07-20 23:30:00', '142.79'),
(859, 8, '2018-07-15', '2018-07-20 08:05:00', '2018-07-20 11:05:00', '198.63'),
(860, 9, '2018-07-15', '2018-07-20 06:20:00', '2018-07-20 07:50:00', '24.47'),
(861, 11, '2018-07-15', '2018-07-20 07:50:00', '2018-07-20 09:50:00', '304.97'),
(862, 13, '2018-07-15', '2018-07-20 16:45:00', '2018-07-20 18:00:00', '19.57'),
(863, 14, '2018-07-15', '2018-07-20 10:45:00', '2018-07-20 12:00:00', '66.29'),
(864, 15, '2018-07-15', '2018-07-20 06:30:00', '2018-07-20 08:10:00', '39.46'),
(865, 39, '2018-07-15', '2018-07-20 08:55:00', '2018-07-20 10:45:00', '199.91'),
(866, 40, '2018-07-15', '2018-07-20 10:20:00', '2018-07-20 12:10:00', '122.39'),
(867, 5, '2018-07-16', '2018-07-21 06:30:00', '2018-07-21 07:40:00', '22.02'),
(868, 6, '2018-07-16', '2018-07-21 22:15:00', '2018-07-21 23:59:00', '103.01'),
(869, 7, '2018-07-16', '2018-07-21 21:55:00', '2018-07-21 23:30:00', '76.18'),
(870, 8, '2018-07-16', '2018-07-21 20:05:00', '2018-07-21 23:05:00', '163.99'),
(871, 9, '2018-07-16', '2018-07-21 06:20:00', '2018-07-21 07:50:00', '24.47'),
(872, 11, '2018-07-16', '2018-07-21 06:40:00', '2018-07-21 08:40:00', '213.17'),
(873, 12, '2018-07-16', '2018-07-21 15:40:00', '2018-07-21 17:20:00', '199.91'),
(874, 13, '2018-07-16', '2018-07-21 16:40:00', '2018-07-21 17:55:00', '90.77'),
(875, 14, '2018-07-16', '2018-07-21 10:45:00', '2018-07-21 12:00:00', '41.30'),
(876, 15, '2018-07-16', '2018-07-21 06:30:00', '2018-07-21 08:10:00', '47.73'),
(877, 39, '2018-07-16', '2018-07-21 08:55:00', '2018-07-21 10:45:00', '250.91'),
(878, 40, '2018-07-16', '2018-07-21 10:20:00', '2018-07-21 12:10:00', '122.39'),
(879, 5, '2018-07-20', '2018-07-25 06:30:00', '2018-07-25 07:40:00', '14.98'),
(880, 6, '2018-07-20', '2018-07-25 08:25:00', '2018-07-25 10:10:00', '147.89'),
(881, 7, '2018-07-20', '2018-07-25 21:55:00', '2018-07-25 23:30:00', '90.87'),
(882, 8, '2018-07-20', '2018-07-25 08:05:00', '2018-07-25 11:05:00', '163.99'),
(883, 9, '2018-07-20', '2018-07-25 06:20:00', '2018-07-25 07:50:00', '24.47'),
(884, 11, '2018-07-20', '2018-07-25 13:00:00', '2018-07-25 15:00:00', '304.97'),
(885, 13, '2018-07-20', '2018-07-25 07:05:00', '2018-07-25 08:20:00', '23.65'),
(886, 14, '2018-07-20', '2018-07-25 10:45:00', '2018-07-25 12:00:00', '36.71'),
(887, 15, '2018-07-20', '2018-07-25 06:30:00', '2018-07-25 08:10:00', '75.47'),
(888, 39, '2018-07-20', '2018-07-25 21:40:00', '2018-07-25 23:30:00', '62.41'),
(889, 40, '2018-07-20', '2018-07-25 21:15:00', '2018-07-25 23:00:00', '92.71'),
(890, 5, '2018-07-21', '2018-07-26 11:50:00', '2018-07-26 13:00:00', '14.98'),
(891, 6, '2018-07-21', '2018-07-26 08:25:00', '2018-07-26 10:10:00', '77.10'),
(892, 7, '2018-07-21', '2018-07-26 21:55:00', '2018-07-26 23:30:00', '90.87'),
(893, 8, '2018-07-21', '2018-07-26 13:40:00', '2018-07-26 16:40:00', '198.63'),
(894, 9, '2018-07-21', '2018-07-26 06:20:00', '2018-07-26 07:50:00', '14.99'),
(895, 11, '2018-07-21', '2018-07-26 14:50:00', '2018-07-26 16:50:00', '304.97'),
(896, 12, '2018-07-21', '2018-07-26 15:55:00', '2018-07-26 17:35:00', '141.77'),
(897, 15, '2018-07-21', '2018-07-26 06:30:00', '2018-07-26 08:10:00', '12.98'),
(898, 39, '2018-07-21', '2018-07-26 21:40:00', '2018-07-26 23:30:00', '119.33'),
(899, 40, '2018-07-21', '2018-07-26 10:20:00', '2018-07-26 12:10:00', '122.39'),
(900, 5, '2018-07-22', '2018-07-27 06:30:00', '2018-07-27 07:40:00', '22.02'),
(901, 7, '2018-07-22', '2018-07-27 21:55:00', '2018-07-27 23:30:00', '100.97'),
(902, 8, '2018-07-22', '2018-07-27 13:40:00', '2018-07-27 16:40:00', '198.63'),
(903, 9, '2018-07-22', '2018-07-27 06:20:00', '2018-07-27 07:50:00', '46.81'),
(904, 11, '2018-07-22', '2018-07-27 07:50:00', '2018-07-27 09:50:00', '181.55'),
(905, 13, '2018-07-22', '2018-07-27 16:45:00', '2018-07-27 18:00:00', '75.47'),
(906, 14, '2018-07-22', '2018-07-27 10:45:00', '2018-07-27 12:00:00', '41.30'),
(907, 15, '2018-07-22', '2018-07-27 06:30:00', '2018-07-27 08:10:00', '19.57'),
(908, 39, '2018-07-22', '2018-07-27 21:40:00', '2018-07-27 23:30:00', '119.33'),
(909, 40, '2018-07-22', '2018-07-27 10:20:00', '2018-07-27 12:10:00', '103.01'),
(910, 5, '2018-07-23', '2018-07-28 06:30:00', '2018-07-28 07:40:00', '32.63'),
(911, 6, '2018-07-23', '2018-07-28 22:15:00', '2018-07-28 23:59:00', '103.01'),
(912, 7, '2018-07-23', '2018-07-28 21:55:00', '2018-07-28 23:30:00', '76.18'),
(913, 8, '2018-07-23', '2018-07-28 13:35:00', '2018-07-28 16:35:00', '163.99'),
(914, 9, '2018-07-23', '2018-07-28 10:50:00', '2018-07-28 12:20:00', '55.99'),
(915, 11, '2018-07-23', '2018-07-28 13:10:00', '2018-07-28 15:05:00', '181.55'),
(916, 12, '2018-07-23', '2018-07-28 15:40:00', '2018-07-28 17:20:00', '199.91'),
(917, 13, '2018-07-23', '2018-07-28 16:40:00', '2018-07-28 17:55:00', '240.71'),
(918, 14, '2018-07-23', '2018-07-28 10:45:00', '2018-07-28 12:00:00', '25.29'),
(919, 15, '2018-07-23', '2018-07-28 06:30:00', '2018-07-28 08:10:00', '47.73'),
(920, 39, '2018-07-23', '2018-07-28 08:55:00', '2018-07-28 10:45:00', '119.33'),
(921, 40, '2018-07-23', '2018-07-28 10:20:00', '2018-07-28 12:10:00', '122.39'),
(922, 5, '2018-07-24', '2018-07-29 06:30:00', '2018-07-29 07:40:00', '52.32'),
(923, 6, '2018-07-24', '2018-07-29 22:15:00', '2018-07-29 23:59:00', '85.67'),
(924, 7, '2018-07-24', '2018-07-29 21:55:00', '2018-07-29 23:30:00', '100.97'),
(925, 8, '2018-07-24', '2018-07-29 08:05:00', '2018-07-29 11:05:00', '198.63'),
(926, 9, '2018-07-24', '2018-07-29 18:40:00', '2018-07-29 20:10:00', '128.51'),
(927, 11, '2018-07-24', '2018-07-29 07:50:00', '2018-07-29 09:50:00', '181.55'),
(928, 14, '2018-07-24', '2018-07-29 10:55:00', '2018-07-29 12:10:00', '25.29'),
(929, 15, '2018-07-24', '2018-07-29 06:30:00', '2018-07-29 08:10:00', '23.65'),
(930, 39, '2018-07-24', '2018-07-29 21:40:00', '2018-07-29 23:30:00', '98.93'),
(931, 40, '2018-07-24', '2018-07-29 10:20:00', '2018-07-29 12:10:00', '144.83'),
(932, 5, '2018-07-25', '2018-07-30 18:30:00', '2018-07-30 19:40:00', '62.41'),
(933, 6, '2018-07-25', '2018-07-30 22:15:00', '2018-07-30 23:59:00', '77.10'),
(934, 7, '2018-07-25', '2018-07-30 10:05:00', '2018-07-30 11:40:00', '120.35'),
(935, 8, '2018-07-25', '2018-07-30 20:05:00', '2018-07-30 23:05:00', '114.32'),
(936, 9, '2018-07-25', '2018-07-30 18:40:00', '2018-07-30 20:10:00', '89.75'),
(937, 11, '2018-07-25', '2018-07-30 15:40:00', '2018-07-30 17:35:00', '213.17'),
(938, 12, '2018-07-25', '2018-07-30 15:40:00', '2018-07-30 17:20:00', '98.93'),
(939, 13, '2018-07-25', '2018-07-30 16:40:00', '2018-07-30 17:55:00', '240.71'),
(940, 14, '2018-07-25', '2018-07-30 10:40:00', '2018-07-30 11:55:00', '44.05'),
(941, 15, '2018-07-25', '2018-07-30 06:30:00', '2018-07-30 08:10:00', '35.08'),
(942, 39, '2018-07-25', '2018-07-30 21:40:00', '2018-07-30 23:30:00', '82.61'),
(943, 40, '2018-07-25', '2018-07-30 21:15:00', '2018-07-30 23:00:00', '122.39'),
(944, 5, '2018-07-26', '2018-07-31 06:30:00', '2018-07-31 07:40:00', '32.63'),
(945, 6, '2018-07-26', '2018-07-31 22:15:00', '2018-07-31 23:59:00', '103.01'),
(946, 7, '2018-07-26', '2018-07-31 21:55:00', '2018-07-31 23:30:00', '67.72'),
(947, 8, '2018-07-26', '2018-07-31 08:05:00', '2018-07-31 11:05:00', '114.32'),
(948, 9, '2018-07-26', '2018-07-31 06:20:00', '2018-07-31 07:50:00', '49.77'),
(949, 11, '2018-07-26', '2018-07-31 07:50:00', '2018-07-31 09:50:00', '213.17'),
(950, 12, '2018-07-26', '2018-07-31 16:00:00', '2018-07-31 17:40:00', '119.33'),
(951, 15, '2018-07-26', '2018-07-31 20:10:00', '2018-07-31 21:50:00', '35.08'),
(952, 39, '2018-07-26', '2018-07-31 21:25:00', '2018-07-31 23:15:00', '62.41'),
(953, 40, '2018-07-26', '2018-07-31 21:15:00', '2018-07-31 23:00:00', '122.39'),
(954, 5, '2018-07-27', '2018-08-01 18:30:00', '2018-08-01 19:40:00', '45.59'),
(955, 6, '2018-07-27', '2018-08-01 22:15:00', '2018-08-01 23:59:00', '123.41'),
(956, 7, '2018-07-27', '2018-08-01 21:55:00', '2018-08-01 23:30:00', '168.29'),
(957, 8, '2018-07-27', '2018-08-01 20:05:00', '2018-08-01 23:05:00', '160.77'),
(958, 9, '2018-07-27', '2018-08-01 06:20:00', '2018-08-01 07:50:00', '41.61'),
(959, 13, '2018-07-27', '2018-08-01 07:05:00', '2018-08-01 08:20:00', '108.99'),
(960, 14, '2018-07-27', '2018-08-01 10:45:00', '2018-08-01 12:00:00', '76.99'),
(961, 15, '2018-07-27', '2018-08-01 06:30:00', '2018-08-01 08:10:00', '129.99'),
(962, 39, '2018-07-27', '2018-08-01 21:40:00', '2018-08-01 23:30:00', '164.99'),
(963, 40, '2018-07-27', '2018-08-01 21:15:00', '2018-08-01 23:00:00', '122.39'),
(964, 5, '2018-07-28', '2018-08-02 18:30:00', '2018-08-02 19:40:00', '45.59'),
(965, 6, '2018-07-28', '2018-08-02 14:15:00', '2018-08-02 16:00:00', '170.99'),
(966, 7, '2018-07-28', '2018-08-02 21:55:00', '2018-08-02 23:30:00', '196.85'),
(967, 8, '2018-07-28', '2018-08-02 08:05:00', '2018-08-02 11:05:00', '137.42'),
(968, 9, '2018-07-28', '2018-08-02 06:20:00', '2018-08-02 07:50:00', '59.56'),
(969, 11, '2018-07-28', '2018-08-02 10:25:00', '2018-08-02 12:25:00', '298.99'),
(970, 12, '2018-07-28', '2018-08-02 15:55:00', '2018-08-02 17:35:00', '245.99'),
(971, 15, '2018-07-28', '2018-08-02 06:30:00', '2018-08-02 08:10:00', '240.71'),
(972, 39, '2018-07-28', '2018-08-02 21:40:00', '2018-08-02 23:30:00', '119.33'),
(973, 40, '2018-07-28', '2018-08-02 21:15:00', '2018-08-02 23:00:00', '144.83'),
(974, 5, '2018-07-29', '2018-08-03 14:25:00', '2018-08-03 15:35:00', '62.41'),
(975, 6, '2018-07-29', '2018-08-03 14:15:00', '2018-08-03 16:00:00', '205.01'),
(976, 7, '2018-07-29', '2018-08-03 21:55:00', '2018-08-03 23:30:00', '264.17'),
(977, 8, '2018-07-29', '2018-08-03 08:05:00', '2018-08-03 11:05:00', '114.32'),
(978, 9, '2018-07-29', '2018-08-03 06:20:00', '2018-08-03 07:50:00', '67.00'),
(979, 13, '2018-07-29', '2018-08-03 16:45:00', '2018-08-03 18:00:00', '75.47'),
(980, 14, '2018-07-29', '2018-08-03 10:45:00', '2018-08-03 12:00:00', '59.66'),
(981, 15, '2018-07-29', '2018-08-03 06:30:00', '2018-08-03 08:10:00', '132.59'),
(982, 39, '2018-07-29', '2018-08-03 21:40:00', '2018-08-03 23:30:00', '141.77'),
(983, 40, '2018-07-29', '2018-08-03 21:15:00', '2018-08-03 23:00:00', '198.89'),
(984, 5, '2018-07-30', '2018-08-04 18:30:00', '2018-08-04 19:40:00', '82.61'),
(985, 6, '2018-07-30', '2018-08-04 22:15:00', '2018-08-04 23:59:00', '174.41'),
(986, 7, '2018-07-30', '2018-08-04 21:55:00', '2018-08-04 23:30:00', '264.17'),
(987, 8, '2018-07-30', '2018-08-04 16:00:00', '2018-08-04 19:00:00', '94.69'),
(988, 9, '2018-07-30', '2018-08-04 06:20:00', '2018-08-04 07:50:00', '89.75'),
(989, 13, '2018-07-30', '2018-08-04 16:40:00', '2018-08-04 17:55:00', '75.47'),
(990, 14, '2018-07-30', '2018-08-04 10:45:00', '2018-08-04 12:00:00', '93.83'),
(991, 15, '2018-07-30', '2018-08-04 06:30:00', '2018-08-04 08:10:00', '111.17'),
(992, 39, '2018-07-30', '2018-08-04 08:55:00', '2018-08-04 10:45:00', '250.91'),
(993, 40, '2018-07-30', '2018-08-04 21:15:00', '2018-08-04 23:00:00', '230.51'),
(994, 5, '2018-07-31', '2018-08-05 18:30:00', '2018-08-05 19:40:00', '116.99'),
(995, 6, '2018-07-31', '2018-08-05 14:15:00', '2018-08-05 16:00:00', '144.99'),
(996, 7, '2018-07-31', '2018-08-05 21:55:00', '2018-08-05 23:30:00', '258.99'),
(997, 8, '2018-07-31', '2018-08-05 13:35:00', '2018-08-05 16:35:00', '112.08'),
(998, 9, '2018-07-31', '2018-08-05 06:20:00', '2018-08-05 07:50:00', '89.75'),
(999, 11, '2018-07-31', '2018-08-05 07:50:00', '2018-08-05 09:50:00', '304.97'),
(1000, 14, '2018-07-31', '2018-08-05 10:55:00', '2018-08-05 12:10:00', '59.66'),
(1001, 15, '2018-07-31', '2018-08-05 06:30:00', '2018-08-05 08:10:00', '129.99'),
(1002, 39, '2018-07-31', '2018-08-05 08:55:00', '2018-08-05 10:45:00', '116.99'),
(1003, 40, '2018-07-31', '2018-08-05 10:20:00', '2018-08-05 12:10:00', '170.33'),
(1004, 5, '2018-08-01', '2018-08-06 06:30:00', '2018-08-06 07:40:00', '78.53'),
(1005, 6, '2018-08-01', '2018-08-06 08:25:00', '2018-08-06 10:10:00', '127.49'),
(1006, 7, '2018-08-01', '2018-08-06 10:05:00', '2018-08-06 11:40:00', '329.59'),
(1007, 8, '2018-08-01', '2018-08-06 20:05:00', '2018-08-06 23:05:00', '45.03'),
(1008, 9, '2018-08-01', '2018-08-06 06:20:00', '2018-08-06 07:50:00', '87.71'),
(1009, 11, '2018-08-01', '2018-08-06 15:40:00', '2018-08-06 17:35:00', '284.57'),
(1010, 12, '2018-08-01', '2018-08-06 15:40:00', '2018-08-06 17:20:00', '230.51'),
(1011, 13, '2018-08-01', '2018-08-06 16:40:00', '2018-08-06 17:55:00', '90.77'),
(1012, 14, '2018-08-01', '2018-08-06 10:40:00', '2018-08-06 11:55:00', '58.13'),
(1013, 15, '2018-08-01', '2018-08-06 06:30:00', '2018-08-06 08:10:00', '70.37'),
(1014, 39, '2018-08-01', '2018-08-06 08:55:00', '2018-08-06 10:45:00', '98.93'),
(1015, 40, '2018-08-01', '2018-08-06 10:20:00', '2018-08-06 12:10:00', '247.85'),
(1016, 5, '2018-08-02', '2018-08-07 18:30:00', '2018-08-07 19:40:00', '99.33'),
(1017, 6, '2018-08-02', '2018-08-07 14:15:00', '2018-08-07 16:00:00', '154.41'),
(1018, 7, '2018-08-02', '2018-08-07 21:55:00', '2018-08-07 23:30:00', '329.99'),
(1019, 8, '2018-08-02', '2018-08-07 20:05:00', '2018-08-07 23:05:00', '57.03'),
(1020, 9, '2018-08-02', '2018-08-07 14:20:00', '2018-08-07 15:50:00', '108.51'),
(1021, 11, '2018-08-02', '2018-08-07 07:50:00', '2018-08-07 09:50:00', '279.38'),
(1022, 12, '2018-08-02', '2018-08-07 16:00:00', '2018-08-07 17:40:00', '99.33'),
(1023, 15, '2018-08-02', '2018-08-07 20:10:00', '2018-08-07 21:50:00', '69.38'),
(1024, 39, '2018-08-02', '2018-08-07 08:55:00', '2018-08-07 10:45:00', '148.29'),
(1025, 40, '2018-08-02', '2018-08-07 21:15:00', '2018-08-07 23:00:00', '175.38'),
(1026, 5, '2018-08-03', '2018-08-08 14:25:00', '2018-08-08 15:35:00', '119.38'),
(1027, 6, '2018-08-03', '2018-08-08 22:15:00', '2018-08-08 23:59:00', '127.89'),
(1028, 7, '2018-08-03', '2018-08-08 21:55:00', '2018-08-08 23:30:00', '329.99'),
(1029, 8, '2018-08-03', '2018-08-08 20:05:00', '2018-08-08 23:05:00', '45.48'),
(1030, 9, '2018-08-03', '2018-08-08 10:50:00', '2018-08-08 12:20:00', '108.51'),
(1031, 11, '2018-08-03', '2018-08-08 13:00:00', '2018-08-08 15:00:00', '279.38'),
(1032, 13, '2018-08-03', '2018-08-08 07:05:00', '2018-08-08 08:20:00', '110.38'),
(1033, 14, '2018-08-03', '2018-08-08 10:45:00', '2018-08-08 12:00:00', '169.38'),
(1034, 15, '2018-08-03', '2018-08-08 06:30:00', '2018-08-08 08:10:00', '91.17'),
(1035, 39, '2018-08-03', '2018-08-08 21:40:00', '2018-08-08 23:30:00', '176.38'),
(1036, 40, '2018-08-03', '2018-08-08 21:15:00', '2018-08-08 23:00:00', '147.38'),
(1037, 5, '2018-08-04', '2018-08-09 11:50:00', '2018-08-09 13:00:00', '77.38'),
(1038, 6, '2018-08-04', '2018-08-09 22:15:00', '2018-08-09 23:59:00', '103.41'),
(1039, 7, '2018-08-04', '2018-08-09 21:55:00', '2018-08-09 23:30:00', '244.17'),
(1040, 8, '2018-08-04', '2018-08-09 13:40:00', '2018-08-09 16:40:00', '72.05'),
(1041, 9, '2018-08-04', '2018-08-09 06:20:00', '2018-08-09 07:50:00', '88.11'),
(1042, 11, '2018-08-04', '2018-08-09 14:50:00', '2018-08-09 16:50:00', '224.38'),
(1043, 12, '2018-08-04', '2018-08-09 15:55:00', '2018-08-09 17:35:00', '230.91'),
(1044, 15, '2018-08-04', '2018-08-09 06:30:00', '2018-08-09 08:10:00', '70.77'),
(1045, 39, '2018-08-04', '2018-08-09 21:40:00', '2018-08-09 23:30:00', '97.38'),
(1046, 40, '2018-08-04', '2018-08-09 10:20:00', '2018-08-09 12:10:00', '122.38'),
(1047, 5, '2018-08-05', '2018-08-10 06:30:00', '2018-08-10 07:40:00', '61.38'),
(1048, 6, '2018-08-05', '2018-08-10 14:15:00', '2018-08-10 16:00:00', '127.89'),
(1049, 7, '2018-08-05', '2018-08-10 21:55:00', '2018-08-10 23:30:00', '244.17'),
(1050, 8, '2018-08-05', '2018-08-10 13:40:00', '2018-08-10 16:40:00', '72.05'),
(1051, 9, '2018-08-05', '2018-08-10 06:20:00', '2018-08-10 07:50:00', '88.11'),
(1052, 11, '2018-08-05', '2018-08-10 07:50:00', '2018-08-10 09:50:00', '279.38'),
(1053, 13, '2018-08-05', '2018-08-10 16:45:00', '2018-08-10 18:00:00', '166.38'),
(1054, 14, '2018-08-05', '2018-08-10 10:45:00', '2018-08-10 12:00:00', '113.38'),
(1055, 15, '2018-08-05', '2018-08-10 06:30:00', '2018-08-10 08:10:00', '91.17'),
(1056, 39, '2018-08-05', '2018-08-10 08:55:00', '2018-08-10 10:45:00', '119.38'),
(1057, 40, '2018-08-05', '2018-08-10 10:20:00', '2018-08-10 12:10:00', '147.38'),
(1058, 5, '2018-08-06', '2018-08-11 06:30:00', '2018-08-11 07:40:00', '77.38'),
(1059, 6, '2018-08-06', '2018-08-11 22:15:00', '2018-08-11 23:59:00', '185.01'),
(1060, 7, '2018-08-06', '2018-08-11 21:55:00', '2018-08-11 23:30:00', '244.17'),
(1061, 8, '2018-08-06', '2018-08-11 08:05:00', '2018-08-11 11:05:00', '91.68'),
(1062, 9, '2018-08-06', '2018-08-11 06:20:00', '2018-08-11 07:50:00', '93.21'),
(1063, 11, '2018-08-06', '2018-08-11 15:30:00', '2018-08-11 17:30:00', '189.38'),
(1064, 12, '2018-08-06', '2018-08-11 15:40:00', '2018-08-11 17:20:00', '230.91'),
(1065, 13, '2018-08-06', '2018-08-11 16:40:00', '2018-08-11 17:55:00', '69.38'),
(1066, 14, '2018-08-06', '2018-08-11 10:45:00', '2018-08-11 12:00:00', '45.38'),
(1067, 15, '2018-08-06', '2018-08-11 06:30:00', '2018-08-11 08:10:00', '138.09'),
(1068, 39, '2018-08-06', '2018-08-11 08:55:00', '2018-08-11 10:45:00', '145.38'),
(1069, 40, '2018-08-06', '2018-08-11 10:20:00', '2018-08-11 12:10:00', '175.38'),
(1070, 5, '2018-08-07', '2018-08-12 06:30:00', '2018-08-12 07:40:00', '141.77'),
(1071, 6, '2018-08-07', '2018-08-12 22:15:00', '2018-08-12 23:59:00', '147.89'),
(1072, 7, '2018-08-07', '2018-08-12 10:15:00', '2018-08-12 11:50:00', '228.47'),
(1073, 8, '2018-08-07', '2018-08-12 16:00:00', '2018-08-12 19:00:00', '114.32'),
(1074, 9, '2018-08-07', '2018-08-12 06:20:00', '2018-08-12 07:50:00', '135.65'),
(1075, 14, '2018-08-07', '2018-08-12 10:55:00', '2018-08-12 12:10:00', '93.83'),
(1076, 15, '2018-08-07', '2018-08-12 06:30:00', '2018-08-12 08:10:00', '240.71'),
(1077, 39, '2018-08-07', '2018-08-12 08:55:00', '2018-08-12 10:45:00', '250.91'),
(1078, 40, '2018-08-07', '2018-08-12 10:20:00', '2018-08-12 12:10:00', '144.83'),
(1079, 5, '2018-08-08', '2018-08-13 06:30:00', '2018-08-13 07:40:00', '138.99'),
(1080, 6, '2018-08-08', '2018-08-13 22:15:00', '2018-08-13 23:59:00', '120.99'),
(1081, 7, '2018-08-08', '2018-08-13 21:55:00', '2018-08-13 23:30:00', '223.99'),
(1082, 8, '2018-08-08', '2018-08-13 20:05:00', '2018-08-13 23:05:00', '79.68'),
(1083, 9, '2018-08-08', '2018-08-13 10:50:00', '2018-08-13 12:20:00', '250.99'),
(1084, 11, '2018-08-08', '2018-08-13 15:40:00', '2018-08-13 17:35:00', '248.87'),
(1085, 12, '2018-08-08', '2018-08-13 15:40:00', '2018-08-13 17:20:00', '250.91'),
(1086, 13, '2018-08-08', '2018-08-13 16:40:00', '2018-08-13 17:55:00', '90.77'),
(1087, 14, '2018-08-08', '2018-08-13 10:40:00', '2018-08-13 11:55:00', '76.99'),
(1088, 39, '2018-08-08', '2018-08-13 08:55:00', '2018-08-13 10:45:00', '116.99'),
(1089, 40, '2018-08-08', '2018-08-13 21:15:00', '2018-08-13 23:00:00', '166.99'),
(1090, 5, '2018-08-09', '2018-08-14 11:50:00', '2018-08-14 13:00:00', '138.99'),
(1091, 6, '2018-08-09', '2018-08-14 22:15:00', '2018-08-14 23:59:00', '123.41'),
(1092, 7, '2018-08-09', '2018-08-14 21:55:00', '2018-08-14 23:30:00', '192.99'),
(1093, 8, '2018-08-09', '2018-08-14 16:00:00', '2018-08-14 19:00:00', '112.08'),
(1094, 9, '2018-08-09', '2018-08-14 14:20:00', '2018-08-14 15:50:00', '156.99'),
(1095, 11, '2018-08-09', '2018-08-14 07:50:00', '2018-08-14 09:50:00', '304.97'),
(1096, 12, '2018-08-09', '2018-08-14 16:00:00', '2018-08-14 17:40:00', '195.99'),
(1097, 15, '2018-08-09', '2018-08-14 20:10:00', '2018-08-14 21:50:00', '235.99'),
(1098, 39, '2018-08-09', '2018-08-14 08:55:00', '2018-08-14 10:45:00', '82.61'),
(1099, 40, '2018-08-09', '2018-08-14 21:15:00', '2018-08-14 23:00:00', '166.99'),
(1100, 5, '2018-08-10', '2018-08-15 18:30:00', '2018-08-15 19:40:00', '107.19'),
(1101, 6, '2018-08-10', '2018-08-15 22:15:00', '2018-08-15 23:59:00', '137.89'),
(1102, 7, '2018-08-10', '2018-08-15 21:55:00', '2018-08-15 23:30:00', '183.19'),
(1103, 8, '2018-08-10', '2018-08-15 13:40:00', '2018-08-15 16:40:00', '103.00'),
(1104, 9, '2018-08-10', '2018-08-15 10:50:00', '2018-08-15 12:20:00', '177.67'),
(1105, 11, '2018-08-10', '2018-08-15 13:00:00', '2018-08-15 15:00:00', '199.19'),
(1106, 13, '2018-08-10', '2018-08-15 07:05:00', '2018-08-15 08:20:00', '101.17'),
(1107, 14, '2018-08-10', '2018-08-15 10:45:00', '2018-08-15 12:00:00', '123.19'),
(1108, 15, '2018-08-10', '2018-08-15 06:30:00', '2018-08-15 08:10:00', '226.19'),
(1109, 39, '2018-08-10', '2018-08-15 08:55:00', '2018-08-15 10:45:00', '240.91'),
(1110, 40, '2018-08-10', '2018-08-15 21:15:00', '2018-08-15 23:00:00', '112.39'),
(1111, 5, '2018-08-11', '2018-08-16 11:50:00', '2018-08-16 13:00:00', '109.33'),
(1112, 6, '2018-08-11', '2018-08-16 14:15:00', '2018-08-16 16:00:00', '113.41'),
(1113, 7, '2018-08-11', '2018-08-16 21:55:00', '2018-08-16 23:30:00', '158.29'),
(1114, 8, '2018-08-11', '2018-08-16 08:05:00', '2018-08-16 11:05:00', '123.63'),
(1115, 9, '2018-08-11', '2018-08-16 18:40:00', '2018-08-16 20:10:00', '147.19'),
(1116, 11, '2018-08-11', '2018-08-16 14:45:00', '2018-08-16 16:40:00', '168.19'),
(1117, 12, '2018-08-11', '2018-08-16 15:55:00', '2018-08-16 17:35:00', '236.19'),
(1118, 15, '2018-08-11', '2018-08-16 06:30:00', '2018-08-16 08:10:00', '226.19'),
(1119, 39, '2018-08-11', '2018-08-16 08:55:00', '2018-08-16 10:45:00', '72.61'),
(1120, 40, '2018-08-11', '2018-08-16 10:20:00', '2018-08-16 12:10:00', '188.89'),
(1121, 5, '2018-08-12', '2018-08-17 06:30:00', '2018-08-17 07:40:00', '88.93'),
(1122, 6, '2018-08-12', '2018-08-17 14:15:00', '2018-08-17 16:00:00', '231.73'),
(1123, 7, '2018-08-12', '2018-08-17 10:05:00', '2018-08-17 11:40:00', '218.47'),
(1124, 8, '2018-08-12', '2018-08-17 16:00:00', '2018-08-17 19:00:00', '152.66'),
(1125, 9, '2018-08-12', '2018-08-17 06:20:00', '2018-08-17 07:50:00', '125.65'),
(1126, 11, '2018-08-12', '2018-08-17 07:50:00', '2018-08-17 09:50:00', '144.01'),
(1127, 13, '2018-08-12', '2018-08-17 16:45:00', '2018-08-17 18:00:00', '230.71'),
(1128, 14, '2018-08-12', '2018-08-17 10:45:00', '2018-08-17 12:00:00', '35.89'),
(1129, 15, '2018-08-12', '2018-08-17 06:30:00', '2018-08-17 08:10:00', '230.71'),
(1130, 39, '2018-08-12', '2018-08-17 21:40:00', '2018-08-17 23:30:00', '72.61'),
(1131, 40, '2018-08-12', '2018-08-17 16:50:00', '2018-08-17 18:35:00', '134.83'),
(1132, 5, '2018-08-13', '2018-08-18 06:30:00', '2018-08-18 07:40:00', '87.19'),
(1133, 6, '2018-08-13', '2018-08-18 22:15:00', '2018-08-18 23:59:00', '91.19'),
(1134, 7, '2018-08-13', '2018-08-18 16:40:00', '2018-08-18 18:20:00', '183.19'),
(1135, 8, '2018-08-13', '2018-08-18 20:05:00', '2018-08-18 23:05:00', '123.63'),
(1136, 9, '2018-08-13', '2018-08-18 18:40:00', '2018-08-18 20:10:00', '147.19'),
(1137, 11, '2018-08-13', '2018-08-18 13:10:00', '2018-08-18 15:05:00', '203.17'),
(1138, 12, '2018-08-13', '2018-08-18 15:40:00', '2018-08-18 17:20:00', '240.91'),
(1139, 13, '2018-08-13', '2018-08-18 16:40:00', '2018-08-18 17:55:00', '65.47'),
(1140, 14, '2018-08-13', '2018-08-18 10:45:00', '2018-08-18 12:00:00', '21.61'),
(1141, 15, '2018-08-13', '2018-08-18 06:30:00', '2018-08-18 08:10:00', '226.19'),
(1142, 39, '2018-08-13', '2018-08-18 08:55:00', '2018-08-18 10:45:00', '240.91'),
(1143, 40, '2018-08-13', '2018-08-18 10:20:00', '2018-08-18 12:10:00', '160.33'),
(1144, 5, '2018-08-14', '2018-08-19 06:30:00', '2018-08-19 07:40:00', '131.77'),
(1145, 6, '2018-08-14', '2018-08-19 08:25:00', '2018-08-19 10:10:00', '161.19'),
(1146, 7, '2018-08-14', '2018-08-19 21:55:00', '2018-08-19 23:30:00', '186.85'),
(1147, 8, '2018-08-14', '2018-08-19 20:05:00', '2018-08-19 23:05:00', '123.63'),
(1148, 9, '2018-08-14', '2018-08-19 06:20:00', '2018-08-19 07:50:00', '150.13'),
(1149, 11, '2018-08-14', '2018-08-19 07:50:00', '2018-08-19 09:50:00', '294.97'),
(1150, 14, '2018-08-14', '2018-08-19 10:55:00', '2018-08-19 12:10:00', '55.19'),
(1151, 15, '2018-08-14', '2018-08-19 06:30:00', '2018-08-19 08:10:00', '226.19'),
(1152, 39, '2018-08-14', '2018-08-19 21:40:00', '2018-08-19 23:30:00', '131.77'),
(1153, 40, '2018-08-14', '2018-08-19 16:45:00', '2018-08-19 18:30:00', '216.19'),
(1154, 5, '2018-08-16', '2018-08-21 06:30:00', '2018-08-21 07:40:00', '168.29'),
(1155, 6, '2018-08-16', '2018-08-21 22:15:00', '2018-08-21 23:59:00', '77.10'),
(1156, 7, '2018-08-16', '2018-08-21 21:55:00', '2018-08-21 23:30:00', '120.35'),
(1157, 8, '2018-08-16', '2018-08-21 20:05:00', '2018-08-21 23:05:00', '159.01'),
(1158, 9, '2018-08-16', '2018-08-21 18:40:00', '2018-08-21 20:10:00', '160.13'),
(1159, 11, '2018-08-16', '2018-08-21 07:50:00', '2018-08-21 09:50:00', '243.99'),
(1160, 12, '2018-08-16', '2018-08-21 16:00:00', '2018-08-21 17:40:00', '116.99'),
(1161, 15, '2018-08-16', '2018-08-21 20:10:00', '2018-08-21 21:50:00', '185.99'),
(1162, 39, '2018-08-16', '2018-08-21 21:25:00', '2018-08-21 23:15:00', '26.39'),
(1163, 40, '2018-08-16', '2018-08-21 10:20:00', '2018-08-21 12:10:00', '144.83'),
(1164, 5, '2018-08-17', '2018-08-22 06:30:00', '2018-08-22 07:40:00', '98.93'),
(1165, 6, '2018-08-17', '2018-08-22 22:15:00', '2018-08-22 23:59:00', '45.59'),
(1166, 7, '2018-08-17', '2018-08-22 21:55:00', '2018-08-22 23:30:00', '74.69'),
(1167, 8, '2018-08-17', '2018-08-22 13:40:00', '2018-08-22 16:40:00', '196.46'),
(1168, 9, '2018-08-17', '2018-08-22 14:20:00', '2018-08-22 15:50:00', '187.67'),
(1169, 11, '2018-08-17', '2018-08-22 13:00:00', '2018-08-22 15:00:00', '48.95'),
(1170, 13, '2018-08-17', '2018-08-22 07:05:00', '2018-08-22 08:20:00', '28.55'),
(1171, 14, '2018-08-17', '2018-08-22 10:45:00', '2018-08-22 12:00:00', '25.29'),
(1172, 15, '2018-08-17', '2018-08-22 06:30:00', '2018-08-22 08:10:00', '108.99'),
(1173, 39, '2018-08-17', '2018-08-22 21:40:00', '2018-08-22 23:30:00', '26.39'),
(1174, 40, '2018-08-17', '2018-08-22 10:20:00', '2018-08-22 12:10:00', '90.89'),
(1175, 5, '2018-08-18', '2018-08-23 06:30:00', '2018-08-23 07:40:00', '89.04'),
(1176, 6, '2018-08-18', '2018-08-23 22:15:00', '2018-08-23 23:59:00', '46.50'),
(1177, 7, '2018-08-18', '2018-08-23 21:55:00', '2018-08-23 23:30:00', '90.87'),
(1178, 8, '2018-08-18', '2018-08-23 16:00:00', '2018-08-23 19:00:00', '196.46'),
(1179, 9, '2018-08-18', '2018-08-23 14:20:00', '2018-08-23 15:50:00', '219.29'),
(1180, 11, '2018-08-18', '2018-08-23 14:50:00', '2018-08-23 16:50:00', '32.63'),
(1181, 12, '2018-08-18', '2018-08-23 15:55:00', '2018-08-23 17:35:00', '141.77'),
(1182, 15, '2018-08-18', '2018-08-23 06:30:00', '2018-08-23 08:10:00', '81.69'),
(1183, 39, '2018-08-18', '2018-08-23 21:40:00', '2018-08-23 23:30:00', '26.92'),
(1184, 40, '2018-08-18', '2018-08-23 21:15:00', '2018-08-23 23:00:00', '110.15'),
(1185, 5, '2018-08-19', '2018-08-24 06:30:00', '2018-08-24 07:40:00', '98.93'),
(1186, 6, '2018-08-19', '2018-08-24 22:15:00', '2018-08-24 23:59:00', '31.00'),
(1187, 7, '2018-08-19', '2018-08-24 10:05:00', '2018-08-24 11:40:00', '142.79'),
(1188, 8, '2018-08-19', '2018-08-24 16:00:00', '2018-08-24 19:00:00', '242.15'),
(1189, 9, '2018-08-19', '2018-08-24 10:50:00', '2018-08-24 12:20:00', '160.13'),
(1190, 11, '2018-08-19', '2018-08-24 14:00:00', '2018-08-24 15:55:00', '80.77'),
(1191, 13, '2018-08-19', '2018-08-24 16:45:00', '2018-08-24 18:00:00', '35.08'),
(1192, 14, '2018-08-19', '2018-08-24 10:45:00', '2018-08-24 12:00:00', '25.29'),
(1193, 15, '2018-08-19', '2018-08-24 06:30:00', '2018-08-24 08:10:00', '189.71'),
(1194, 39, '2018-08-19', '2018-08-24 21:40:00', '2018-08-24 23:30:00', '82.61'),
(1195, 40, '2018-08-19', '2018-08-24 10:20:00', '2018-08-24 12:10:00', '122.39'),
(1196, 5, '2018-08-20', '2018-08-25 18:30:00', '2018-08-25 19:40:00', '96.99'),
(1197, 6, '2018-08-20', '2018-08-25 22:15:00', '2018-08-25 23:59:00', '45.59'),
(1198, 7, '2018-08-20', '2018-08-25 21:55:00', '2018-08-25 23:30:00', '76.18'),
(1199, 8, '2018-08-20', '2018-08-25 16:00:00', '2018-08-25 19:00:00', '196.46'),
(1200, 9, '2018-08-20', '2018-08-25 06:20:00', '2018-08-25 07:50:00', '160.13'),
(1201, 11, '2018-08-20', '2018-08-25 06:40:00', '2018-08-25 08:40:00', '154.01'),
(1202, 12, '2018-08-20', '2018-08-25 15:40:00', '2018-08-25 17:20:00', '250.91'),
(1203, 13, '2018-08-20', '2018-08-25 16:40:00', '2018-08-25 17:55:00', '75.47'),
(1204, 14, '2018-08-20', '2018-08-25 10:45:00', '2018-08-25 12:00:00', '25.29'),
(1205, 15, '2018-08-20', '2018-08-25 06:30:00', '2018-08-25 08:10:00', '154.99'),
(1206, 39, '2018-08-20', '2018-08-25 08:55:00', '2018-08-25 10:45:00', '250.91'),
(1207, 40, '2018-08-20', '2018-08-25 21:15:00', '2018-08-25 23:00:00', '144.83'),
(1208, 5, '2018-08-21', '2018-08-26 06:30:00', '2018-08-26 07:40:00', '138.99'),
(1209, 6, '2018-08-21', '2018-08-26 22:15:00', '2018-08-26 23:59:00', '46.50'),
(1210, 7, '2018-08-21', '2018-08-26 21:55:00', '2018-08-26 23:30:00', '89.09'),
(1211, 8, '2018-08-21', '2018-08-26 20:05:00', '2018-08-26 23:05:00', '242.15'),
(1212, 9, '2018-08-21', '2018-08-26 14:20:00', '2018-08-26 15:50:00', '256.01'),
(1213, 11, '2018-08-21', '2018-08-26 07:50:00', '2018-08-26 09:50:00', '108.11'),
(1214, 14, '2018-08-21', '2018-08-26 10:55:00', '2018-08-26 12:10:00', '24.79'),
(1215, 15, '2018-08-21', '2018-08-26 06:30:00', '2018-08-26 08:10:00', '240.71'),
(1216, 39, '2018-08-21', '2018-08-26 21:40:00', '2018-08-26 23:30:00', '51.29'),
(1217, 40, '2018-08-21', '2018-08-26 10:20:00', '2018-08-26 12:10:00', '122.39'),
(1218, 5, '2018-08-22', '2018-08-27 06:30:00', '2018-08-27 07:40:00', '138.99'),
(1219, 6, '2018-08-22', '2018-08-27 14:15:00', '2018-08-27 16:00:00', '38.34'),
(1220, 7, '2018-08-22', '2018-08-27 21:55:00', '2018-08-27 23:30:00', '106.19'),
(1221, 8, '2018-08-22', '2018-08-27 20:05:00', '2018-08-27 23:05:00', '110.86'),
(1222, 9, '2018-08-22', '2018-08-27 06:20:00', '2018-08-27 07:50:00', '187.67'),
(1223, 11, '2018-08-22', '2018-08-27 17:40:00', '2018-08-27 19:40:00', '31.99'),
(1224, 12, '2018-08-22', '2018-08-27 15:40:00', '2018-08-27 17:20:00', '89.04'),
(1225, 13, '2018-08-22', '2018-08-27 16:40:00', '2018-08-27 17:55:00', '67.92'),
(1226, 14, '2018-08-22', '2018-08-27 10:40:00', '2018-08-27 11:55:00', '25.29'),
(1227, 15, '2018-08-22', '2018-08-27 06:30:00', '2018-08-27 08:10:00', '235.99'),
(1228, 39, '2018-08-22', '2018-08-27 21:40:00', '2018-08-27 23:30:00', '26.92'),
(1229, 40, '2018-08-22', '2018-08-27 21:15:00', '2018-08-27 23:00:00', '107.99'),
(1230, 5, '2018-08-23', '2018-08-28 18:30:00', '2018-08-28 19:40:00', '164.99'),
(1231, 6, '2018-08-23', '2018-08-28 22:15:00', '2018-08-28 23:59:00', '24.47'),
(1232, 7, '2018-08-23', '2018-08-28 21:55:00', '2018-08-28 23:30:00', '66.39'),
(1233, 8, '2018-08-23', '2018-08-28 13:40:00', '2018-08-28 16:40:00', '110.86'),
(1234, 9, '2018-08-23', '2018-08-28 18:40:00', '2018-08-28 20:10:00', '187.67'),
(1235, 11, '2018-08-23', '2018-08-28 14:50:00', '2018-08-28 16:50:00', '25.59'),
(1236, 12, '2018-08-23', '2018-08-28 16:00:00', '2018-08-28 17:40:00', '46.50'),
(1237, 15, '2018-08-23', '2018-08-28 20:10:00', '2018-08-28 21:50:00', '80.09'),
(1238, 39, '2018-08-23', '2018-08-28 21:25:00', '2018-08-28 23:15:00', '22.02'),
(1239, 40, '2018-08-23', '2018-08-28 21:15:00', '2018-08-28 23:00:00', '107.99'),
(1240, 5, '2018-08-24', '2018-08-29 18:30:00', '2018-08-29 19:40:00', '168.29'),
(1241, 6, '2018-08-24', '2018-08-29 22:15:00', '2018-08-29 23:59:00', '34.87'),
(1242, 7, '2018-08-24', '2018-08-29 21:55:00', '2018-08-29 23:30:00', '120.35'),
(1243, 8, '2018-08-24', '2018-08-29 16:00:00', '2018-08-29 19:00:00', '93.65'),
(1244, 9, '2018-08-24', '2018-08-29 06:20:00', '2018-08-29 07:50:00', '187.67'),
(1245, 11, '2018-08-24', '2018-08-29 13:00:00', '2018-08-29 15:00:00', '36.71'),
(1246, 13, '2018-08-24', '2018-08-29 07:05:00', '2018-08-29 08:20:00', '26.61'),
(1247, 14, '2018-08-24', '2018-08-29 10:45:00', '2018-08-29 12:00:00', '28.45'),
(1248, 15, '2018-08-24', '2018-08-29 06:30:00', '2018-08-29 08:10:00', '132.59'),
(1249, 39, '2018-08-24', '2018-08-29 08:55:00', '2018-08-29 10:45:00', '30.28'),
(1250, 40, '2018-08-24', '2018-08-29 10:20:00', '2018-08-29 12:10:00', '122.39'),
(1251, 5, '2018-08-25', '2018-08-30 18:30:00', '2018-08-30 19:40:00', '141.77'),
(1252, 6, '2018-08-25', '2018-08-30 22:15:00', '2018-08-30 23:59:00', '34.87'),
(1253, 7, '2018-08-25', '2018-08-30 10:05:00', '2018-08-30 11:40:00', '196.85'),
(1254, 8, '2018-08-25', '2018-08-30 16:00:00', '2018-08-30 19:00:00', '93.65'),
(1255, 9, '2018-08-25', '2018-08-30 14:20:00', '2018-08-30 15:50:00', '183.99'),
(1256, 11, '2018-08-25', '2018-08-30 14:45:00', '2018-08-30 16:40:00', '66.09'),
(1257, 12, '2018-08-25', '2018-08-30 15:55:00', '2018-08-30 17:35:00', '98.93'),
(1258, 15, '2018-08-25', '2018-08-30 06:30:00', '2018-08-30 08:10:00', '73.99'),
(1259, 39, '2018-08-25', '2018-08-30 21:40:00', '2018-08-30 23:30:00', '30.28'),
(1260, 40, '2018-08-25', '2018-08-30 10:20:00', '2018-08-30 12:10:00', '141.99'),
(1261, 5, '2018-08-26', '2018-08-31 14:25:00', '2018-08-31 15:35:00', '168.29'),
(1262, 6, '2018-08-26', '2018-08-31 22:15:00', '2018-08-31 23:59:00', '51.29'),
(1263, 7, '2018-08-26', '2018-08-31 10:05:00', '2018-08-31 11:40:00', '120.35'),
(1264, 8, '2018-08-26', '2018-08-31 08:05:00', '2018-08-31 11:05:00', '135.92'),
(1265, 9, '2018-08-26', '2018-08-31 06:20:00', '2018-08-31 07:50:00', '312.11'),
(1266, 11, '2018-08-26', '2018-08-31 07:50:00', '2018-08-31 09:50:00', '129.53'),
(1267, 13, '2018-08-26', '2018-08-31 16:45:00', '2018-08-31 18:00:00', '47.73'),
(1268, 14, '2018-08-26', '2018-08-31 10:45:00', '2018-08-31 12:00:00', '33.29'),
(1269, 15, '2018-08-26', '2018-08-31 06:30:00', '2018-08-31 08:10:00', '235.99'),
(1270, 39, '2018-08-26', '2018-08-31 21:40:00', '2018-08-31 23:30:00', '35.99'),
(1271, 40, '2018-08-26', '2018-08-31 21:15:00', '2018-08-31 23:00:00', '119.99'),
(1272, 5, '2018-08-27', '2018-09-01 06:30:00', '2018-09-01 07:40:00', '168.29'),
(1273, 6, '2018-08-27', '2018-09-01 22:15:00', '2018-09-01 23:59:00', '46.50'),
(1274, 7, '2018-08-27', '2018-09-01 21:55:00', '2018-09-01 23:30:00', '79.19'),
(1275, 8, '2018-08-27', '2018-09-01 20:05:00', '2018-09-01 23:05:00', '61.81'),
(1276, 9, '2018-08-27', '2018-09-01 06:20:00', '2018-09-01 07:50:00', '183.99'),
(1277, 11, '2018-08-27', '2018-09-01 13:10:00', '2018-09-01 15:05:00', '150.99'),
(1278, 12, '2018-08-27', '2018-09-01 15:40:00', '2018-09-01 17:20:00', '250.91'),
(1279, 13, '2018-08-27', '2018-09-01 16:40:00', '2018-09-01 17:55:00', '189.71'),
(1280, 14, '2018-08-27', '2018-09-01 10:45:00', '2018-09-01 12:00:00', '21.21'),
(1281, 15, '2018-08-27', '2018-09-01 06:30:00', '2018-09-01 08:10:00', '235.99'),
(1282, 39, '2018-08-27', '2018-09-01 08:55:00', '2018-09-01 10:45:00', '77.59'),
(1283, 40, '2018-08-27', '2018-09-01 10:20:00', '2018-09-01 12:10:00', '82.41'),
(1284, 5, '2018-08-28', '2018-09-02 11:50:00', '2018-09-02 13:00:00', '168.29'),
(1285, 6, '2018-08-28', '2018-09-02 22:15:00', '2018-09-02 23:59:00', '68.53'),
(1286, 7, '2018-08-28', '2018-09-02 21:55:00', '2018-09-02 23:30:00', '94.39'),
(1287, 8, '2018-08-28', '2018-09-02 08:05:00', '2018-09-02 11:05:00', '36.72'),
(1288, 9, '2018-08-28', '2018-09-02 06:20:00', '2018-09-02 07:50:00', '250.99'),
(1289, 11, '2018-08-28', '2018-09-02 07:50:00', '2018-09-02 09:50:00', '154.01'),
(1290, 14, '2018-08-28', '2018-09-02 10:55:00', '2018-09-02 12:10:00', '25.29'),
(1291, 15, '2018-08-28', '2018-09-02 06:30:00', '2018-09-02 08:10:00', '129.99'),
(1292, 39, '2018-08-28', '2018-09-02 21:40:00', '2018-09-02 23:30:00', '39.16'),
(1293, 40, '2018-08-28', '2018-09-02 10:20:00', '2018-09-02 12:10:00', '47.19'),
(1294, 5, '2018-08-29', '2018-09-03 06:30:00', '2018-09-03 07:40:00', '199.91'),
(1295, 6, '2018-08-29', '2018-09-03 22:15:00', '2018-09-03 23:59:00', '22.02'),
(1296, 7, '2018-08-29', '2018-09-03 21:55:00', '2018-09-03 23:30:00', '114.23'),
(1297, 8, '2018-08-29', '2018-09-03 16:00:00', '2018-09-03 19:00:00', '31.05'),
(1298, 9, '2018-08-29', '2018-09-03 14:20:00', '2018-09-03 15:50:00', '219.29'),
(1299, 11, '2018-08-29', '2018-09-03 15:40:00', '2018-09-03 17:35:00', '120.99'),
(1300, 12, '2018-08-29', '2018-09-03 15:40:00', '2018-09-03 17:20:00', '45.59'),
(1301, 14, '2018-08-29', '2018-09-03 10:40:00', '2018-09-03 11:55:00', '111.99'),
(1302, 15, '2018-08-29', '2018-09-03 06:30:00', '2018-09-03 08:10:00', '154.99'),
(1303, 39, '2018-08-29', '2018-09-03 21:40:00', '2018-09-03 23:30:00', '22.02'),
(1304, 40, '2018-08-29', '2018-09-03 10:20:00', '2018-09-03 12:10:00', '69.35'),
(1305, 5, '2018-08-30', '2018-09-04 14:25:00', '2018-09-04 15:35:00', '168.29'),
(1306, 6, '2018-08-30', '2018-09-04 22:15:00', '2018-09-04 23:59:00', '22.02'),
(1307, 7, '2018-08-30', '2018-09-04 21:55:00', '2018-09-04 23:30:00', '37.59'),
(1308, 8, '2018-08-30', '2018-09-04 20:05:00', '2018-09-04 23:05:00', '25.97'),
(1309, 9, '2018-08-30', '2018-09-04 06:20:00', '2018-09-04 07:50:00', '187.67'),
(1310, 11, '2018-08-30', '2018-09-04 14:50:00', '2018-09-04 16:50:00', '57.11'),
(1311, 12, '2018-08-30', '2018-09-04 16:00:00', '2018-09-04 17:40:00', '26.92'),
(1312, 15, '2018-08-30', '2018-09-04 20:10:00', '2018-09-04 21:50:00', '71.19'),
(1313, 39, '2018-08-30', '2018-09-04 21:25:00', '2018-09-04 23:15:00', '21.59'),
(1314, 40, '2018-08-30', '2018-09-04 10:20:00', '2018-09-04 12:10:00', '82.41'),
(1315, 5, '2018-08-31', '2018-09-05 11:50:00', '2018-09-05 13:00:00', '126.77'),
(1316, 6, '2018-08-31', '2018-09-05 22:15:00', '2018-09-05 23:59:00', '17.53'),
(1317, 7, '2018-08-31', '2018-09-05 21:55:00', '2018-09-05 23:30:00', '66.59'),
(1318, 8, '2018-08-31', '2018-09-05 08:05:00', '2018-09-05 11:05:00', '21.49'),
(1319, 9, '2018-08-31', '2018-09-05 10:50:00', '2018-09-05 12:20:00', '142.28'),
(1320, 11, '2018-08-31', '2018-09-05 09:40:00', '2018-09-05 11:35:00', '131.87'),
(1321, 13, '2018-08-31', '2018-09-05 07:05:00', '2018-09-05 08:20:00', '14.47'),
(1322, 14, '2018-08-31', '2018-09-05 10:45:00', '2018-09-05 12:00:00', '16.51'),
(1323, 15, '2018-08-31', '2018-09-05 06:30:00', '2018-09-05 08:10:00', '14.19'),
(1324, 39, '2018-08-31', '2018-09-05 21:40:00', '2018-09-05 23:30:00', '17.19'),
(1325, 40, '2018-08-31', '2018-09-05 21:15:00', '2018-09-05 23:00:00', '123.71'),
(1326, 5, '2018-09-01', '2018-09-06 11:50:00', '2018-09-06 13:00:00', '150.28'),
(1327, 6, '2018-09-01', '2018-09-06 22:15:00', '2018-09-06 23:59:00', '66.28'),
(1328, 7, '2018-09-01', '2018-09-06 10:05:00', '2018-09-06 11:40:00', '100.25'),
(1329, 8, '2018-09-01', '2018-09-06 08:05:00', '2018-09-06 11:05:00', '35.62'),
(1330, 9, '2018-09-01', '2018-09-06 10:50:00', '2018-09-06 12:20:00', '145.13'),
(1331, 11, '2018-09-01', '2018-09-06 10:25:00', '2018-09-06 12:25:00', '186.28'),
(1332, 12, '2018-09-01', '2018-09-06 15:55:00', '2018-09-06 17:35:00', '23.65'),
(1333, 15, '2018-09-01', '2018-09-06 06:30:00', '2018-09-06 08:10:00', '14.19'),
(1334, 39, '2018-09-01', '2018-09-06 08:55:00', '2018-09-06 10:45:00', '38.95'),
(1335, 40, '2018-09-01', '2018-09-06 21:15:00', '2018-09-06 23:00:00', '50.19'),
(1336, 5, '2018-09-02', '2018-09-07 14:25:00', '2018-09-07 15:35:00', '104.33'),
(1337, 6, '2018-09-02', '2018-09-07 22:15:00', '2018-09-07 23:59:00', '42.28'),
(1338, 7, '2018-09-02', '2018-09-07 21:55:00', '2018-09-07 23:30:00', '119.28'),
(1339, 8, '2018-09-02', '2018-09-07 13:40:00', '2018-09-07 16:40:00', '62.01'),
(1340, 9, '2018-09-02', '2018-09-07 06:20:00', '2018-09-07 07:50:00', '142.28'),
(1341, 11, '2018-09-02', '2018-09-07 14:00:00', '2018-09-07 15:55:00', '236.28'),
(1342, 13, '2018-09-02', '2018-09-07 16:45:00', '2018-09-07 18:00:00', '25.19'),
(1343, 14, '2018-09-02', '2018-09-07 10:45:00', '2018-09-07 12:00:00', '35.89'),
(1344, 15, '2018-09-02', '2018-09-07 06:30:00', '2018-09-07 08:10:00', '75.77'),
(1345, 39, '2018-09-02', '2018-09-07 08:55:00', '2018-09-07 10:45:00', '124.28'),
(1346, 40, '2018-09-02', '2018-09-07 10:20:00', '2018-09-07 12:10:00', '100.28'),
(1347, 5, '2018-09-03', '2018-09-08 11:50:00', '2018-09-08 13:00:00', '124.28'),
(1348, 6, '2018-09-03', '2018-09-08 22:15:00', '2018-09-08 23:59:00', '42.28'),
(1349, 7, '2018-09-03', '2018-09-08 21:55:00', '2018-09-08 23:30:00', '66.59'),
(1350, 8, '2018-09-03', '2018-09-08 13:35:00', '2018-09-08 16:35:00', '76.86'),
(1351, 9, '2018-09-03', '2018-09-08 18:40:00', '2018-09-08 20:10:00', '120.65'),
(1352, 11, '2018-09-03', '2018-09-08 06:40:00', '2018-09-08 08:40:00', '186.28'),
(1353, 12, '2018-09-03', '2018-09-08 15:40:00', '2018-09-08 17:20:00', '42.28'),
(1354, 13, '2018-09-03', '2018-09-08 16:40:00', '2018-09-08 17:55:00', '143.09'),
(1355, 14, '2018-09-03', '2018-09-08 10:45:00', '2018-09-08 12:00:00', '62.28'),
(1356, 15, '2018-09-03', '2018-09-08 06:30:00', '2018-09-08 08:10:00', '96.17'),
(1357, 39, '2018-09-03', '2018-09-08 08:55:00', '2018-09-08 10:45:00', '104.33'),
(1358, 40, '2018-09-03', '2018-09-08 21:15:00', '2018-09-08 23:00:00', '68.63'),
(1359, 5, '2018-09-04', '2018-09-09 11:50:00', '2018-09-09 13:00:00', '235.91'),
(1360, 6, '2018-09-04', '2018-09-09 14:15:00', '2018-09-09 16:00:00', '43.13'),
(1361, 7, '2018-09-04', '2018-09-09 21:55:00', '2018-09-09 23:30:00', '143.28'),
(1362, 8, '2018-09-04', '2018-09-09 08:05:00', '2018-09-09 11:05:00', '49.59'),
(1363, 9, '2018-09-04', '2018-09-09 06:20:00', '2018-09-09 07:50:00', '142.28'),
(1364, 11, '2018-09-04', '2018-09-09 07:50:00', '2018-09-09 09:50:00', '156.28'),
(1365, 14, '2018-09-04', '2018-09-09 10:45:00', '2018-09-09 12:00:00', '35.89'),
(1366, 15, '2018-09-04', '2018-09-09 06:30:00', '2018-09-09 08:10:00', '96.17'),
(1367, 39, '2018-09-04', '2018-09-09 21:40:00', '2018-09-09 23:30:00', '231.28'),
(1368, 40, '2018-09-04', '2018-09-09 10:20:00', '2018-09-09 12:10:00', '83.93'),
(1369, 5, '2018-09-05', '2018-09-10 18:30:00', '2018-09-10 19:40:00', '168.29'),
(1370, 6, '2018-09-05', '2018-09-10 14:15:00', '2018-09-10 16:00:00', '56.99');
INSERT INTO `track` (`id`, `id_request`, `fetch_date`, `departure_datetime`, `arrival_datetime`, `value`) VALUES
(1371, 7, '2018-09-05', '2018-09-10 21:55:00', '2018-09-10 23:30:00', '79.99'),
(1372, 8, '2018-09-05', '2018-09-10 20:05:00', '2018-09-10 23:05:00', '67.38'),
(1373, 9, '2018-09-05', '2018-09-10 06:20:00', '2018-09-10 07:50:00', '160.13'),
(1374, 11, '2018-09-05', '2018-09-10 17:40:00', '2018-09-10 19:40:00', '100.99'),
(1375, 12, '2018-09-05', '2018-09-10 15:40:00', '2018-09-10 17:20:00', '33.65'),
(1376, 14, '2018-09-05', '2018-09-10 10:40:00', '2018-09-10 11:55:00', '44.99'),
(1377, 15, '2018-09-05', '2018-09-10 06:30:00', '2018-09-10 08:10:00', '189.71'),
(1378, 39, '2018-09-05', '2018-09-10 08:55:00', '2018-09-10 10:45:00', '80.99'),
(1379, 40, '2018-09-05', '2018-09-10 21:15:00', '2018-09-10 23:00:00', '81.99'),
(1380, 5, '2018-09-06', '2018-09-11 06:30:00', '2018-09-11 07:40:00', '98.93'),
(1381, 6, '2018-09-06', '2018-09-11 14:15:00', '2018-09-11 16:00:00', '116.99'),
(1382, 7, '2018-09-06', '2018-09-11 10:05:00', '2018-09-11 11:40:00', '54.39'),
(1383, 8, '2018-09-06', '2018-09-11 20:05:00', '2018-09-11 23:05:00', '37.46'),
(1384, 9, '2018-09-06', '2018-09-11 10:50:00', '2018-09-11 12:20:00', '84.45'),
(1385, 11, '2018-09-06', '2018-09-11 14:50:00', '2018-09-11 16:50:00', '143.99'),
(1386, 12, '2018-09-06', '2018-09-11 16:00:00', '2018-09-11 17:40:00', '12.73'),
(1387, 15, '2018-09-06', '2018-09-11 20:10:00', '2018-09-11 21:50:00', '27.99'),
(1388, 39, '2018-09-06', '2018-09-11 21:25:00', '2018-09-11 23:15:00', '116.99'),
(1389, 40, '2018-09-06', '2018-09-11 10:20:00', '2018-09-11 12:10:00', '29.37'),
(1390, 5, '2018-09-07', '2018-09-12 14:25:00', '2018-09-12 15:35:00', '72.89'),
(1391, 6, '2018-09-07', '2018-09-12 14:15:00', '2018-09-12 16:00:00', '45.59'),
(1392, 7, '2018-09-07', '2018-09-12 21:55:00', '2018-09-12 23:30:00', '39.97'),
(1393, 8, '2018-09-07', '2018-09-12 08:05:00', '2018-09-12 11:05:00', '25.97'),
(1394, 9, '2018-09-07', '2018-09-12 06:20:00', '2018-09-12 07:50:00', '79.19'),
(1395, 11, '2018-09-07', '2018-09-12 13:00:00', '2018-09-12 15:00:00', '120.99'),
(1396, 13, '2018-09-07', '2018-09-12 07:05:00', '2018-09-12 08:20:00', '19.19'),
(1397, 14, '2018-09-07', '2018-09-12 10:45:00', '2018-09-12 12:00:00', '25.29'),
(1398, 15, '2018-09-07', '2018-09-12 06:30:00', '2018-09-12 08:10:00', '14.99'),
(1399, 39, '2018-09-07', '2018-09-12 21:40:00', '2018-09-12 23:30:00', '39.16'),
(1400, 40, '2018-09-07', '2018-09-12 21:15:00', '2018-09-12 23:00:00', '35.08'),
(1401, 5, '2018-09-08', '2018-09-13 06:30:00', '2018-09-13 07:40:00', '74.35'),
(1402, 6, '2018-09-08', '2018-09-13 08:25:00', '2018-09-13 10:10:00', '141.77'),
(1403, 7, '2018-09-08', '2018-09-13 10:05:00', '2018-09-13 11:40:00', '161.15'),
(1404, 8, '2018-09-08', '2018-09-13 08:05:00', '2018-09-13 11:05:00', '60.64'),
(1405, 9, '2018-09-08', '2018-09-13 06:20:00', '2018-09-13 07:50:00', '80.77'),
(1406, 11, '2018-09-08', '2018-09-13 14:50:00', '2018-09-13 16:50:00', '123.41'),
(1407, 12, '2018-09-08', '2018-09-13 15:55:00', '2018-09-13 17:35:00', '31.99'),
(1408, 15, '2018-09-08', '2018-09-13 06:30:00', '2018-09-13 08:10:00', '19.19'),
(1409, 39, '2018-09-08', '2018-09-13 08:55:00', '2018-09-13 10:45:00', '46.50'),
(1410, 40, '2018-09-08', '2018-09-13 21:15:00', '2018-09-13 23:00:00', '40.79'),
(1411, 5, '2018-09-09', '2018-09-14 06:30:00', '2018-09-14 07:40:00', '80.99'),
(1412, 6, '2018-09-09', '2018-09-14 08:25:00', '2018-09-14 10:10:00', '62.41'),
(1413, 7, '2018-09-09', '2018-09-14 21:55:00', '2018-09-14 23:30:00', '136.67'),
(1414, 8, '2018-09-09', '2018-09-14 08:05:00', '2018-09-14 11:05:00', '91.82'),
(1415, 9, '2018-09-09', '2018-09-14 10:50:00', '2018-09-14 12:20:00', '89.75'),
(1416, 13, '2018-09-09', '2018-09-14 16:45:00', '2018-09-14 18:00:00', '39.46'),
(1417, 14, '2018-09-09', '2018-09-14 10:45:00', '2018-09-14 12:00:00', '24.79'),
(1418, 15, '2018-09-09', '2018-09-14 06:30:00', '2018-09-14 08:10:00', '28.55'),
(1419, 39, '2018-09-09', '2018-09-14 08:55:00', '2018-09-14 10:45:00', '62.41'),
(1420, 40, '2018-09-09', '2018-09-14 10:20:00', '2018-09-14 12:10:00', '98.93'),
(1421, 5, '2018-09-10', '2018-09-15 18:30:00', '2018-09-15 19:40:00', '116.99'),
(1422, 6, '2018-09-10', '2018-09-15 22:15:00', '2018-09-15 23:59:00', '51.29'),
(1423, 7, '2018-09-10', '2018-09-15 21:55:00', '2018-09-15 23:30:00', '73.43'),
(1424, 8, '2018-09-10', '2018-09-15 20:05:00', '2018-09-15 23:05:00', '78.81'),
(1425, 9, '2018-09-10', '2018-09-15 14:20:00', '2018-09-15 15:50:00', '105.99'),
(1426, 11, '2018-09-10', '2018-09-15 06:40:00', '2018-09-15 08:40:00', '170.99'),
(1427, 12, '2018-09-10', '2018-09-15 15:40:00', '2018-09-15 17:20:00', '52.32'),
(1428, 13, '2018-09-10', '2018-09-15 16:40:00', '2018-09-15 17:55:00', '47.73'),
(1429, 14, '2018-09-10', '2018-09-15 10:45:00', '2018-09-15 12:00:00', '21.21'),
(1430, 15, '2018-09-10', '2018-09-15 06:30:00', '2018-09-15 08:10:00', '47.73'),
(1431, 39, '2018-09-10', '2018-09-15 08:55:00', '2018-09-15 10:45:00', '82.61'),
(1432, 40, '2018-09-10', '2018-09-15 21:15:00', '2018-09-15 23:00:00', '96.99'),
(1433, 5, '2018-09-11', '2018-09-16 06:30:00', '2018-09-16 07:40:00', '164.99'),
(1434, 6, '2018-09-11', '2018-09-16 14:15:00', '2018-09-16 16:00:00', '80.99'),
(1435, 7, '2018-09-11', '2018-09-16 10:15:00', '2018-09-16 11:50:00', '161.15'),
(1436, 8, '2018-09-11', '2018-09-16 08:05:00', '2018-09-16 11:05:00', '59.45'),
(1437, 9, '2018-09-11', '2018-09-16 06:20:00', '2018-09-16 07:50:00', '87.99'),
(1438, 11, '2018-09-11', '2018-09-16 07:50:00', '2018-09-16 09:50:00', '256.01'),
(1439, 14, '2018-09-11', '2018-09-16 10:45:00', '2018-09-16 12:00:00', '35.99'),
(1440, 15, '2018-09-11', '2018-09-16 06:30:00', '2018-09-16 08:10:00', '240.71'),
(1441, 39, '2018-09-11', '2018-09-16 08:55:00', '2018-09-16 10:45:00', '45.59'),
(1442, 40, '2018-09-11', '2018-09-16 10:20:00', '2018-09-16 12:10:00', '98.93'),
(1443, 5, '2018-09-12', '2018-09-17 18:30:00', '2018-09-17 19:40:00', '116.99'),
(1444, 6, '2018-09-12', '2018-09-17 14:15:00', '2018-09-17 16:00:00', '98.93'),
(1445, 7, '2018-09-12', '2018-09-17 21:55:00', '2018-09-17 23:30:00', '133.99'),
(1446, 8, '2018-09-12', '2018-09-17 20:05:00', '2018-09-17 23:05:00', '61.81'),
(1447, 9, '2018-09-12', '2018-09-17 18:40:00', '2018-09-17 20:10:00', '175.99'),
(1448, 11, '2018-09-12', '2018-09-17 17:40:00', '2018-09-17 19:40:00', '123.41'),
(1449, 12, '2018-09-12', '2018-09-17 15:40:00', '2018-09-17 17:20:00', '24.74'),
(1450, 13, '2018-09-12', '2018-09-17 16:40:00', '2018-09-17 17:55:00', '108.99'),
(1451, 14, '2018-09-12', '2018-09-17 10:40:00', '2018-09-17 11:55:00', '135.65'),
(1452, 15, '2018-09-12', '2018-09-17 06:30:00', '2018-09-17 08:10:00', '240.71'),
(1453, 39, '2018-09-12', '2018-09-17 21:40:00', '2018-09-17 23:30:00', '54.39'),
(1454, 40, '2018-09-12', '2018-09-17 21:15:00', '2018-09-17 23:00:00', '77.59'),
(1455, 5, '2018-09-13', '2018-09-18 06:30:00', '2018-09-18 07:40:00', '82.28'),
(1456, 6, '2018-09-13', '2018-09-18 22:15:00', '2018-09-18 23:59:00', '43.13'),
(1457, 7, '2018-09-13', '2018-09-18 13:30:00', '2018-09-18 15:10:00', '146.15'),
(1458, 8, '2018-09-13', '2018-09-18 20:05:00', '2018-09-18 23:05:00', '60.79'),
(1459, 9, '2018-09-13', '2018-09-18 06:20:00', '2018-09-18 07:50:00', '59.45'),
(1460, 11, '2018-09-13', '2018-09-18 14:50:00', '2018-09-18 16:50:00', '88.01'),
(1461, 12, '2018-09-13', '2018-09-18 16:00:00', '2018-09-18 17:40:00', '12.73'),
(1462, 15, '2018-09-13', '2018-09-18 20:10:00', '2018-09-18 21:50:00', '240.71'),
(1463, 39, '2018-09-13', '2018-09-18 21:25:00', '2018-09-18 23:15:00', '22.53'),
(1464, 40, '2018-09-13', '2018-09-18 10:20:00', '2018-09-18 12:10:00', '175.73'),
(1465, 5, '2018-09-14', '2018-09-19 06:30:00', '2018-09-19 07:40:00', '124.28'),
(1466, 6, '2018-09-14', '2018-09-19 22:15:00', '2018-09-19 23:59:00', '30.19'),
(1467, 7, '2018-09-14', '2018-09-19 10:05:00', '2018-09-19 11:40:00', '200.28'),
(1468, 8, '2018-09-14', '2018-09-19 08:05:00', '2018-09-19 11:05:00', '18.65'),
(1469, 9, '2018-09-14', '2018-09-19 10:50:00', '2018-09-19 12:20:00', '39.00'),
(1470, 11, '2018-09-14', '2018-09-19 09:40:00', '2018-09-19 11:35:00', '106.28'),
(1471, 13, '2018-09-14', '2018-09-19 07:05:00', '2018-09-19 08:20:00', '24.09'),
(1472, 14, '2018-09-14', '2018-09-19 10:45:00', '2018-09-19 12:00:00', '177.77'),
(1473, 15, '2018-09-14', '2018-09-19 06:30:00', '2018-09-19 08:10:00', '33.85'),
(1474, 39, '2018-09-14', '2018-09-19 08:55:00', '2018-09-19 10:45:00', '54.35'),
(1475, 40, '2018-09-14', '2018-09-19 10:20:00', '2018-09-19 12:10:00', '100.28'),
(1476, 5, '2018-09-15', '2018-09-20 11:50:00', '2018-09-20 13:00:00', '82.28'),
(1477, 6, '2018-09-15', '2018-09-20 14:15:00', '2018-09-20 16:00:00', '53.28'),
(1478, 7, '2018-09-15', '2018-09-20 21:55:00', '2018-09-20 23:30:00', '170.28'),
(1479, 8, '2018-09-15', '2018-09-20 08:05:00', '2018-09-20 11:05:00', '34.93'),
(1480, 9, '2018-09-15', '2018-09-20 06:20:00', '2018-09-20 07:50:00', '73.28'),
(1481, 11, '2018-09-15', '2018-09-20 14:50:00', '2018-09-20 16:50:00', '131.87'),
(1482, 12, '2018-09-15', '2018-09-20 15:55:00', '2018-09-20 17:35:00', '28.09'),
(1483, 15, '2018-09-15', '2018-09-20 06:30:00', '2018-09-20 08:10:00', '33.85'),
(1484, 39, '2018-09-15', '2018-09-20 08:55:00', '2018-09-20 10:45:00', '150.28'),
(1485, 40, '2018-09-15', '2018-09-20 10:20:00', '2018-09-20 12:10:00', '66.90'),
(1486, 5, '2018-09-16', '2018-09-21 14:25:00', '2018-09-21 15:35:00', '66.28'),
(1487, 6, '2018-09-16', '2018-09-21 14:15:00', '2018-09-21 16:00:00', '67.61'),
(1488, 7, '2018-09-16', '2018-09-21 21:55:00', '2018-09-21 23:30:00', '65.28'),
(1489, 8, '2018-09-16', '2018-09-21 08:05:00', '2018-09-21 11:05:00', '76.86'),
(1490, 9, '2018-09-16', '2018-09-21 06:20:00', '2018-09-21 07:50:00', '59.45'),
(1491, 11, '2018-09-16', '2018-09-21 07:50:00', '2018-09-21 09:50:00', '159.41'),
(1492, 13, '2018-09-16', '2018-09-21 16:45:00', '2018-09-21 18:00:00', '60.47'),
(1493, 14, '2018-09-16', '2018-09-21 10:45:00', '2018-09-21 12:00:00', '62.28'),
(1494, 15, '2018-09-16', '2018-09-21 06:30:00', '2018-09-21 08:10:00', '59.28'),
(1495, 39, '2018-09-16', '2018-09-21 21:40:00', '2018-09-21 23:30:00', '83.93'),
(1496, 40, '2018-09-16', '2018-09-21 16:50:00', '2018-09-21 18:35:00', '148.19'),
(1497, 5, '2018-09-17', '2018-09-22 06:30:00', '2018-09-22 07:40:00', '116.99'),
(1498, 6, '2018-09-17', '2018-09-22 22:15:00', '2018-09-22 23:59:00', '48.95'),
(1499, 7, '2018-09-17', '2018-09-22 21:55:00', '2018-09-22 23:30:00', '136.67'),
(1500, 8, '2018-09-17', '2018-09-22 16:00:00', '2018-09-22 19:00:00', '22.39'),
(1501, 9, '2018-09-17', '2018-09-22 18:40:00', '2018-09-22 20:10:00', '128.51'),
(1502, 11, '2018-09-17', '2018-09-22 15:30:00', '2018-09-22 17:30:00', '143.99'),
(1503, 12, '2018-09-17', '2018-09-22 15:40:00', '2018-09-22 17:20:00', '116.99'),
(1504, 13, '2018-09-17', '2018-09-22 16:40:00', '2018-09-22 17:55:00', '115.28'),
(1505, 14, '2018-09-17', '2018-09-22 10:45:00', '2018-09-22 12:00:00', '21.51'),
(1506, 15, '2018-09-17', '2018-09-22 06:30:00', '2018-09-22 08:10:00', '240.71'),
(1507, 39, '2018-09-17', '2018-09-22 08:55:00', '2018-09-22 10:45:00', '54.35'),
(1508, 40, '2018-09-17', '2018-09-22 21:15:00', '2018-09-22 23:00:00', '56.39'),
(1509, 5, '2018-09-18', '2018-09-23 06:30:00', '2018-09-23 07:40:00', '83.93'),
(1510, 6, '2018-09-18', '2018-09-23 08:25:00', '2018-09-23 10:10:00', '30.79'),
(1511, 7, '2018-09-18', '2018-09-23 21:55:00', '2018-09-23 23:30:00', '349.99'),
(1512, 8, '2018-09-18', '2018-09-23 08:05:00', '2018-09-23 11:05:00', '42.14'),
(1513, 9, '2018-09-18', '2018-09-23 06:20:00', '2018-09-23 07:50:00', '151.97'),
(1514, 14, '2018-09-18', '2018-09-23 10:45:00', '2018-09-23 12:00:00', '93.83'),
(1515, 15, '2018-09-18', '2018-09-23 06:30:00', '2018-09-23 08:10:00', '19.47'),
(1516, 39, '2018-09-18', '2018-09-23 21:40:00', '2018-09-23 23:30:00', '96.99'),
(1517, 40, '2018-09-18', '2018-09-23 10:20:00', '2018-09-23 12:10:00', '83.93'),
(1518, 5, '2018-09-19', '2018-09-24 06:30:00', '2018-09-24 07:40:00', '138.99'),
(1519, 6, '2018-09-19', '2018-09-24 08:25:00', '2018-09-24 10:10:00', '58.95'),
(1520, 8, '2018-09-19', '2018-09-24 20:05:00', '2018-09-24 23:05:00', '39.02'),
(1521, 9, '2018-09-19', '2018-09-24 18:40:00', '2018-09-24 20:10:00', '151.97'),
(1522, 11, '2018-09-19', '2018-09-24 07:50:00', '2018-09-24 09:50:00', '170.99'),
(1523, 12, '2018-09-19', '2018-09-24 15:40:00', '2018-09-24 17:20:00', '22.94'),
(1524, 13, '2018-09-19', '2018-09-24 16:40:00', '2018-09-24 17:55:00', '62.89'),
(1525, 14, '2018-09-19', '2018-09-24 10:40:00', '2018-09-24 11:55:00', '238.99'),
(1526, 15, '2018-09-19', '2018-09-24 06:30:00', '2018-09-24 08:10:00', '235.99'),
(1527, 39, '2018-09-19', '2018-09-24 08:55:00', '2018-09-24 10:45:00', '98.93'),
(1528, 40, '2018-09-19', '2018-09-24 16:35:00', '2018-09-24 18:20:00', '135.99'),
(1529, 5, '2018-09-20', '2018-09-25 18:30:00', '2018-09-25 19:40:00', '68.84'),
(1530, 6, '2018-09-20', '2018-09-25 22:15:00', '2018-09-25 23:59:00', '28.60'),
(1531, 7, '2018-09-20', '2018-09-25 21:55:00', '2018-09-25 23:30:00', '80.74'),
(1532, 8, '2018-09-20', '2018-09-25 08:05:00', '2018-09-25 11:05:00', '16.45'),
(1533, 9, '2018-09-20', '2018-09-25 14:20:00', '2018-09-25 15:50:00', '76.29'),
(1534, 11, '2018-09-20', '2018-09-25 07:50:00', '2018-09-25 09:50:00', '59.49'),
(1535, 12, '2018-09-20', '2018-09-25 16:00:00', '2018-09-25 17:40:00', '9.78'),
(1536, 15, '2018-09-20', '2018-09-25 20:10:00', '2018-09-25 21:50:00', '24.64'),
(1537, 39, '2018-09-20', '2018-09-25 08:55:00', '2018-09-25 10:45:00', '14.99'),
(1538, 40, '2018-09-20', '2018-09-25 10:20:00', '2018-09-25 12:10:00', '135.99'),
(1539, 5, '2018-09-21', '2018-09-26 18:30:00', '2018-09-26 19:40:00', '68.84'),
(1540, 6, '2018-09-21', '2018-09-26 22:15:00', '2018-09-26 23:59:00', '28.04'),
(1541, 7, '2018-09-21', '2018-09-26 21:55:00', '2018-09-26 23:30:00', '157.99'),
(1542, 8, '2018-09-21', '2018-09-26 16:00:00', '2018-09-26 19:00:00', '16.79'),
(1543, 9, '2018-09-21', '2018-09-26 10:50:00', '2018-09-26 12:20:00', '76.29'),
(1544, 11, '2018-09-21', '2018-09-26 09:40:00', '2018-09-26 11:35:00', '103.01'),
(1545, 13, '2018-09-21', '2018-09-26 07:05:00', '2018-09-26 08:20:00', '9.78'),
(1546, 14, '2018-09-21', '2018-09-26 10:45:00', '2018-09-26 12:00:00', '243.77'),
(1547, 15, '2018-09-21', '2018-09-26 06:30:00', '2018-09-26 08:10:00', '37.27'),
(1548, 39, '2018-09-21', '2018-09-26 21:40:00', '2018-09-26 23:30:00', '22.94'),
(1549, 40, '2018-09-21', '2018-09-26 10:20:00', '2018-09-26 12:10:00', '82.44'),
(1550, 5, '2018-09-22', '2018-09-27 06:30:00', '2018-09-27 07:40:00', '96.99'),
(1551, 6, '2018-09-22', '2018-09-27 08:25:00', '2018-09-27 10:10:00', '250.91'),
(1552, 7, '2018-09-22', '2018-09-27 21:55:00', '2018-09-27 23:30:00', '184.99'),
(1553, 8, '2018-09-22', '2018-09-27 16:00:00', '2018-09-27 19:00:00', '27.59'),
(1554, 9, '2018-09-22', '2018-09-27 06:20:00', '2018-09-27 07:50:00', '43.34'),
(1555, 11, '2018-09-22', '2018-09-27 14:45:00', '2018-09-27 16:40:00', '123.41'),
(1556, 12, '2018-09-22', '2018-09-27 15:55:00', '2018-09-27 17:35:00', '23.40'),
(1557, 15, '2018-09-22', '2018-09-27 06:30:00', '2018-09-27 08:10:00', '235.99'),
(1558, 39, '2018-09-22', '2018-09-27 08:55:00', '2018-09-27 10:45:00', '49.41'),
(1559, 40, '2018-09-22', '2018-09-27 10:20:00', '2018-09-27 12:10:00', '117.29'),
(1560, 5, '2018-09-23', '2018-09-28 11:50:00', '2018-09-28 13:00:00', '116.99'),
(1561, 6, '2018-09-23', '2018-09-28 14:15:00', '2018-09-28 16:00:00', '245.99'),
(1562, 7, '2018-09-23', '2018-09-28 10:05:00', '2018-09-28 11:40:00', '214.99'),
(1563, 8, '2018-09-23', '2018-09-28 08:05:00', '2018-09-28 11:05:00', '56.15'),
(1564, 9, '2018-09-23', '2018-09-28 06:20:00', '2018-09-28 07:50:00', '52.88'),
(1565, 11, '2018-09-23', '2018-09-28 13:15:00', '2018-09-28 15:10:00', '120.99'),
(1566, 13, '2018-09-23', '2018-09-28 16:45:00', '2018-09-28 18:00:00', '24.64'),
(1567, 14, '2018-09-23', '2018-09-28 10:45:00', '2018-09-28 12:00:00', '65.44'),
(1568, 15, '2018-09-23', '2018-09-28 06:30:00', '2018-09-28 08:10:00', '129.99'),
(1569, 39, '2018-09-23', '2018-09-28 08:55:00', '2018-09-28 10:45:00', '98.93'),
(1570, 40, '2018-09-23', '2018-09-28 10:20:00', '2018-09-28 12:10:00', '135.99'),
(1571, 5, '2018-09-24', '2018-09-29 14:25:00', '2018-09-29 15:35:00', '96.99'),
(1572, 6, '2018-09-24', '2018-09-29 22:15:00', '2018-09-29 23:59:00', '48.44'),
(1573, 7, '2018-09-24', '2018-09-29 10:05:00', '2018-09-29 11:40:00', '219.29'),
(1574, 8, '2018-09-24', '2018-09-29 08:05:00', '2018-09-29 11:05:00', '47.56'),
(1575, 9, '2018-09-24', '2018-09-29 06:20:00', '2018-09-29 07:50:00', '105.99'),
(1576, 11, '2018-09-24', '2018-09-29 13:35:00', '2018-09-29 15:30:00', '123.41'),
(1577, 12, '2018-09-24', '2018-09-29 15:40:00', '2018-09-29 17:20:00', '96.99'),
(1578, 13, '2018-09-24', '2018-09-29 16:40:00', '2018-09-29 17:55:00', '52.69'),
(1579, 14, '2018-09-24', '2018-09-29 10:45:00', '2018-09-29 12:00:00', '135.65'),
(1580, 15, '2018-09-24', '2018-09-29 06:30:00', '2018-09-29 08:10:00', '240.71'),
(1581, 39, '2018-09-24', '2018-09-29 08:55:00', '2018-09-29 10:45:00', '141.77'),
(1582, 40, '2018-09-24', '2018-09-29 21:15:00', '2018-09-29 23:00:00', '114.99'),
(1583, 5, '2018-09-25', '2018-09-30 06:30:00', '2018-09-30 07:40:00', '96.99'),
(1584, 6, '2018-09-25', '2018-09-30 08:25:00', '2018-09-30 10:10:00', '116.99'),
(1585, 7, '2018-09-25', '2018-09-30 10:15:00', '2018-09-30 11:50:00', '188.69'),
(1586, 8, '2018-09-25', '2018-09-30 08:05:00', '2018-09-30 11:05:00', '56.15'),
(1587, 11, '2018-09-25', '2018-09-30 07:50:00', '2018-09-30 09:50:00', '120.99'),
(1588, 14, '2018-09-25', '2018-09-30 10:45:00', '2018-09-30 12:00:00', '44.05'),
(1589, 15, '2018-09-25', '2018-09-30 06:30:00', '2018-09-30 08:10:00', '88.99'),
(1590, 39, '2018-09-25', '2018-09-30 08:55:00', '2018-09-30 10:45:00', '98.93'),
(1591, 40, '2018-09-25', '2018-09-30 10:20:00', '2018-09-30 12:10:00', '135.99'),
(1592, 5, '2018-09-26', '2018-10-01 18:30:00', '2018-10-01 19:40:00', '84.09'),
(1593, 6, '2018-09-26', '2018-10-01 22:15:00', '2018-10-01 23:59:00', '21.59'),
(1594, 7, '2018-09-26', '2018-10-01 21:55:00', '2018-10-01 23:30:00', '214.99'),
(1595, 8, '2018-09-26', '2018-10-01 16:00:00', '2018-10-01 19:00:00', '30.45'),
(1596, 9, '2018-09-26', '2018-10-01 14:20:00', '2018-10-01 15:50:00', '148.99'),
(1597, 11, '2018-09-26', '2018-10-01 17:40:00', '2018-10-01 19:40:00', '39.19'),
(1598, 12, '2018-09-26', '2018-10-01 15:40:00', '2018-10-01 17:20:00', '21.59'),
(1599, 13, '2018-09-26', '2018-10-01 16:40:00', '2018-10-01 17:55:00', '111.17'),
(1600, 14, '2018-09-26', '2018-10-01 10:40:00', '2018-10-01 11:55:00', '35.99'),
(1601, 15, '2018-09-26', '2018-10-01 06:30:00', '2018-10-01 08:10:00', '75.64'),
(1602, 39, '2018-09-26', '2018-10-01 21:40:00', '2018-10-01 23:30:00', '57.79'),
(1603, 40, '2018-09-26', '2018-10-01 16:35:00', '2018-10-01 18:20:00', '82.44'),
(1604, 5, '2018-09-27', '2018-10-02 18:30:00', '2018-10-02 19:40:00', '70.22'),
(1605, 6, '2018-09-27', '2018-10-02 22:15:00', '2018-10-02 23:59:00', '21.59'),
(1606, 7, '2018-09-27', '2018-10-02 21:55:00', '2018-10-02 23:30:00', '97.96'),
(1607, 8, '2018-09-27', '2018-10-02 16:00:00', '2018-10-02 19:00:00', '16.79'),
(1608, 9, '2018-09-27', '2018-10-02 14:20:00', '2018-10-02 15:50:00', '63.28'),
(1609, 11, '2018-09-27', '2018-10-02 07:50:00', '2018-10-02 09:50:00', '39.97'),
(1610, 12, '2018-09-27', '2018-10-02 16:00:00', '2018-10-02 17:40:00', '21.59'),
(1611, 15, '2018-09-27', '2018-10-02 06:30:00', '2018-10-02 08:10:00', '19.19'),
(1612, 39, '2018-09-27', '2018-10-02 08:55:00', '2018-10-02 10:45:00', '22.02'),
(1613, 40, '2018-09-27', '2018-10-02 10:20:00', '2018-10-02 12:10:00', '69.69'),
(1614, 5, '2018-09-28', '2018-10-03 11:50:00', '2018-10-03 13:00:00', '45.59'),
(1615, 6, '2018-09-28', '2018-10-03 14:15:00', '2018-10-03 16:00:00', '30.59'),
(1616, 7, '2018-09-28', '2018-10-03 21:55:00', '2018-10-03 23:30:00', '44.36'),
(1617, 8, '2018-09-28', '2018-10-03 16:00:00', '2018-10-03 19:00:00', '14.26'),
(1618, 9, '2018-09-28', '2018-10-03 06:20:00', '2018-10-03 07:50:00', '38.24'),
(1619, 11, '2018-09-28', '2018-10-03 13:00:00', '2018-10-03 15:00:00', '174.41'),
(1620, 13, '2018-09-28', '2018-10-03 07:05:00', '2018-10-03 08:20:00', '22.17'),
(1621, 14, '2018-09-28', '2018-10-03 10:45:00', '2018-10-03 12:00:00', '135.65'),
(1622, 15, '2018-09-28', '2018-10-03 06:30:00', '2018-10-03 08:10:00', '26.76'),
(1623, 39, '2018-09-28', '2018-10-03 21:40:00', '2018-10-03 23:30:00', '20.24'),
(1624, 40, '2018-09-28', '2018-10-03 10:20:00', '2018-10-03 12:10:00', '159.99'),
(1625, 5, '2018-09-29', '2018-10-04 06:30:00', '2018-10-04 07:40:00', '68.84'),
(1626, 6, '2018-09-29', '2018-10-04 08:25:00', '2018-10-04 10:10:00', '35.99'),
(1627, 7, '2018-09-29', '2018-10-04 10:05:00', '2018-10-04 11:40:00', '96.04'),
(1628, 8, '2018-09-29', '2018-10-04 16:00:00', '2018-10-04 19:00:00', '20.99'),
(1629, 9, '2018-09-29', '2018-10-04 06:20:00', '2018-10-04 07:50:00', '32.88'),
(1630, 12, '2018-09-29', '2018-10-04 15:55:00', '2018-10-04 17:35:00', '20.64'),
(1631, 15, '2018-09-29', '2018-10-04 06:30:00', '2018-10-04 08:10:00', '17.99'),
(1632, 39, '2018-09-29', '2018-10-04 21:40:00', '2018-10-04 23:30:00', '45.59'),
(1633, 40, '2018-09-29', '2018-10-04 10:20:00', '2018-10-04 12:10:00', '84.09'),
(1634, 5, '2018-09-30', '2018-10-05 06:30:00', '2018-10-05 07:40:00', '82.44'),
(1635, 6, '2018-09-30', '2018-10-05 14:15:00', '2018-10-05 16:00:00', '45.59'),
(1636, 7, '2018-09-30', '2018-10-05 10:05:00', '2018-10-05 11:40:00', '96.04'),
(1637, 8, '2018-09-30', '2018-10-05 08:05:00', '2018-10-05 11:05:00', '34.42'),
(1638, 9, '2018-09-30', '2018-10-05 06:20:00', '2018-10-05 07:50:00', '38.24'),
(1639, 13, '2018-09-30', '2018-10-05 16:45:00', '2018-10-05 18:00:00', '240.71'),
(1640, 14, '2018-09-30', '2018-10-05 10:45:00', '2018-10-05 12:00:00', '78.19'),
(1641, 15, '2018-09-30', '2018-10-05 06:30:00', '2018-10-05 08:10:00', '64.15'),
(1642, 39, '2018-09-30', '2018-10-05 21:40:00', '2018-10-05 23:30:00', '119.33'),
(1643, 40, '2018-09-30', '2018-10-05 10:20:00', '2018-10-05 12:10:00', '163.19'),
(1644, 5, '2018-10-01', '2018-10-06 14:25:00', '2018-10-06 15:35:00', '68.84'),
(1645, 6, '2018-10-01', '2018-10-06 22:15:00', '2018-10-06 23:59:00', '29.99'),
(1646, 7, '2018-10-01', '2018-10-06 21:55:00', '2018-10-06 23:30:00', '96.04'),
(1647, 8, '2018-10-01', '2018-10-06 20:05:00', '2018-10-06 23:05:00', '24.35'),
(1648, 9, '2018-10-01', '2018-10-06 06:20:00', '2018-10-06 07:50:00', '125.99'),
(1649, 12, '2018-10-01', '2018-10-06 15:40:00', '2018-10-06 17:20:00', '54.39'),
(1650, 13, '2018-10-01', '2018-10-06 16:40:00', '2018-10-06 17:55:00', '235.99'),
(1651, 14, '2018-10-01', '2018-10-06 10:45:00', '2018-10-06 12:00:00', '111.99'),
(1652, 15, '2018-10-01', '2018-10-06 06:30:00', '2018-10-06 08:10:00', '185.99'),
(1653, 39, '2018-10-01', '2018-10-06 08:55:00', '2018-10-06 10:45:00', '195.99'),
(1654, 40, '2018-10-01', '2018-10-06 10:20:00', '2018-10-06 12:10:00', '135.99'),
(1655, 5, '2018-10-02', '2018-10-07 11:50:00', '2018-10-07 13:00:00', '116.99'),
(1656, 6, '2018-10-02', '2018-10-07 08:25:00', '2018-10-07 10:10:00', '46.50'),
(1657, 7, '2018-10-02', '2018-10-07 21:55:00', '2018-10-07 23:30:00', '184.99'),
(1658, 8, '2018-10-02', '2018-10-07 08:05:00', '2018-10-07 11:05:00', '35.11'),
(1659, 9, '2018-10-02', '2018-10-07 06:20:00', '2018-10-07 07:50:00', '74.79'),
(1660, 11, '2018-10-02', '2018-10-07 07:50:00', '2018-10-07 09:50:00', '146.87'),
(1661, 14, '2018-10-02', '2018-10-07 10:45:00', '2018-10-07 12:00:00', '111.99'),
(1662, 15, '2018-10-02', '2018-10-07 06:30:00', '2018-10-07 08:10:00', '189.71'),
(1663, 39, '2018-10-02', '2018-10-07 08:55:00', '2018-10-07 10:45:00', '45.59'),
(1664, 40, '2018-10-02', '2018-10-07 21:15:00', '2018-10-07 23:00:00', '159.99'),
(1665, 5, '2018-10-03', '2018-10-08 06:30:00', '2018-10-08 07:40:00', '82.44'),
(1666, 6, '2018-10-03', '2018-10-08 14:15:00', '2018-10-08 16:00:00', '24.74'),
(1667, 7, '2018-10-03', '2018-10-08 10:05:00', '2018-10-08 11:40:00', '161.15'),
(1668, 8, '2018-10-03', '2018-10-08 08:05:00', '2018-10-08 11:05:00', '44.76'),
(1669, 9, '2018-10-03', '2018-10-08 06:20:00', '2018-10-08 07:50:00', '90.09'),
(1670, 11, '2018-10-03', '2018-10-08 17:40:00', '2018-10-08 19:40:00', '21.41'),
(1671, 12, '2018-10-03', '2018-10-08 15:40:00', '2018-10-08 17:20:00', '20.24'),
(1672, 13, '2018-10-03', '2018-10-08 16:40:00', '2018-10-08 17:55:00', '240.71'),
(1673, 14, '2018-10-03', '2018-10-08 10:40:00', '2018-10-08 11:55:00', '157.99'),
(1674, 15, '2018-10-03', '2018-10-08 06:30:00', '2018-10-08 08:10:00', '235.99'),
(1675, 39, '2018-10-03', '2018-10-08 21:40:00', '2018-10-08 23:30:00', '30.59'),
(1676, 40, '2018-10-03', '2018-10-08 16:35:00', '2018-10-08 18:20:00', '349.99'),
(1677, 5, '2018-10-04', '2018-10-09 18:30:00', '2018-10-09 19:40:00', '35.99'),
(1678, 6, '2018-10-04', '2018-10-09 22:15:00', '2018-10-09 23:59:00', '45.59'),
(1679, 7, '2018-10-04', '2018-10-09 21:55:00', '2018-10-09 23:30:00', '25.49'),
(1680, 8, '2018-10-04', '2018-10-09 13:40:00', '2018-10-09 16:40:00', '21.40'),
(1681, 9, '2018-10-04', '2018-10-09 10:50:00', '2018-10-09 12:20:00', '48.79'),
(1682, 11, '2018-10-04', '2018-10-09 07:50:00', '2018-10-09 09:50:00', '20.99'),
(1683, 12, '2018-10-04', '2018-10-09 16:00:00', '2018-10-09 17:40:00', '20.24'),
(1684, 15, '2018-10-04', '2018-10-09 06:30:00', '2018-10-09 08:10:00', '17.99'),
(1685, 39, '2018-10-04', '2018-10-09 21:25:00', '2018-10-09 23:15:00', '20.24'),
(1686, 40, '2018-10-04', '2018-10-09 10:20:00', '2018-10-09 12:10:00', '135.99'),
(1687, 5, '2018-10-05', '2018-10-10 06:30:00', '2018-10-10 07:40:00', '30.59'),
(1688, 6, '2018-10-05', '2018-10-10 22:15:00', '2018-10-10 23:59:00', '30.59'),
(1689, 7, '2018-10-05', '2018-10-10 21:55:00', '2018-10-10 23:30:00', '25.49'),
(1690, 8, '2018-10-05', '2018-10-10 16:00:00', '2018-10-10 19:00:00', '10.95'),
(1691, 9, '2018-10-05', '2018-10-10 06:20:00', '2018-10-10 07:50:00', '55.83'),
(1692, 11, '2018-10-05', '2018-10-10 13:00:00', '2018-10-10 15:00:00', '36.74'),
(1693, 13, '2018-10-05', '2018-10-10 07:05:00', '2018-10-10 08:20:00', '17.99'),
(1694, 14, '2018-10-05', '2018-10-10 10:45:00', '2018-10-10 12:00:00', '243.77'),
(1695, 15, '2018-10-05', '2018-10-10 06:30:00', '2018-10-10 08:10:00', '17.99'),
(1696, 39, '2018-10-05', '2018-10-10 08:55:00', '2018-10-10 10:45:00', '20.64'),
(1697, 40, '2018-10-05', '2018-10-10 10:20:00', '2018-10-10 12:10:00', '135.99'),
(1698, 5, '2018-10-06', '2018-10-11 14:25:00', '2018-10-11 15:35:00', '42.74'),
(1699, 6, '2018-10-06', '2018-10-11 22:15:00', '2018-10-11 23:59:00', '60.74'),
(1700, 7, '2018-10-06', '2018-10-11 10:05:00', '2018-10-11 11:40:00', '133.99'),
(1701, 8, '2018-10-06', '2018-10-11 08:05:00', '2018-10-11 11:05:00', '21.40'),
(1702, 9, '2018-10-06', '2018-10-11 10:50:00', '2018-10-11 12:20:00', '81.08'),
(1703, 11, '2018-10-06', '2018-10-11 10:25:00', '2018-10-11 12:25:00', '123.41'),
(1704, 12, '2018-10-06', '2018-10-11 15:55:00', '2018-10-11 17:35:00', '20.24'),
(1705, 15, '2018-10-06', '2018-10-11 06:30:00', '2018-10-11 08:10:00', '21.74'),
(1706, 39, '2018-10-06', '2018-10-11 21:40:00', '2018-10-11 23:30:00', '168.29'),
(1707, 40, '2018-10-06', '2018-10-11 10:20:00', '2018-10-11 12:10:00', '159.99'),
(1708, 5, '2018-10-07', '2018-10-12 06:30:00', '2018-10-12 07:40:00', '42.74'),
(1709, 6, '2018-10-07', '2018-10-12 14:15:00', '2018-10-12 16:00:00', '245.99'),
(1710, 7, '2018-10-07', '2018-10-12 21:55:00', '2018-10-12 23:30:00', '184.99'),
(1711, 8, '2018-10-07', '2018-10-12 16:00:00', '2018-10-12 19:00:00', '57.94'),
(1712, 9, '2018-10-07', '2018-10-12 18:40:00', '2018-10-12 20:10:00', '65.99'),
(1713, 11, '2018-10-07', '2018-10-12 07:50:00', '2018-10-12 09:50:00', '120.99'),
(1714, 13, '2018-10-07', '2018-10-12 16:45:00', '2018-10-12 18:00:00', '38.99'),
(1715, 14, '2018-10-07', '2018-10-12 10:45:00', '2018-10-12 12:00:00', '157.99'),
(1716, 15, '2018-10-07', '2018-10-12 06:30:00', '2018-10-12 08:10:00', '108.99'),
(1717, 39, '2018-10-07', '2018-10-12 21:40:00', '2018-10-12 23:30:00', '60.74'),
(1718, 40, '2018-10-07', '2018-10-12 21:15:00', '2018-10-12 23:00:00', '343.13'),
(1719, 5, '2018-10-08', '2018-10-13 11:50:00', '2018-10-13 13:00:00', '80.99'),
(1720, 6, '2018-10-08', '2018-10-13 08:25:00', '2018-10-13 10:10:00', '168.29'),
(1721, 7, '2018-10-08', '2018-10-13 21:55:00', '2018-10-13 23:30:00', '112.99'),
(1722, 8, '2018-10-08', '2018-10-13 13:35:00', '2018-10-13 16:35:00', '78.81'),
(1723, 9, '2018-10-08', '2018-10-13 10:50:00', '2018-10-13 12:20:00', '52.01'),
(1724, 11, '2018-10-08', '2018-10-13 15:30:00', '2018-10-13 17:30:00', '120.99'),
(1725, 12, '2018-10-08', '2018-10-13 15:40:00', '2018-10-13 17:20:00', '48.95'),
(1726, 13, '2018-10-08', '2018-10-13 16:40:00', '2018-10-13 17:55:00', '129.99'),
(1727, 14, '2018-10-08', '2018-10-13 10:45:00', '2018-10-13 12:00:00', '161.15'),
(1728, 15, '2018-10-08', '2018-10-13 06:30:00', '2018-10-13 08:10:00', '132.59'),
(1729, 39, '2018-10-08', '2018-10-13 08:55:00', '2018-10-13 10:45:00', '119.33'),
(1730, 40, '2018-10-08', '2018-10-13 10:20:00', '2018-10-13 12:10:00', '190.73'),
(1731, 5, '2018-10-09', '2018-10-14 06:30:00', '2018-10-14 07:40:00', '84.09'),
(1732, 6, '2018-10-09', '2018-10-14 08:25:00', '2018-10-14 10:10:00', '70.22'),
(1733, 7, '2018-10-09', '2018-10-14 21:55:00', '2018-10-14 23:30:00', '219.29'),
(1734, 8, '2018-10-09', '2018-10-14 08:05:00', '2018-10-14 11:05:00', '50.53'),
(1735, 9, '2018-10-09', '2018-10-14 06:20:00', '2018-10-14 07:50:00', '55.83'),
(1736, 11, '2018-10-09', '2018-10-14 07:50:00', '2018-10-14 09:50:00', '53.54'),
(1737, 14, '2018-10-09', '2018-10-14 10:45:00', '2018-10-14 12:00:00', '79.75'),
(1738, 15, '2018-10-09', '2018-10-14 06:30:00', '2018-10-14 08:10:00', '64.15'),
(1739, 39, '2018-10-09', '2018-10-14 21:40:00', '2018-10-14 23:30:00', '141.77'),
(1740, 40, '2018-10-09', '2018-10-14 10:20:00', '2018-10-14 12:10:00', '138.71'),
(1741, 5, '2018-10-10', '2018-10-15 11:50:00', '2018-10-15 13:00:00', '70.22'),
(1742, 6, '2018-10-10', '2018-10-15 22:15:00', '2018-10-15 23:59:00', '43.59'),
(1743, 7, '2018-10-10', '2018-10-15 21:55:00', '2018-10-15 23:30:00', '188.69'),
(1744, 8, '2018-10-10', '2018-10-15 08:05:00', '2018-10-15 11:05:00', '50.53'),
(1745, 9, '2018-10-10', '2018-10-15 10:50:00', '2018-10-15 12:20:00', '76.29'),
(1746, 11, '2018-10-10', '2018-10-15 07:50:00', '2018-10-15 09:50:00', '21.41'),
(1747, 12, '2018-10-10', '2018-10-15 15:40:00', '2018-10-15 17:20:00', '20.64'),
(1748, 13, '2018-10-10', '2018-10-15 16:40:00', '2018-10-15 17:55:00', '39.77'),
(1749, 14, '2018-10-10', '2018-10-15 10:40:00', '2018-10-15 11:55:00', '243.77'),
(1750, 15, '2018-10-10', '2018-10-15 06:30:00', '2018-10-15 08:10:00', '240.71'),
(1751, 39, '2018-10-10', '2018-10-15 21:40:00', '2018-10-15 23:30:00', '250.91'),
(1752, 40, '2018-10-10', '2018-10-15 16:35:00', '2018-10-15 18:20:00', '163.19'),
(1753, 6, '2018-10-11', '2018-10-16 22:15:00', '2018-10-16 23:59:00', '46.50'),
(1754, 8, '2018-10-11', '2018-10-16 20:05:00', '2018-10-16 23:05:00', '37.46'),
(1755, 9, '2018-10-11', '2018-10-16 06:20:00', '2018-10-16 07:50:00', '41.61'),
(1756, 12, '2018-10-11', '2018-10-16 16:00:00', '2018-10-16 17:40:00', '20.64'),
(1757, 15, '2018-10-11', '2018-10-16 06:30:00', '2018-10-16 08:10:00', '42.42'),
(1758, 39, '2018-10-11', '2018-10-16 08:55:00', '2018-10-16 10:45:00', '250.91'),
(1759, 40, '2018-10-11', '2018-10-16 10:20:00', '2018-10-16 12:10:00', '66.90'),
(1760, 5, '2018-10-12', '2018-10-17 14:25:00', '2018-10-17 15:35:00', '24.74'),
(1761, 6, '2018-10-12', '2018-10-17 22:15:00', '2018-10-17 23:59:00', '20.24'),
(1762, 7, '2018-10-12', '2018-10-17 21:55:00', '2018-10-17 23:30:00', '25.49'),
(1763, 8, '2018-10-12', '2018-10-17 13:40:00', '2018-10-17 16:40:00', '29.12'),
(1764, 9, '2018-10-12', '2018-10-17 06:20:00', '2018-10-17 07:50:00', '9.78'),
(1765, 11, '2018-10-12', '2018-10-17 13:00:00', '2018-10-17 15:00:00', '21.41'),
(1766, 13, '2018-10-12', '2018-10-17 07:05:00', '2018-10-17 08:20:00', '17.99'),
(1767, 14, '2018-10-12', '2018-10-17 10:45:00', '2018-10-17 12:00:00', '19.49'),
(1768, 15, '2018-10-12', '2018-10-17 06:30:00', '2018-10-17 08:10:00', '18.35'),
(1769, 39, '2018-10-12', '2018-10-17 21:40:00', '2018-10-17 23:30:00', '30.59'),
(1770, 40, '2018-10-12', '2018-10-17 10:20:00', '2018-10-17 12:10:00', '38.24'),
(1771, 5, '2018-10-13', '2018-10-18 06:30:00', '2018-10-18 07:40:00', '29.06'),
(1772, 6, '2018-10-13', '2018-10-18 22:15:00', '2018-10-18 23:59:00', '87.29'),
(1773, 7, '2018-10-13', '2018-10-18 21:55:00', '2018-10-18 23:30:00', '85.49'),
(1774, 8, '2018-10-13', '2018-10-18 08:05:00', '2018-10-18 11:05:00', '49.54'),
(1775, 9, '2018-10-13', '2018-10-18 06:20:00', '2018-10-18 07:50:00', '9.99'),
(1776, 11, '2018-10-13', '2018-10-18 14:50:00', '2018-10-18 16:50:00', '20.99'),
(1777, 12, '2018-10-13', '2018-10-18 15:55:00', '2018-10-18 17:35:00', '20.24'),
(1778, 15, '2018-10-13', '2018-10-18 06:30:00', '2018-10-18 08:10:00', '18.35'),
(1779, 39, '2018-10-13', '2018-10-18 08:55:00', '2018-10-18 10:45:00', '155.19'),
(1780, 40, '2018-10-13', '2018-10-18 10:20:00', '2018-10-18 12:10:00', '39.00'),
(1781, 5, '2018-10-14', '2018-10-19 06:30:00', '2018-10-19 07:40:00', '35.94'),
(1782, 6, '2018-10-14', '2018-10-19 22:15:00', '2018-10-19 23:59:00', '158.29'),
(1783, 7, '2018-10-14', '2018-10-19 21:55:00', '2018-10-19 23:30:00', '260.29'),
(1784, 8, '2018-10-14', '2018-10-19 13:40:00', '2018-10-19 16:40:00', '153.28'),
(1785, 9, '2018-10-14', '2018-10-19 06:20:00', '2018-10-19 07:50:00', '22.94'),
(1786, 11, '2018-10-14', '2018-10-19 07:50:00', '2018-10-19 09:50:00', '92.71'),
(1787, 13, '2018-10-14', '2018-10-19 16:45:00', '2018-10-19 18:00:00', '39.77'),
(1788, 14, '2018-10-14', '2018-10-19 10:45:00', '2018-10-19 12:00:00', '34.41'),
(1789, 15, '2018-10-14', '2018-10-19 06:30:00', '2018-10-19 08:10:00', '32.88'),
(1790, 39, '2018-10-14', '2018-10-19 08:55:00', '2018-10-19 10:45:00', '109.33'),
(1791, 40, '2018-10-14', '2018-10-19 10:20:00', '2018-10-19 12:10:00', '105.56'),
(1792, 5, '2018-10-15', '2018-10-20 18:30:00', '2018-10-20 19:40:00', '70.37'),
(1793, 6, '2018-10-15', '2018-10-20 22:15:00', '2018-10-20 23:59:00', '58.13'),
(1794, 7, '2018-10-15', '2018-10-20 21:55:00', '2018-10-20 23:30:00', '41.81'),
(1795, 8, '2018-10-15', '2018-10-20 20:05:00', '2018-10-20 23:05:00', '115.36'),
(1796, 9, '2018-10-15', '2018-10-20 06:20:00', '2018-10-20 07:50:00', '36.71'),
(1797, 11, '2018-10-15', '2018-10-20 15:30:00', '2018-10-20 17:30:00', '59.15'),
(1798, 12, '2018-10-15', '2018-10-20 15:40:00', '2018-10-20 17:20:00', '27.53'),
(1799, 13, '2018-10-15', '2018-10-20 16:40:00', '2018-10-20 17:55:00', '24.47'),
(1800, 14, '2018-10-15', '2018-10-20 10:45:00', '2018-10-20 12:00:00', '45.89'),
(1801, 15, '2018-10-15', '2018-10-20 06:30:00', '2018-10-20 08:10:00', '53.03'),
(1802, 39, '2018-10-15', '2018-10-20 08:55:00', '2018-10-20 10:45:00', '141.77'),
(1803, 40, '2018-10-15', '2018-10-20 10:20:00', '2018-10-20 12:10:00', '83.63'),
(1804, 5, '2018-10-16', '2018-10-21 11:50:00', '2018-10-21 13:00:00', '70.37'),
(1805, 6, '2018-10-16', '2018-10-21 22:15:00', '2018-10-21 23:59:00', '96.99'),
(1806, 7, '2018-10-16', '2018-10-21 21:55:00', '2018-10-21 23:30:00', '161.15'),
(1807, 8, '2018-10-16', '2018-10-21 08:05:00', '2018-10-21 11:05:00', '113.10'),
(1808, 9, '2018-10-16', '2018-10-21 06:20:00', '2018-10-21 07:50:00', '52.01'),
(1809, 11, '2018-10-16', '2018-10-21 07:50:00', '2018-10-21 09:50:00', '34.67'),
(1810, 14, '2018-10-16', '2018-10-21 10:45:00', '2018-10-21 12:00:00', '31.61'),
(1811, 15, '2018-10-16', '2018-10-21 06:30:00', '2018-10-21 08:10:00', '34.99'),
(1812, 39, '2018-10-16', '2018-10-21 21:40:00', '2018-10-21 23:30:00', '141.77'),
(1813, 40, '2018-10-16', '2018-10-21 10:20:00', '2018-10-21 12:10:00', '163.19'),
(1814, 5, '2018-10-17', '2018-10-22 11:50:00', '2018-10-22 13:00:00', '58.13'),
(1815, 6, '2018-10-17', '2018-10-22 22:15:00', '2018-10-22 23:59:00', '56.99'),
(1816, 7, '2018-10-17', '2018-10-22 21:55:00', '2018-10-22 23:30:00', '79.99'),
(1817, 8, '2018-10-17', '2018-10-22 16:00:00', '2018-10-22 19:00:00', '97.08'),
(1818, 9, '2018-10-17', '2018-10-22 18:40:00', '2018-10-22 20:10:00', '62.21'),
(1819, 11, '2018-10-17', '2018-10-22 07:50:00', '2018-10-22 09:50:00', '27.99'),
(1820, 12, '2018-10-17', '2018-10-22 15:40:00', '2018-10-22 17:20:00', '26.99'),
(1821, 13, '2018-10-17', '2018-10-22 16:40:00', '2018-10-22 17:55:00', '61.99'),
(1822, 14, '2018-10-17', '2018-10-22 10:40:00', '2018-10-22 11:55:00', '30.99'),
(1823, 15, '2018-10-17', '2018-10-22 06:30:00', '2018-10-22 08:10:00', '75.47'),
(1824, 39, '2018-10-17', '2018-10-22 21:40:00', '2018-10-22 23:30:00', '98.93'),
(1825, 40, '2018-10-17', '2018-10-22 16:35:00', '2018-10-22 18:20:00', '98.93'),
(1826, 5, '2018-10-18', '2018-10-23 14:25:00', '2018-10-23 15:35:00', '47.99'),
(1827, 6, '2018-10-18', '2018-10-23 22:15:00', '2018-10-23 23:59:00', '67.99'),
(1828, 7, '2018-10-18', '2018-10-23 21:55:00', '2018-10-23 23:30:00', '33.99'),
(1829, 8, '2018-10-18', '2018-10-23 08:05:00', '2018-10-23 11:05:00', '45.90'),
(1830, 9, '2018-10-18', '2018-10-23 14:20:00', '2018-10-23 15:50:00', '42.99'),
(1831, 11, '2018-10-18', '2018-10-23 14:50:00', '2018-10-23 16:50:00', '27.99'),
(1832, 12, '2018-10-18', '2018-10-23 16:00:00', '2018-10-23 17:40:00', '26.99'),
(1833, 15, '2018-10-18', '2018-10-23 06:30:00', '2018-10-23 08:10:00', '61.99'),
(1834, 39, '2018-10-18', '2018-10-23 21:25:00', '2018-10-23 23:15:00', '67.99'),
(1835, 40, '2018-10-18', '2018-10-23 10:20:00', '2018-10-23 12:10:00', '50.99'),
(1836, 5, '2018-10-19', '2018-10-24 06:30:00', '2018-10-24 07:40:00', '48.95'),
(1837, 6, '2018-10-19', '2018-10-24 22:15:00', '2018-10-24 23:59:00', '58.13'),
(1838, 7, '2018-10-19', '2018-10-24 10:05:00', '2018-10-24 11:40:00', '34.67'),
(1839, 8, '2018-10-19', '2018-10-24 08:05:00', '2018-10-24 11:05:00', '33.11'),
(1840, 9, '2018-10-19', '2018-10-24 06:20:00', '2018-10-24 07:50:00', '52.01'),
(1841, 11, '2018-10-19', '2018-10-24 13:00:00', '2018-10-24 15:00:00', '28.55'),
(1842, 13, '2018-10-19', '2018-10-24 07:05:00', '2018-10-24 08:20:00', '24.47'),
(1843, 14, '2018-10-19', '2018-10-24 10:45:00', '2018-10-24 12:00:00', '37.73'),
(1844, 15, '2018-10-19', '2018-10-24 06:30:00', '2018-10-24 08:10:00', '35.69'),
(1845, 39, '2018-10-19', '2018-10-24 21:40:00', '2018-10-24 23:30:00', '69.35'),
(1846, 40, '2018-10-19', '2018-10-24 10:20:00', '2018-10-24 12:10:00', '52.01'),
(1847, 5, '2018-10-20', '2018-10-25 06:30:00', '2018-10-25 07:40:00', '82.61'),
(1848, 6, '2018-10-20', '2018-10-25 22:15:00', '2018-10-25 23:59:00', '58.13'),
(1849, 7, '2018-10-20', '2018-10-25 10:05:00', '2018-10-25 11:40:00', '69.35'),
(1850, 8, '2018-10-20', '2018-10-25 16:00:00', '2018-10-25 19:00:00', '28.55'),
(1851, 9, '2018-10-20', '2018-10-25 06:20:00', '2018-10-25 07:50:00', '63.23'),
(1852, 11, '2018-10-20', '2018-10-25 10:25:00', '2018-10-25 12:25:00', '28.55'),
(1853, 12, '2018-10-20', '2018-10-25 15:55:00', '2018-10-25 17:35:00', '48.95'),
(1854, 15, '2018-10-20', '2018-10-25 06:30:00', '2018-10-25 08:10:00', '29.57'),
(1855, 39, '2018-10-20', '2018-10-25 08:55:00', '2018-10-25 10:45:00', '33.65'),
(1856, 40, '2018-10-20', '2018-10-25 10:20:00', '2018-10-25 12:10:00', '71.39'),
(1857, 5, '2018-10-21', '2018-10-26 14:25:00', '2018-10-26 15:35:00', '141.77'),
(1858, 6, '2018-10-21', '2018-10-26 08:25:00', '2018-10-26 10:10:00', '82.61'),
(1859, 7, '2018-10-21', '2018-10-26 21:55:00', '2018-10-26 23:30:00', '69.35'),
(1860, 8, '2018-10-21', '2018-10-26 08:05:00', '2018-10-26 11:05:00', '28.55'),
(1861, 9, '2018-10-21', '2018-10-26 10:50:00', '2018-10-26 12:20:00', '113.21'),
(1862, 11, '2018-10-21', '2018-10-26 07:50:00', '2018-10-26 09:50:00', '41.81'),
(1863, 13, '2018-10-21', '2018-10-26 16:45:00', '2018-10-26 18:00:00', '35.69'),
(1864, 14, '2018-10-21', '2018-10-26 10:45:00', '2018-10-26 12:00:00', '26.51'),
(1865, 15, '2018-10-21', '2018-10-26 06:30:00', '2018-10-26 08:10:00', '75.47'),
(1866, 39, '2018-10-21', '2018-10-26 21:40:00', '2018-10-26 23:30:00', '58.13'),
(1867, 40, '2018-10-21', '2018-10-26 10:20:00', '2018-10-26 12:10:00', '83.63'),
(1868, 5, '2018-10-22', '2018-10-27 18:30:00', '2018-10-27 19:40:00', '141.77'),
(1869, 6, '2018-10-22', '2018-10-27 22:15:00', '2018-10-27 23:59:00', '58.13'),
(1870, 7, '2018-10-22', '2018-10-27 21:55:00', '2018-10-27 23:30:00', '94.99'),
(1871, 8, '2018-10-22', '2018-10-27 20:05:00', '2018-10-27 23:05:00', '38.06'),
(1872, 9, '2018-10-22', '2018-10-27 06:20:00', '2018-10-27 07:50:00', '187.67'),
(1873, 11, '2018-10-22', '2018-10-27 06:40:00', '2018-10-27 08:40:00', '28.55'),
(1874, 12, '2018-10-22', '2018-10-27 15:40:00', '2018-10-27 17:20:00', '116.99'),
(1875, 14, '2018-10-22', '2018-10-27 10:45:00', '2018-10-27 12:00:00', '25.99'),
(1876, 15, '2018-10-22', '2018-10-27 06:30:00', '2018-10-27 08:10:00', '235.99'),
(1877, 39, '2018-10-22', '2018-10-27 08:55:00', '2018-10-27 10:45:00', '199.91'),
(1878, 40, '2018-10-22', '2018-10-27 21:15:00', '2018-10-27 23:00:00', '96.99'),
(1879, 5, '2018-10-23', '2018-10-28 06:30:00', '2018-10-28 07:40:00', '199.91'),
(1880, 6, '2018-10-23', '2018-10-28 15:50:00', '2018-10-28 17:30:00', '67.99'),
(1881, 7, '2018-10-23', '2018-10-28 10:20:00', '2018-10-28 12:05:00', '112.99'),
(1882, 8, '2018-10-23', '2018-10-28 08:05:00', '2018-10-28 11:00:00', '32.46'),
(1883, 14, '2018-10-23', '2018-10-28 09:00:00', '2018-10-28 10:15:00', '26.51'),
(1884, 15, '2018-10-23', '2018-10-28 06:30:00', '2018-10-28 08:15:00', '240.71'),
(1885, 39, '2018-10-23', '2018-10-28 13:20:00', '2018-10-28 15:05:00', '195.99'),
(1886, 40, '2018-10-23', '2018-10-28 21:15:00', '2018-10-28 23:00:00', '163.19'),
(1887, 5, '2018-10-24', '2018-10-29 14:25:00', '2018-10-29 15:35:00', '164.99'),
(1888, 6, '2018-10-24', '2018-10-29 21:50:00', '2018-10-29 23:30:00', '67.99'),
(1889, 8, '2018-10-24', '2018-10-29 08:05:00', '2018-10-29 11:00:00', '28.55'),
(1890, 9, '2018-10-24', '2018-10-29 07:10:00', '2018-10-29 08:40:00', '219.29'),
(1891, 13, '2018-10-24', '2018-10-29 07:05:00', '2018-10-29 08:25:00', '28.99'),
(1892, 14, '2018-10-24', '2018-10-29 10:40:00', '2018-10-29 11:55:00', '45.89'),
(1893, 15, '2018-10-24', '2018-10-29 06:30:00', '2018-10-29 08:15:00', '75.47'),
(1894, 39, '2018-10-24', '2018-10-29 13:20:00', '2018-10-29 15:05:00', '67.99'),
(1895, 6, '2018-10-25', '2018-10-30 15:50:00', '2018-10-30 17:30:00', '250.91'),
(1896, 8, '2018-10-25', '2018-10-30 20:05:00', '2018-10-30 23:00:00', '18.65'),
(1897, 9, '2018-10-25', '2018-10-30 07:10:00', '2018-10-30 08:40:00', '187.67'),
(1898, 12, '2018-10-25', '2018-10-30 19:30:00', '2018-10-30 21:10:00', '98.93'),
(1899, 15, '2018-10-25', '2018-10-30 19:20:00', '2018-10-30 21:05:00', '108.99'),
(1900, 39, '2018-10-25', '2018-10-30 13:20:00', '2018-10-30 15:05:00', '199.91'),
(1901, 5, '2018-10-26', '2018-10-31 06:30:00', '2018-10-31 07:40:00', '352.91'),
(1902, 6, '2018-10-26', '2018-10-31 15:50:00', '2018-10-31 17:30:00', '250.91'),
(1903, 7, '2018-10-26', '2018-10-31 10:20:00', '2018-10-31 12:05:00', '184.99'),
(1904, 8, '2018-10-26', '2018-10-31 20:05:00', '2018-10-31 23:00:00', '19.03'),
(1905, 9, '2018-10-26', '2018-10-31 10:50:00', '2018-10-31 12:20:00', '256.01'),
(1906, 13, '2018-10-26', '2018-10-31 07:05:00', '2018-10-31 08:25:00', '90.77'),
(1907, 15, '2018-10-26', '2018-10-31 06:30:00', '2018-10-31 08:15:00', '240.71'),
(1908, 39, '2018-10-26', '2018-10-31 13:20:00', '2018-10-31 15:05:00', '96.99'),
(1909, 5, '2018-10-27', '2018-11-01 18:30:00', '2018-11-01 19:40:00', '250.91'),
(1910, 6, '2018-10-27', '2018-11-01 21:50:00', '2018-11-01 23:30:00', '88.93'),
(1911, 8, '2018-10-27', '2018-11-01 08:05:00', '2018-11-01 11:00:00', '26.40'),
(1912, 9, '2018-10-27', '2018-11-01 15:50:00', '2018-11-01 17:20:00', '177.67'),
(1913, 14, '2018-10-27', '2018-11-01 15:05:00', '2018-11-01 16:20:00', '67.19'),
(1914, 15, '2018-10-27', '2018-11-01 19:20:00', '2018-11-01 21:05:00', '158.09'),
(1915, 39, '2018-10-27', '2018-11-01 13:20:00', '2018-11-01 15:05:00', '88.93'),
(1916, 5, '2018-10-28', '2018-11-02 12:05:00', '2018-11-02 13:15:00', '131.77'),
(1917, 6, '2018-10-28', '2018-11-02 21:50:00', '2018-11-02 23:30:00', '42.95'),
(1918, 7, '2018-10-28', '2018-11-02 21:25:00', '2018-11-02 23:05:00', '270.29'),
(1919, 8, '2018-10-28', '2018-11-02 08:45:00', '2018-11-02 11:40:00', '39.32'),
(1920, 9, '2018-10-28', '2018-11-02 13:55:00', '2018-11-02 15:25:00', '96.19'),
(1921, 13, '2018-10-28', '2018-11-02 07:05:00', '2018-11-02 08:25:00', '79.19'),
(1922, 14, '2018-10-28', '2018-11-02 10:40:00', '2018-11-02 11:55:00', '68.53'),
(1923, 15, '2018-10-28', '2018-11-02 06:30:00', '2018-11-02 08:15:00', '240.71'),
(1924, 39, '2018-10-28', '2018-11-02 13:20:00', '2018-11-02 15:05:00', '42.11'),
(1925, 40, '2018-10-28', '2018-11-02 21:15:00', '2018-11-02 23:00:00', '268.99'),
(1926, 5, '2018-10-29', '2018-11-03 14:25:00', '2018-11-03 15:35:00', '107.19'),
(1927, 6, '2018-10-29', '2018-11-03 08:35:00', '2018-11-03 10:15:00', '59.35'),
(1928, 7, '2018-10-29', '2018-11-03 21:25:00', '2018-11-03 23:05:00', '264.99'),
(1929, 8, '2018-10-29', '2018-11-03 08:05:00', '2018-11-03 11:00:00', '101.87'),
(1930, 9, '2018-10-29', '2018-11-03 06:20:00', '2018-11-03 07:50:00', '63.19'),
(1931, 14, '2018-10-29', '2018-11-03 09:00:00', '2018-11-03 10:15:00', '25.61'),
(1932, 39, '2018-10-29', '2018-11-03 13:20:00', '2018-11-03 15:05:00', '47.19'),
(1933, 40, '2018-10-29', '2018-11-03 21:15:00', '2018-11-03 23:00:00', '268.99'),
(1934, 5, '2018-10-30', '2018-11-04 06:30:00', '2018-11-04 07:40:00', '129.19'),
(1935, 6, '2018-10-30', '2018-11-04 21:50:00', '2018-11-04 23:30:00', '245.99'),
(1936, 7, '2018-10-30', '2018-11-04 21:25:00', '2018-11-04 23:05:00', '184.99'),
(1937, 8, '2018-10-30', '2018-11-04 08:05:00', '2018-11-04 11:00:00', '192.61'),
(1938, 9, '2018-10-30', '2018-11-04 07:20:00', '2018-11-04 08:50:00', '116.19'),
(1939, 14, '2018-10-30', '2018-11-04 09:00:00', '2018-11-04 10:15:00', '67.19'),
(1940, 15, '2018-10-30', '2018-11-04 06:30:00', '2018-11-04 08:15:00', '185.99'),
(1941, 39, '2018-10-30', '2018-11-04 13:20:00', '2018-11-04 15:05:00', '245.99'),
(1942, 5, '2018-10-31', '2018-11-05 18:30:00', '2018-11-05 19:40:00', '109.33'),
(1943, 6, '2018-10-31', '2018-11-05 21:50:00', '2018-11-05 23:30:00', '47.19'),
(1944, 7, '2018-10-31', '2018-11-05 21:25:00', '2018-11-05 23:05:00', '184.99'),
(1945, 8, '2018-10-31', '2018-11-05 20:05:00', '2018-11-05 23:00:00', '101.85'),
(1946, 9, '2018-10-31', '2018-11-05 07:20:00', '2018-11-05 08:50:00', '118.51'),
(1947, 13, '2018-10-31', '2018-11-05 07:05:00', '2018-11-05 08:25:00', '154.99'),
(1948, 14, '2018-10-31', '2018-11-05 10:40:00', '2018-11-05 11:55:00', '67.19'),
(1949, 15, '2018-10-31', '2018-11-05 06:30:00', '2018-11-05 08:15:00', '235.99'),
(1950, 39, '2018-10-31', '2018-11-05 13:20:00', '2018-11-05 15:05:00', '30.79'),
(1951, 5, '2018-11-01', '2018-11-06 14:25:00', '2018-11-06 15:35:00', '47.19'),
(1952, 6, '2018-11-01', '2018-11-06 21:50:00', '2018-11-06 23:30:00', '38.95'),
(1953, 7, '2018-11-01', '2018-11-06 10:20:00', '2018-11-06 12:05:00', '184.99'),
(1954, 8, '2018-11-01', '2018-11-06 13:00:00', '2018-11-06 15:55:00', '80.83'),
(1955, 9, '2018-11-01', '2018-11-06 10:50:00', '2018-11-06 12:20:00', '96.19'),
(1956, 12, '2018-11-01', '2018-11-06 19:30:00', '2018-11-06 21:10:00', '59.35'),
(1957, 15, '2018-11-01', '2018-11-06 19:20:00', '2018-11-06 21:05:00', '79.19'),
(1958, 39, '2018-11-01', '2018-11-06 13:20:00', '2018-11-06 15:05:00', '23.65'),
(1959, 5, '2018-11-02', '2018-11-07 06:30:00', '2018-11-07 07:40:00', '30.19'),
(1960, 6, '2018-11-02', '2018-11-07 15:50:00', '2018-11-07 17:30:00', '71.19'),
(1961, 7, '2018-11-02', '2018-11-07 21:25:00', '2018-11-07 23:05:00', '264.99'),
(1962, 8, '2018-11-02', '2018-11-07 08:05:00', '2018-11-07 11:00:00', '27.08'),
(1963, 9, '2018-11-02', '2018-11-07 10:50:00', '2018-11-07 12:20:00', '78.19'),
(1964, 13, '2018-11-02', '2018-11-07 07:05:00', '2018-11-07 08:25:00', '19.19'),
(1965, 15, '2018-11-02', '2018-11-07 06:30:00', '2018-11-07 08:15:00', '79.19'),
(1966, 39, '2018-11-02', '2018-11-07 13:20:00', '2018-11-07 15:05:00', '23.19'),
(1967, 5, '2018-11-03', '2018-11-08 06:30:00', '2018-11-08 07:40:00', '28.79'),
(1968, 6, '2018-11-03', '2018-11-08 08:35:00', '2018-11-08 10:15:00', '43.13'),
(1969, 7, '2018-11-03', '2018-11-08 10:20:00', '2018-11-08 12:05:00', '100.25'),
(1970, 8, '2018-11-03', '2018-11-08 08:05:00', '2018-11-08 11:00:00', '17.34'),
(1971, 9, '2018-11-03', '2018-11-08 05:55:00', '2018-11-08 07:25:00', '93.11'),
(1972, 12, '2018-11-03', '2018-11-08 15:10:00', '2018-11-08 16:50:00', '158.29'),
(1973, 14, '2018-11-03', '2018-11-08 15:05:00', '2018-11-08 16:20:00', '9.98'),
(1974, 15, '2018-11-03', '2018-11-08 19:20:00', '2018-11-08 21:05:00', '117.59'),
(1975, 39, '2018-11-03', '2018-11-08 13:20:00', '2018-11-08 15:05:00', '28.79'),
(1976, 40, '2018-11-03', '2018-11-08 10:20:00', '2018-11-08 12:10:00', '148.19'),
(1977, 5, '2018-11-04', '2018-11-09 12:05:00', '2018-11-09 13:15:00', '126.77'),
(1978, 6, '2018-11-04', '2018-11-09 21:50:00', '2018-11-09 23:30:00', '54.35'),
(1979, 7, '2018-11-04', '2018-11-09 10:20:00', '2018-11-09 12:05:00', '219.29'),
(1980, 8, '2018-11-04', '2018-11-09 08:45:00', '2018-11-09 11:40:00', '50.57'),
(1981, 9, '2018-11-04', '2018-11-09 08:00:00', '2018-11-09 09:30:00', '113.51'),
(1982, 13, '2018-11-04', '2018-11-09 07:05:00', '2018-11-09 08:25:00', '14.47'),
(1983, 14, '2018-11-04', '2018-11-09 10:40:00', '2018-11-09 11:55:00', '16.51'),
(1984, 15, '2018-11-04', '2018-11-09 06:30:00', '2018-11-09 08:15:00', '148.09'),
(1985, 39, '2018-11-04', '2018-11-09 13:20:00', '2018-11-09 15:05:00', '83.93'),
(1986, 40, '2018-11-04', '2018-11-09 21:15:00', '2018-11-09 23:00:00', '123.71'),
(1987, 5, '2018-11-05', '2018-11-10 06:30:00', '2018-11-10 07:40:00', '36.95'),
(1988, 6, '2018-11-05', '2018-11-10 21:50:00', '2018-11-10 23:30:00', '28.79'),
(1989, 7, '2018-11-05', '2018-11-10 21:25:00', '2018-11-10 23:05:00', '80.28'),
(1990, 8, '2018-11-05', '2018-11-10 13:00:00', '2018-11-10 15:55:00', '25.38'),
(1991, 9, '2018-11-05', '2018-11-10 06:20:00', '2018-11-10 07:50:00', '47.21'),
(1992, 12, '2018-11-05', '2018-11-10 15:10:00', '2018-11-10 16:50:00', '36.95'),
(1993, 13, '2018-11-05', '2018-11-10 07:05:00', '2018-11-10 08:25:00', '31.23'),
(1994, 14, '2018-11-05', '2018-11-10 09:00:00', '2018-11-10 10:15:00', '21.19'),
(1995, 15, '2018-11-05', '2018-11-10 19:20:00', '2018-11-10 21:05:00', '37.28'),
(1996, 39, '2018-11-05', '2018-11-10 13:20:00', '2018-11-10 15:05:00', '83.93'),
(1997, 40, '2018-11-05', '2018-11-10 21:15:00', '2018-11-10 23:00:00', '121.28'),
(1998, 41, '2018-11-05', '2018-11-10 11:30:00', '2018-11-10 14:55:00', '113.51'),
(1999, 5, '2018-11-06', '2018-11-11 06:30:00', '2018-11-11 07:40:00', '70.61'),
(2000, 6, '2018-11-06', '2018-11-11 08:35:00', '2018-11-11 10:15:00', '69.23'),
(2001, 7, '2018-11-06', '2018-11-11 21:25:00', '2018-11-11 23:05:00', '270.29'),
(2002, 8, '2018-11-06', '2018-11-11 13:00:00', '2018-11-11 15:55:00', '52.88');
INSERT INTO `track` (`id`, `id_request`, `fetch_date`, `departure_datetime`, `arrival_datetime`, `value`) VALUES
(2003, 9, '2018-11-06', '2018-11-11 07:20:00', '2018-11-11 08:50:00', '94.23'),
(2004, 14, '2018-11-06', '2018-11-11 09:00:00', '2018-11-11 10:15:00', '54.29'),
(2005, 15, '2018-11-06', '2018-11-11 06:30:00', '2018-11-11 08:15:00', '20.17'),
(2006, 39, '2018-11-06', '2018-11-11 13:20:00', '2018-11-11 15:05:00', '70.61'),
(2007, 40, '2018-11-06', '2018-11-11 16:35:00', '2018-11-11 18:20:00', '268.99'),
(2008, 41, '2018-11-06', '2018-11-11 11:30:00', '2018-11-11 14:55:00', '116.51'),
(2009, 5, '2018-11-07', '2018-11-12 14:25:00', '2018-11-12 15:35:00', '59.35'),
(2010, 6, '2018-11-07', '2018-11-12 21:50:00', '2018-11-12 23:30:00', '48.13'),
(2011, 7, '2018-11-07', '2018-11-12 21:25:00', '2018-11-12 23:05:00', '126.67'),
(2012, 8, '2018-11-07', '2018-11-12 08:05:00', '2018-11-12 11:00:00', '44.75'),
(2013, 9, '2018-11-07', '2018-11-12 13:55:00', '2018-11-12 15:25:00', '141.97'),
(2014, 13, '2018-11-07', '2018-11-12 07:05:00', '2018-11-12 08:25:00', '80.77'),
(2015, 14, '2018-11-07', '2018-11-12 10:40:00', '2018-11-12 11:55:00', '243.77'),
(2016, 15, '2018-11-07', '2018-11-12 06:30:00', '2018-11-12 08:15:00', '65.47'),
(2017, 39, '2018-11-07', '2018-11-12 13:20:00', '2018-11-12 15:05:00', '39.95'),
(2018, 40, '2018-11-07', '2018-11-12 12:20:00', '2018-11-12 14:05:00', '128.71'),
(2019, 41, '2018-11-07', '2018-11-12 11:30:00', '2018-11-12 14:55:00', '118.51');

-- --------------------------------------------------------

--
-- Table structure for table `transit`
--

CREATE TABLE `transit` (
  `id` int(11) NOT NULL,
  `id_trip` int(11) NOT NULL,
  `distance` varchar(64) NOT NULL,
  `distance_value` int(11) NOT NULL,
  `duration` varchar(64) NOT NULL,
  `duration_value` int(11) NOT NULL,
  `instruction` varchar(512) NOT NULL,
  `departure_stop` varchar(255) NOT NULL,
  `departure_time` int(11) NOT NULL,
  `arrival_stop` varchar(255) NOT NULL,
  `arrival_time` int(11) NOT NULL,
  `n_stops` int(11) NOT NULL,
  `id_vehicle` int(11) NOT NULL,
  `prox` int(11) NOT NULL,
  `start_point_x` varchar(30) NOT NULL,
  `start_point_y` varchar(30) NOT NULL,
  `end_point_x` varchar(30) NOT NULL,
  `end_point_y` varchar(30) NOT NULL
) ENGINE=InnoDB DEFAULT CHARSET=utf8mb4;

--
-- Dumping data for table `transit`
--

INSERT INTO `transit` (`id`, `id_trip`, `distance`, `distance_value`, `duration`, `duration_value`, `instruction`, `departure_stop`, `departure_time`, `arrival_stop`, `arrival_time`, `n_stops`, `id_vehicle`, `prox`, `start_point_x`, `start_point_y`, `end_point_x`, `end_point_y`) VALUES
(1, 1, '3.1 km', 3059, '8 mins', 480, 'Bus towards Verdellino - corso america', 'Zingonia - corso europa, 2', 1529468040, 'Verdellino - via marconi 36/29 - fs', 1529468520, 5, 1, 5, '45.59080123901367', '9.606399536132812', '45.60599899291992', '9.618269920349121'),
(2, 1, '11.2 km', 11196, '17 mins', 1020, 'Train towards Treviglio', 'Verdello Dalmine', 1529469180, 'Treviglio', 1529470200, 3, 2, 8, '45.6057014465332', '9.619950294494629', '45.51530075073242', '9.588640213012695'),
(3, 1, '114 km', 114150, '1 hour 20 mins', 4800, 'Train towards Verona Porta Nuova', 'Treviglio', 1529470500, 'Stazione Verona Porta Nuova', 1529475300, 7, 3, 9, '45.51530075073242', '9.588640213012695', '45.429100036621094', '10.982399940490723'),
(4, 1, '409 km', 408683, '5 hours 30 mins', 19800, 'Bus towards Prague ÚAN Florenc', 'Verona', 1529478000, 'ZOB Munich', 1529497800, 3, 4, 12, '45.43149948120117', '10.980999946594238', '48.14250183105469', '11.550000190734863'),
(5, 1, '0.9 km', 866, '1 min', 60, 'Commuter train towards München Ost', 'München Hackerbrücke', 1529498160, 'München Hbf', 1529498220, 1, 5, 15, '48.14189910888672', '11.549200057983398', '48.14120101928711', '11.560500144958496'),
(6, 1, '198 km', 198138, '1 hour 5 mins', 3900, 'High speed train towards Dortmund Hbf', 'München Hbf', 1529499000, 'Nürnberg Hbf', 1529502900, 1, 6, 16, '48.140201568603516', '11.558300018310547', '49.44620132446289', '11.081899642944336'),
(7, 1, '587 km', 586554, '3 hours 24 mins', 12240, 'High speed train towards Hamburg-Altona', 'Nürnberg Hbf', 1529503500, 'Berlin Central Station', 1529515740, 6, 7, 17, '49.44559860229492', '11.083000183105469', '52.52560043334961', '13.369500160217285'),
(15, 3, '14.5 km', 14452, '23 mins', 1380, 'Bus towards Arcene - v.le suardi', 'Ciserano - s.p.francesca (gel.pinguino)', 1531159020, 'Treviglio - V.le de Gasperi', 1531160400, 13, 15, 5, '45.58919906616211', '9.603569984436035', '45.51559829711914', '9.58899974822998'),
(16, 3, '91.6 km', 91617, '1 hour 2 mins', 3720, 'Train towards Verona Porta Nuova', 'Treviglio', 1531162500, 'Peschiera Del Garda Railway Station', 1531166220, 6, 16, 9, '45.51530075073242', '9.588640213012695', '45.4385986328125', '10.702400207519531'),
(17, 3, '570 km', 570396, '7 hours 40 mins', 27600, 'Bus towards Düsseldorf', 'Peschiera del Garda', 1531168200, 'Nuremberg', 1531195800, 3, 17, 12, '45.438899993896484', '10.702400207519531', '49.44770050048828', '11.08549976348877'),
(18, 3, '551 km', 550831, '2 hours 51 mins', 10260, 'High speed train towards Berlin Gesundbrunnen', 'Nürnberg Hbf', 1531198800, 'Berlin Central Station', 1531209060, 4, 18, 15, '49.44559860229492', '11.083000183105469', '52.52510070800781', '13.369400024414062'),
(19, 4, '14.5 km', 14452, '23 mins', 1380, 'Bus towards Arcene - v.le suardi', 'Ciserano - s.p.francesca (gel.pinguino)', 1531159020, 'Treviglio - V.le de Gasperi', 1531160400, 13, 19, 5, '45.58919906616211', '9.603569984436035', '45.51559829711914', '9.58899974822998'),
(20, 4, '91.6 km', 91617, '1 hour 2 mins', 3720, 'Train towards Verona Porta Nuova', 'Treviglio', 1531162500, 'Peschiera Del Garda Railway Station', 1531166220, 6, 20, 9, '45.51530075073242', '9.588640213012695', '45.4385986328125', '10.702400207519531'),
(21, 4, '570 km', 570396, '7 hours 40 mins', 27600, 'Bus towards Düsseldorf', 'Peschiera del Garda', 1531168200, 'Nuremberg', 1531195800, 3, 21, 12, '45.438899993896484', '10.702400207519531', '49.44770050048828', '11.08549976348877'),
(22, 4, '551 km', 550831, '2 hours 51 mins', 10260, 'High speed train towards Berlin Gesundbrunnen', 'Nürnberg Hbf', 1531198800, 'Berlin Central Station', 1531209060, 4, 22, 15, '49.44559860229492', '11.083000183105469', '52.52510070800781', '13.369400024414062'),
(23, 5, '2.8 km', 2838, '5 mins', 300, 'Bus towards Zingonia - corso europa, 2', 'Ciserano - via modena', 1531153440, 'Verdellino - via matteotti (stazione fs)', 1531153740, 5, 23, 58, '45.589500427246094', '9.603019714355469', '45.604801177978516', '9.618559837341309'),
(24, 5, '10.7 km', 10731, '11 mins', 660, 'Train towards Bergamo', 'Verdello Dalmine', 1531154520, 'Bergamo', 1531155180, 1, 24, 62, '45.6057014465332', '9.619950294494629', '45.690399169921875', '9.675069808959961'),
(25, 5, '5.3 km', 5303, '16 mins', 960, 'Bus towards Stazione F.s. Aeroporto (1)', 'Stazione Autolinee ATB', 1531156740, 'AEROPORTO Arrivi Nazionali', 1531157700, 2, 25, 69, '45.69139862060547', '9.675040245056152', '45.66569900512695', '9.698220252990723'),
(26, 6, '3.1 km', 3059, '7 mins', 420, 'Bus towards Verdellino - corso america', 'Zingonia - corso europa, 2', 1541393280, 'Verdellino - via marconi 36/29 - fs', 1541393700, 5, 26, 7, '45.59080123901367', '9.606399536132812', '45.60599899291992', '9.618269920349121'),
(27, 6, '42.6 km', 42579, '39 mins', 2340, 'Train towards Milano Centrale', 'Verdello Dalmine', 1541394660, 'Milano Centrale Railway Station', 1541397000, 3, 27, 10, '45.6057014465332', '9.619950294494629', '45.48699951171875', '9.205479621887207'),
(28, 6, '46.6 km', 46623, '51 mins', 3060, 'Train towards Malpensa Aeroporto T.2', 'Milano Centrale Railway Station', 1541397300, 'Malpensa Aeroporto, Terminal 1', 1541400360, 5, 28, 11, '45.48699951171875', '9.205479621887207', '45.627201080322266', '8.711099624633789'),
(29, 7, '2.8 km', 2838, '6 mins', 360, 'Bus towards Zingonia - corso europa, 2', 'Ciserano - via modena', 1541397240, 'Verdellino - via matteotti (stazione fs)', 1541397600, 5, 29, 73, '45.589500427246094', '9.603019714355469', '45.604801177978516', '9.618559837341309'),
(30, 7, '42.6 km', 42579, '39 mins', 2340, 'Train towards Milano Centrale', 'Verdello Dalmine', 1541398260, 'Milano Centrale Railway Station', 1541400600, 3, 30, 77, '45.6057014465332', '9.619950294494629', '45.48699951171875', '9.205479621887207'),
(31, 7, '46.6 km', 46623, '51 mins', 3060, 'Train towards Malpensa Aeroporto T.2', 'Milano Centrale Railway Station', 1541400900, 'Malpensa Aeroporto, Terminal 1', 1541403960, 5, 31, 78, '45.48699951171875', '9.205479621887207', '45.627201080322266', '8.711099624633789'),
(32, 8, '2.8 km', 2838, '6 mins', 360, 'Bus towards Zingonia - corso europa, 2', 'Ciserano - via modena', 1541397240, 'Verdellino - via matteotti (stazione fs)', 1541397600, 5, 32, 73, '45.589500427246094', '9.603019714355469', '45.604801177978516', '9.618559837341309'),
(33, 8, '42.6 km', 42579, '39 mins', 2340, 'Train towards Milano Centrale', 'Verdello Dalmine', 1541398260, 'Milano Centrale Railway Station', 1541400600, 3, 33, 77, '45.6057014465332', '9.619950294494629', '45.48699951171875', '9.205479621887207'),
(34, 8, '46.6 km', 46623, '51 mins', 3060, 'Train towards Malpensa Aeroporto T.2', 'Milano Centrale Railway Station', 1541400900, 'Malpensa Aeroporto, Terminal 1', 1541403960, 5, 34, 78, '45.48699951171875', '9.205479621887207', '45.627201080322266', '8.711099624633789'),
(35, 9, '2.8 km', 2838, '6 mins', 360, 'Bus towards Zingonia - corso europa, 2', 'Ciserano - via modena', 1541397240, 'Verdellino - via matteotti (stazione fs)', 1541397600, 5, 35, 73, '45.589500427246094', '9.603019714355469', '45.604801177978516', '9.618559837341309'),
(36, 9, '42.6 km', 42579, '39 mins', 2340, 'Train towards Milano Centrale', 'Verdello Dalmine', 1541398260, 'Milano Centrale Railway Station', 1541400600, 3, 36, 77, '45.6057014465332', '9.619950294494629', '45.48699951171875', '9.205479621887207'),
(37, 9, '46.6 km', 46623, '51 mins', 3060, 'Train towards Malpensa Aeroporto T.2', 'Milano Centrale Railway Station', 1541400900, 'Malpensa Aeroporto, Terminal 1', 1541403960, 5, 37, 78, '45.48699951171875', '9.205479621887207', '45.627201080322266', '8.711099624633789'),
(56, 14, '2.2 km', 2222, '12 mins', 716, 'Bus towards Estació del Nord', 'Gran Via - Balmes', 1530039964, 'Estació del Nord', 1530040680, 6, 56, 3, '41.387901306152344', '2.1664299964904785', '41.39440155029297', '2.1818199157714844'),
(57, 14, '860 km', 859532, '11 hours 15 mins', 40500, 'Bus towards Venice (Tronchetto)', 'Barcelona', 1530041400, 'Torino (Vittorio Emanuele)', 1530081900, 4, 57, 6, '41.39419937133789', '2.182960033416748', '45.06959915161133', '7.6590399742126465'),
(58, 14, '147 km', 146845, '50 mins', 3000, 'Train towards Salerno', 'Torino Porta Susa', 1530083700, 'Milano Centrale Railway Station', 1530086700, 1, 58, 9, '45.07160186767578', '7.665900230407715', '45.48590087890625', '9.204279899597168'),
(59, 14, '2.6 km', 2641, '6 mins', 330, 'Subway towards San Donato', 'Centrale', 1530087390, 'Duomo', 1530087720, 4, 59, 15, '45.48440170288086', '9.20261001586914', '45.46390151977539', '9.188610076904297'),
(60, 15, '112 km', 112173, '1 hour 33 mins', 5580, 'Train towards London Victoria', 'Chichester Station', 1540922940, 'Victoria Station', 1540928520, 8, 60, 5, '50.8317985534668', '-0.7829599976539612', '51.495201110839844', '-0.14389799535274506'),
(61, 15, '491 km', 491211, '11 hours 0 mins', 39600, 'Bus towards Dortmund', 'London', 1540929600, 'Düsseldorf', 1540969200, 3, 61, 11, '51.4921989440918', '-0.14907999336719513', '51.223201751708984', '6.795539855957031'),
(62, 15, '23.6 km', 23592, '13 mins', 780, 'Long distance train towards Norddeich Mole', 'Düsseldorf Central Station', 1540969920, 'Duisburg Hbf', 1540970700, 1, 62, 14, '51.21979904174805', '6.795370101928711', '51.4297981262207', '6.775899887084961'),
(63, 15, '515 km', 515122, '4 hours 20 mins', 15600, 'Long distance train towards Berlin Südkreuz', 'Duisburg Hbf', 1540971060, 'Berlin Central Station', 1540986660, 12, 63, 15, '51.4297981262207', '6.775899887084961', '52.52560043334961', '13.369500160217285');

-- --------------------------------------------------------

--
-- Table structure for table `trip`
--

CREATE TABLE `trip` (
  `id` int(11) NOT NULL,
  `departure_location` varchar(255) NOT NULL,
  `arrival_location` varchar(255) NOT NULL,
  `departure_time` int(11) NOT NULL,
  `arrival_time` int(11) NOT NULL
) ENGINE=InnoDB DEFAULT CHARSET=utf8mb4;

--
-- Dumping data for table `trip`
--

INSERT INTO `trip` (`id`, `departure_location`, `arrival_location`, `departure_time`, `arrival_time`) VALUES
(1, 'Via Francesca, 35, 24040 Ciserano BG, Italia', 'Berlin, Germany', 1529467446, 1529515740),
(3, 'Via Circonvallazione Nord, 108, 24040 Ciserano BG, Italy', 'Berlin, Germany', 1531158647, 1531209060),
(4, 'Via Circonvallazione Nord, 108, 24040 Ciserano BG, Italy', 'Berlin, Germany', 1531158647, 1531209060),
(5, 'Via Circonvallazione Nord, 108, 24040 Ciserano BG, Italy', 'BGY airport', 1531153079, 1531157705),
(6, 'Via Circonvallazione Nord, 108, 24040 Ciserano BG, Italy', 'MXP airport', 1541392625, 1541400812),
(7, 'Via Circonvallazione Nord, 108, 24040 Ciserano BG, Italy', 'MXP airport', 1541396879, 1541404412),
(8, 'Via Circonvallazione Nord, 108, 24040 Ciserano BG, Italy', 'MXP airport', 1541396879, 1541404412),
(9, 'Via Circonvallazione Nord, 108, 24040 Ciserano BG, Italy', 'MXP airport', 1541396879, 1541404412),
(14, 'Rambla de Catalunya, Barcelona, Spain', 'Piazza del Duomo, 20122 Milano MI, Italy', 1530039547, 1530087723),
(15, '4 Southgate, Chichester PO19 8DJ, UK', 'Berlin, Germany', 1540922757, 1540986660);

-- --------------------------------------------------------

--
-- Table structure for table `user`
--

CREATE TABLE `user` (
  `id` int(11) NOT NULL,
  `email` varchar(150) NOT NULL,
  `username` varchar(40) NOT NULL,
  `password` varchar(280) NOT NULL
) ENGINE=InnoDB DEFAULT CHARSET=utf8mb4;

--
-- Dumping data for table `user`
--

INSERT INTO `user` (`id`, `email`, `username`, `password`) VALUES
(1, 'admin@admin.com', 'admin', 'adminpw'),
(5, 'projectsherlockinfo@gmail.com', 'Adriano', 'password1'),
(24, 'john@gmail.com', 'john', 'john'),
(29, 'sarahjones@mail.com', 'sarahj', 'jones'),
(30, 'thomassmith@mail.com', 'thomas', 'smith'),
(31, 'ellenwilliams@mail.com', 'ellen', 'williams'),
(32, 'richardbrown@mail.com', 'richard', 'brown'),
(33, 'arthurwhite@mail.com', 'arthur', 'white'),
(34, 'michaelharris@mail.com', 'michael', 'harris'),
(35, 'anniewood@mail.com', 'annie', 'wood'),
(36, 'paulwilson@mail.com', 'paul', 'wilson'),
(37, 'chloeroberts@mail.com', 'chloe', 'roberts'),
(38, 'timmyturner@mail.com', 'timmy', 'turner'),
(39, 'janewright@mail.com', 'jane', 'wright');

-- --------------------------------------------------------

--
-- Table structure for table `user_device`
--

CREATE TABLE `user_device` (
  `user_id` int(11) NOT NULL,
  `device_id` varchar(183) NOT NULL
) ENGINE=InnoDB DEFAULT CHARSET=utf8mb4;

--
-- Dumping data for table `user_device`
--

INSERT INTO `user_device` (`user_id`, `device_id`) VALUES
(5, '6fc5e930ff8a0392');

-- --------------------------------------------------------

--
-- Table structure for table `user_trip`
--

CREATE TABLE `user_trip` (
  `id_user` int(11) NOT NULL,
  `id_trip` int(11) NOT NULL
) ENGINE=InnoDB DEFAULT CHARSET=utf8mb4;

--
-- Dumping data for table `user_trip`
--

INSERT INTO `user_trip` (`id_user`, `id_trip`) VALUES
(5, 14),
(5, 15);

-- --------------------------------------------------------

--
-- Stand-in structure for view `vAvgPriceDayzone`
-- (See below for the actual view)
--
CREATE TABLE `vAvgPriceDayzone` (
`avg_price` decimal(14,6)
,`dayzone` varchar(9)
);

-- --------------------------------------------------------

--
-- Table structure for table `vehicle`
--

CREATE TABLE `vehicle` (
  `id` int(11) NOT NULL,
  `id_trip` int(11) NOT NULL,
  `headsign` varchar(255) DEFAULT NULL,
  `name` varchar(255) DEFAULT NULL,
  `short_name` varchar(64) DEFAULT NULL,
  `color` varchar(16) DEFAULT NULL,
  `type` varchar(64) DEFAULT NULL,
  `agency_name` varchar(255) DEFAULT NULL,
  `agency_url` varchar(512) DEFAULT NULL
) ENGINE=InnoDB DEFAULT CHARSET=utf8mb4;

--
-- Dumping data for table `vehicle`
--

INSERT INTO `vehicle` (`id`, `id_trip`, `headsign`, `name`, `short_name`, `color`, `type`, `agency_name`, `agency_url`) VALUES
(1, 1, 'Verdellino - corso america', 'null', 'V10', '#00f200', 'Bus', 'Autoservizi Locatelli', 'http://www.autoservizilocatelli.it/'),
(2, 1, 'Treviglio', 'null', 'R2', '#94c120', 'Train', 'Trenord', 'http://www.trenord.it/'),
(3, 1, 'Verona Porta Nuova', 'null', 'RE_6', '#d50000', 'Train', 'Trenord', 'http://www.trenord.it/'),
(4, 1, 'Prague ÚAN Florenc', 'null', 'FlixBus', '#64dd17', 'Bus', 'FlixBus', 'https://www.flixbus.com/?wt_mc=earned.earned.earned.maps.google.google.google.ad&utm_medium=organic&utm_source=google_maps'),
(5, 1, 'München Ost', 'null', 'S1', 'null', 'Commuter train', 'DB Regio AG Bayern', 'http://www.dbregio.de/db_regio/view/index.shtml'),
(6, 1, 'Dortmund Hbf', 'null', 'ICE', 'null', 'High speed train', 'Deutsche Bahn AG', 'http://www.bahn.com/en/view/index.shtml'),
(7, 1, 'Hamburg-Altona', 'null', 'ICE', 'null', 'High speed train', 'Deutsche Bahn AG', 'http://www.bahn.com/en/view/index.shtml'),
(15, 3, 'Arcene - v.le suardi', 'null', 'F10', '#00f200', 'Bus', 'SAI Treviglio', 'http://www.saiautolinee.it/'),
(16, 3, 'Verona Porta Nuova', 'null', 'RE_6', '#d50000', 'Train', 'Trenord', 'http://www.trenord.it/'),
(17, 3, 'Düsseldorf', 'null', 'FlixBus', '#64dd17', 'Bus', 'FlixBus', 'https://www.flixbus.com/?wt_mc=earned.earned.earned.maps.google.google.google.ad&utm_medium=organic&utm_source=google_maps'),
(18, 3, 'Berlin Gesundbrunnen', 'null', 'ICE', 'null', 'High speed train', 'Deutsche Bahn AG', 'http://www.bahn.com/en/view/index.shtml'),
(19, 4, 'Arcene - v.le suardi', 'null', 'F10', '#00f200', 'Bus', 'SAI Treviglio', 'http://www.saiautolinee.it/'),
(20, 4, 'Verona Porta Nuova', 'null', 'RE_6', '#d50000', 'Train', 'Trenord', 'http://www.trenord.it/'),
(21, 4, 'Düsseldorf', 'null', 'FlixBus', '#64dd17', 'Bus', 'FlixBus', 'https://www.flixbus.com/?wt_mc=earned.earned.earned.maps.google.google.google.ad&utm_medium=organic&utm_source=google_maps'),
(22, 4, 'Berlin Gesundbrunnen', 'null', 'ICE', 'null', 'High speed train', 'Deutsche Bahn AG', 'http://www.bahn.com/en/view/index.shtml'),
(23, 5, 'Zingonia - corso europa, 2', 'null', 'F10', '#00f200', 'Bus', 'SAI Treviglio', 'http://www.saiautolinee.it/'),
(24, 5, 'Bergamo', 'null', 'RE_2', '#d50000', 'Train', 'Trenord', 'http://www.trenord.it/'),
(25, 5, 'Stazione F.s. Aeroporto (1)', 'null', '1', '#03a9f4', 'Bus', 'ATB Azienda Trasporti Bergamo', 'http://www.atb.bergamo.it/'),
(26, 6, 'Verdellino - corso america', 'null', 'V10', '#00f200', 'Bus', 'Autoservizi Locatelli', 'http://www.autoservizilocatelli.it/'),
(27, 6, 'Milano Centrale', 'null', 'RE_2', '#d50000', 'Train', 'Trenord', 'http://www.trenord.it/'),
(28, 6, 'Malpensa Aeroporto T.2', 'null', 'XP2', '#ad1457', 'Train', 'Trenord', 'http://www.trenord.it/'),
(29, 7, 'Zingonia - corso europa, 2', 'null', 'F10', '#00f200', 'Bus', 'SAI Treviglio', 'http://www.saiautolinee.it/'),
(30, 7, 'Milano Centrale', 'null', 'RE_2', '#d50000', 'Train', 'Trenord', 'http://www.trenord.it/'),
(31, 7, 'Malpensa Aeroporto T.2', 'null', 'XP2', '#ad1457', 'Train', 'Trenord', 'http://www.trenord.it/'),
(32, 8, 'Zingonia - corso europa, 2', 'null', 'F10', '#00f200', 'Bus', 'SAI Treviglio', 'http://www.saiautolinee.it/'),
(33, 8, 'Milano Centrale', 'null', 'RE_2', '#d50000', 'Train', 'Trenord', 'http://www.trenord.it/'),
(34, 8, 'Malpensa Aeroporto T.2', 'null', 'XP2', '#ad1457', 'Train', 'Trenord', 'http://www.trenord.it/'),
(35, 9, 'Zingonia - corso europa, 2', 'null', 'F10', '#00f200', 'Bus', 'SAI Treviglio', 'http://www.saiautolinee.it/'),
(36, 9, 'Milano Centrale', 'null', 'RE_2', '#d50000', 'Train', 'Trenord', 'http://www.trenord.it/'),
(37, 9, 'Malpensa Aeroporto T.2', 'null', 'XP2', '#ad1457', 'Train', 'Trenord', 'http://www.trenord.it/'),
(56, 14, 'Estació del Nord', 'null', '54', '#d32f2f', 'Bus', 'TMB', 'http://www.tmb.cat/'),
(57, 14, 'Venice (Tronchetto)', 'null', 'FlixBus', '#64dd17', 'Bus', 'FlixBus', 'https://www.flixbus.com/?wt_mc=earned.earned.earned.maps.google.google.google.ad&utm_medium=organic&utm_source=google_maps'),
(58, 14, 'Salerno', 'null', 'FR', '#d32f2f', 'Train', 'TRENITALIA', 'http://www.trenitalia.com/'),
(59, 14, 'San Donato', 'null', '3', '#ffea00', 'Subway', 'COMUNE DI MILANO', 'http://www.muoversi.milano.it/'),
(60, 15, 'London Victoria', 'null', 'Southern', '#004d40', 'Train', 'Southern', 'http://www.southernrailway.com/'),
(61, 15, 'Dortmund', 'null', 'FlixBus', '#64dd17', 'Bus', 'FlixBus', 'https://www.flixbus.com/?wt_mc=earned.earned.earned.maps.google.google.google.ad&utm_medium=organic&utm_source=google_maps'),
(62, 15, 'Norddeich Mole', 'null', 'IC', 'null', 'Long distance train', 'Deutsche Bahn AG', 'http://www.bahn.com/en/view/index.shtml'),
(63, 15, 'Berlin Südkreuz', 'null', 'IC', 'null', 'Long distance train', 'Deutsche Bahn AG', 'http://www.bahn.com/en/view/index.shtml');

-- --------------------------------------------------------

--
-- Table structure for table `walk`
--

CREATE TABLE `walk` (
  `id` int(11) NOT NULL,
  `id_trip` int(11) NOT NULL,
  `distance` varchar(255) NOT NULL,
  `distance_value` int(11) NOT NULL,
  `duration` varchar(255) NOT NULL,
  `duration_value` int(11) NOT NULL,
  `instruction` varchar(512) NOT NULL,
  `prox` int(11) NOT NULL,
  `start_point_x` varchar(30) NOT NULL,
  `start_point_y` varchar(30) NOT NULL,
  `end_point_x` varchar(30) NOT NULL,
  `end_point_y` varchar(30) NOT NULL
) ENGINE=InnoDB DEFAULT CHARSET=utf8mb4;

--
-- Dumping data for table `walk`
--

INSERT INTO `walk` (`id`, `id_trip`, `distance`, `distance_value`, `duration`, `duration_value`, `instruction`, `prox`, `start_point_x`, `start_point_y`, `end_point_x`, `end_point_y`) VALUES
(2, 1, '0.6 km', 561, '7 mins', 415, 'Head east on Via Francesca toward Via Osio Sotto', 1, '45.58869934082031', '9.598259925842285', '45.589500427246094', '9.60536003112793'),
(3, 1, '0.2 km', 158, '2 mins', 131, 'Turn left onto Corso Europa', 2, '45.589500427246094', '9.60536003112793', '45.59080123901367', '9.60575008392334'),
(4, 1, '43 m', 43, '1 min', 37, 'Turn right onto Largo Aldo Moro', 3, '45.59080123901367', '9.60575008392334', '45.59090042114258', '9.606240272521973'),
(5, 1, '14 m', 14, '1 min', 11, 'Turn right onto Corso Europa/Largo Aldo MoroDestination will be on the left', 4, '45.59090042114258', '9.606240272521973', '45.59080123901367', '9.606289863586426'),
(7, 1, '0.2 km', 192, '2 mins', 145, 'Head east on Via Guglielmo Marconi toward Via Giosuè CarducciDestination will be on the right', 7, '45.60599899291992', '9.618269920349121', '45.6057014465332', '9.620160102844238'),
(9, 1, '0.3 km', 261, '4 mins', 261, 'walking', 11, '45.429298400878906', '10.982399940490723', '45.43149948120117', '10.980999946594238'),
(11, 1, '39 m', 39, '1 min', 29, 'Head south on Grasserstraße/Hackerbrücke', 14, '48.142398834228516', '11.548700332641602', '48.1421012878418', '11.548600196838379'),
(20, 3, '55 m', 55, '1 min', 40, 'Head northeast on Via Circonvallazione Nord toward Via Sandro Botticelli', 1, '45.58789825439453', '9.598770141601562', '45.5880012512207', '9.59945011138916'),
(21, 3, '0.1 km', 96, '1 min', 71, 'Turn left onto Via Sandro Botticelli', 2, '45.5880012512207', '9.59945011138916', '45.58879852294922', '9.599120140075684'),
(22, 3, '86 m', 86, '1 min', 61, 'Turn right onto Via Francesca', 3, '45.58879852294922', '9.599120140075684', '45.58890151977539', '9.600210189819336'),
(23, 3, '0.3 km', 264, '3 mins', 200, 'Slight right to stay on Via Francesca', 4, '45.58890151977539', '9.600210189819336', '45.589298248291016', '9.603569984436035'),
(25, 3, '23 m', 23, '1 min', 17, 'Head west on Via Fantoni', 7, '45.51559829711914', '9.588990211486816', '45.51559829711914', '9.588709831237793'),
(26, 3, '12 m', 12, '1 min', 10, 'Enter the roundaboutDestination will be on the left', 8, '45.51559829711914', '9.588709831237793', '45.515499114990234', '9.588600158691406'),
(28, 3, '12 m', 12, '1 min', 9, 'Head northeast', 11, '45.43870162963867', '10.702300071716309', '45.43880081176758', '10.702500343322754'),
(30, 3, '0.3 km', 305, '5 mins', 305, 'walking', 14, '49.44770050048828', '11.08549976348877', '49.44670104980469', '11.081500053405762'),
(32, 4, '55 m', 55, '1 min', 40, 'Head northeast on Via Circonvallazione Nord toward Via Sandro Botticelli', 1, '45.58789825439453', '9.598770141601562', '45.5880012512207', '9.59945011138916'),
(33, 4, '0.1 km', 96, '1 min', 71, 'Turn left onto Via Sandro Botticelli', 2, '45.5880012512207', '9.59945011138916', '45.58879852294922', '9.599120140075684'),
(34, 4, '86 m', 86, '1 min', 61, 'Turn right onto Via Francesca', 3, '45.58879852294922', '9.599120140075684', '45.58890151977539', '9.600210189819336'),
(35, 4, '0.3 km', 264, '3 mins', 200, 'Slight right to stay on Via Francesca', 4, '45.58890151977539', '9.600210189819336', '45.589298248291016', '9.603569984436035'),
(37, 4, '23 m', 23, '1 min', 17, 'Head west on Via Fantoni', 7, '45.51559829711914', '9.588990211486816', '45.51559829711914', '9.588709831237793'),
(38, 4, '12 m', 12, '1 min', 10, 'Enter the roundaboutDestination will be on the left', 8, '45.51559829711914', '9.588709831237793', '45.515499114990234', '9.588600158691406'),
(40, 4, '12 m', 12, '1 min', 9, 'Head northeast', 11, '45.43870162963867', '10.702300071716309', '45.43880081176758', '10.702500343322754'),
(42, 4, '0.3 km', 305, '5 mins', 305, 'walking', 14, '49.44770050048828', '11.08549976348877', '49.44670104980469', '11.081500053405762'),
(44, 5, '55 m', 55, '1 min', 40, 'Head northeast on Via Circonvallazione Nord toward Via Sandro Botticelli', 53, '45.58789825439453', '9.598770141601562', '45.5880012512207', '9.59945011138916'),
(45, 5, '0.1 km', 96, '1 min', 71, 'Turn left onto Via Sandro Botticelli', 54, '45.5880012512207', '9.59945011138916', '45.58879852294922', '9.599120140075684'),
(46, 5, '0.3 km', 263, '3 mins', 196, 'Turn right onto Via Francesca', 55, '45.58879852294922', '9.599120140075684', '45.58919906616211', '9.602459907531738'),
(47, 5, '21 m', 21, '1 min', 21, 'Turn left onto Via Modena', 56, '45.58919906616211', '9.602459907531738', '45.58940124511719', '9.602490425109863'),
(48, 5, '42 m', 42, '1 min', 32, 'Turn right to stay on Via Modena', 57, '45.58940124511719', '9.602490425109863', '45.589500427246094', '9.603019714355469'),
(50, 5, '0.1 km', 147, '2 mins', 112, 'Head north on Via Giacomo Matteotti toward Via XXIV Maggio', 60, '45.604801177978516', '9.618499755859375', '45.60609817504883', '9.61868953704834'),
(51, 5, '0.2 km', 158, '2 mins', 119, 'Turn right onto Via Guglielmo MarconiDestination will be on the right', 61, '45.60609817504883', '9.61868953704834', '45.6057014465332', '9.620160102844238'),
(53, 5, '20 m', 20, '1 min', 15, 'Head northwest', 64, '45.690399169921875', '9.675089836120605', '45.69049835205078', '9.674920082092285'),
(54, 5, '68 m', 68, '1 min', 51, 'Turn left toward Via Geremia Bonomelli/SS42', 65, '45.69049835205078', '9.674920082092285', '45.69049835205078', '9.674099922180176'),
(55, 5, '33 m', 33, '1 min', 25, 'Turn right toward Via Geremia Bonomelli/SS42', 66, '45.69049835205078', '9.674099922180176', '45.69060134887695', '9.6737699508667'),
(56, 5, '0.2 km', 165, '2 mins', 126, 'Turn right onto Via Geremia Bonomelli/SS42Continue to follow SS42', 67, '45.69060134887695', '9.6737699508667', '45.69139862060547', '9.67533016204834'),
(57, 5, '10 m', 10, '1 min', 13, 'Enter the roundaboutDestination will be on the left', 68, '45.69139862060547', '9.67533016204834', '45.69150161743164', '9.675239562988281'),
(59, 5, '0.2 km', 195, '1 min', 5, 'walking', 71, '45.66569900512695', '9.698220252990723', '45.66490173339844', '9.700469970703125'),
(61, 6, '55 m', 55, '1 min', 40, 'Head northeast on Via Circonvallazione Nord toward Via Sandro Botticelli', 1, '45.58789825439453', '9.598770141601562', '45.5880012512207', '9.59945011138916'),
(62, 6, '0.1 km', 96, '1 min', 71, 'Turn left onto Via Sandro Botticelli', 2, '45.5880012512207', '9.59945011138916', '45.58879852294922', '9.599120140075684'),
(63, 6, '0.5 km', 492, '6 mins', 364, 'Turn right onto Via Francesca', 3, '45.58879852294922', '9.599120140075684', '45.589500427246094', '9.60536003112793'),
(64, 6, '0.2 km', 158, '2 mins', 131, 'Turn left onto Corso Europa', 4, '45.589500427246094', '9.60536003112793', '45.59080123901367', '9.60575008392334'),
(65, 6, '43 m', 43, '1 min', 37, 'Turn right onto Largo Aldo Moro', 5, '45.59080123901367', '9.60575008392334', '45.59090042114258', '9.606240272521973'),
(66, 6, '14 m', 14, '1 min', 11, 'Turn right onto Corso Europa/Largo Aldo MoroDestination will be on the left', 6, '45.59090042114258', '9.606240272521973', '45.59080123901367', '9.606289863586426'),
(68, 6, '0.2 km', 192, '2 mins', 145, 'Head east on Via Guglielmo Marconi toward Via Giosuè CarducciDestination will be on the right', 9, '45.60599899291992', '9.618269920349121', '45.6057014465332', '9.620160102844238'),
(70, 6, '0.2 km', 227, '3 mins', 165, 'Head south', 13, '45.627201080322266', '8.710700035095215', '45.62519836425781', '8.711099624633789'),
(71, 6, '62 m', 62, '1 min', 52, 'Slight left toward MXP T1 - arrivi', 14, '45.62519836425781', '8.711099624633789', '45.62480163574219', '8.71172046661377'),
(72, 6, '0.2 km', 205, '3 mins', 152, 'Turn right at P2 - Executive (MXP T1)', 15, '45.62480163574219', '8.71172046661377', '45.624698638916016', '8.70946979522705'),
(73, 6, '0.3 km', 331, '4 mins', 247, 'Sharp left onto MXP T1 - arrivi', 16, '45.624698638916016', '8.70946979522705', '45.6255989074707', '8.71222972869873'),
(75, 14, '71 m', 71, '1 min', 50, 'Turn right onto Gran Via de les Corts CatalanesDestination will be on the right', 2, '41.388301849365234', '2.167030096054077', '41.387901306152344', '2.1664600372314453'),
(76, 14, '0.6 km', 595, '10 mins', 595, 'walking', 8, '45.069698333740234', '7.658959865570068', '45.0713996887207', '7.666140079498291'),
(77, 14, '57 m', 57, '1 min', 41, 'Turn left toward Piazza Duca d\'Aosta', 12, '45.485198974609375', '9.203229904174805', '45.484798431396484', '9.203229904174805'),
(78, 7, '21 m', 21, '1 min', 21, 'Turn left onto Via Modena', 71, '45.58919906616211', '9.602459907531738', '45.58940124511719', '9.602490425109863'),
(79, 15, '58 m', 58, '1 min', 45, 'Head southwest on Southgate/A286 toward Basin RdContinue to follow A286', 1, '50.83250045776367', '-0.7805730104446411', '50.832000732421875', '-0.7809230089187622'),
(80, 15, '55 m', 55, '1 min', 46, 'Turn right onto Station Approach', 2, '50.832000732421875', '-0.7809230089187622', '50.83219909667969', '-0.7816529870033264'),
(81, 15, '27 m', 27, '1 min', 21, 'Slight leftDestination will be on the left', 3, '50.83219909667969', '-0.7816529870033264', '50.83219909667969', '-0.7820429801940918'),
(82, 15, '70 m', 70, '1 min', 71, 'Take entrance Chichester Rail Station (north entrance)', 4, '50.83209991455078', '-0.7820410132408142', '50.8317985534668', '-0.7829599976539612'),
(84, 15, '0.2 km', 221, '4 mins', 222, 'Take exit ', 7, '51.495201110839844', '-0.14389799535274506', '51.49409866333008', '-0.14651300013065338'),
(85, 15, '0.3 km', 327, '4 mins', 232, 'Head south on Buckingham Palace Rd/A3214 toward Elizabeth St', 8, '51.49409866333008', '-0.14657899737358093', '51.49150085449219', '-0.14895600080490112'),
(86, 15, '48 m', 48, '1 min', 44, 'Turn right onto Semley Pl', 9, '51.49150085449219', '-0.14895600080490112', '51.491798400878906', '-0.14945299923419952'),
(87, 15, '9 m', 9, '1 min', 8, 'Turn right', 10, '51.491798400878906', '-0.14945299923419952', '51.49190139770508', '-0.14940699934959412'),
(89, 15, '0.4 km', 392, '5 mins', 293, 'Head southwest on Worringer Str. toward Kurfürstenstraße', 13, '51.22330093383789', '6.7953901290893555', '51.220298767089844', '6.7926201820373535'),
(90, 8, '0.1 km', 96, '1 min', 71, 'Turn left onto Via Sandro Botticelli', 69, '45.5880012512207', '9.59945011138916', '45.58879852294922', '9.599120140075684'),
(91, 8, '0.3 km', 263, '3 mins', 196, 'Turn right onto Via Francesca', 70, '45.58879852294922', '9.599120140075684', '45.58919906616211', '9.602459907531738'),
(92, 8, '21 m', 21, '1 min', 21, 'Turn left onto Via Modena', 71, '45.58919906616211', '9.602459907531738', '45.58940124511719', '9.602490425109863'),
(93, 8, '42 m', 42, '1 min', 32, 'Turn right to stay on Via Modena', 72, '45.58940124511719', '9.602490425109863', '45.589500427246094', '9.603019714355469'),
(95, 8, '0.1 km', 147, '2 mins', 112, 'Head north on Via Giacomo Matteotti toward Via XXIV Maggio', 75, '45.604801177978516', '9.618499755859375', '45.60609817504883', '9.61868953704834'),
(96, 8, '0.2 km', 158, '2 mins', 119, 'Turn right onto Via Guglielmo MarconiDestination will be on the right', 76, '45.60609817504883', '9.61868953704834', '45.6057014465332', '9.620160102844238'),
(98, 8, '0.2 km', 227, '3 mins', 165, 'Head south', 80, '45.627201080322266', '8.710700035095215', '45.62519836425781', '8.711099624633789'),
(99, 8, '62 m', 62, '1 min', 52, 'Slight left toward MXP T1 - arrivi', 81, '45.62519836425781', '8.711099624633789', '45.62480163574219', '8.71172046661377'),
(100, 8, '0.2 km', 205, '3 mins', 152, 'Turn right at P2 - Executive (MXP T1)', 82, '45.62480163574219', '8.71172046661377', '45.624698638916016', '8.70946979522705'),
(101, 8, '0.3 km', 331, '4 mins', 247, 'Sharp left onto MXP T1 - arrivi', 83, '45.624698638916016', '8.70946979522705', '45.6255989074707', '8.71222972869873'),
(103, 9, '55 m', 55, '1 min', 40, 'Head northeast on Via Circonvallazione Nord toward Via Sandro Botticelli', 68, '45.58789825439453', '9.598770141601562', '45.5880012512207', '9.59945011138916'),
(104, 9, '0.1 km', 96, '1 min', 71, 'Turn left onto Via Sandro Botticelli', 69, '45.5880012512207', '9.59945011138916', '45.58879852294922', '9.599120140075684'),
(105, 9, '0.3 km', 263, '3 mins', 196, 'Turn right onto Via Francesca', 70, '45.58879852294922', '9.599120140075684', '45.58919906616211', '9.602459907531738'),
(106, 9, '21 m', 21, '1 min', 21, 'Turn left onto Via Modena', 71, '45.58919906616211', '9.602459907531738', '45.58940124511719', '9.602490425109863'),
(107, 9, '42 m', 42, '1 min', 32, 'Turn right to stay on Via Modena', 72, '45.58940124511719', '9.602490425109863', '45.589500427246094', '9.603019714355469'),
(109, 9, '0.1 km', 147, '2 mins', 112, 'Head north on Via Giacomo Matteotti toward Via XXIV Maggio', 75, '45.604801177978516', '9.618499755859375', '45.60609817504883', '9.61868953704834'),
(110, 9, '0.2 km', 158, '2 mins', 119, 'Turn right onto Via Guglielmo MarconiDestination will be on the right', 76, '45.60609817504883', '9.61868953704834', '45.6057014465332', '9.620160102844238'),
(112, 9, '0.2 km', 227, '3 mins', 165, 'Head south', 80, '45.627201080322266', '8.710700035095215', '45.62519836425781', '8.711099624633789'),
(113, 9, '62 m', 62, '1 min', 52, 'Slight left toward MXP T1 - arrivi', 81, '45.62519836425781', '8.711099624633789', '45.62480163574219', '8.71172046661377'),
(114, 9, '0.2 km', 205, '3 mins', 152, 'Turn right at P2 - Executive (MXP T1)', 82, '45.62480163574219', '8.71172046661377', '45.624698638916016', '8.70946979522705'),
(115, 9, '0.3 km', 331, '4 mins', 247, 'Sharp left onto MXP T1 - arrivi', 83, '45.624698638916016', '8.70946979522705', '45.6255989074707', '8.71222972869873');

-- --------------------------------------------------------

--
-- Structure for view `vAvgPriceDayzone`
--
DROP TABLE IF EXISTS `vAvgPriceDayzone`;

CREATE ALGORITHM=UNDEFINED DEFINER=`root`@`%` SQL SECURITY DEFINER VIEW `vAvgPriceDayzone`  AS  select avg(`t`.`value`) AS `avg_price`,(case when (hour(`t`.`departure_datetime`) between 7 and 12) then 'morning' when (hour(`t`.`departure_datetime`) between 13 and 18) then 'afternoon' when (hour(`t`.`departure_datetime`) between 19 and 24) then 'evening' when (hour(`t`.`departure_datetime`) between 1 and 6) then 'night' end) AS `dayzone` from `track` `t` group by (case when (hour(`t`.`departure_datetime`) between 7 and 12) then 'morning' when (hour(`t`.`departure_datetime`) between 13 and 18) then 'afternoon' when (hour(`t`.`departure_datetime`) between 19 and 24) then 'evening' when (hour(`t`.`departure_datetime`) between 1 and 6) then 'night' end) ;

--
-- Indexes for dumped tables
--

--
-- Indexes for table `airport`
--
ALTER TABLE `airport`
  ADD PRIMARY KEY (`iata`);

--
-- Indexes for table `fcm_info`
--
ALTER TABLE `fcm_info`
  ADD PRIMARY KEY (`id`),
  ADD UNIQUE KEY `fcm_token` (`fcm_token`);

--
-- Indexes for table `request`
--
ALTER TABLE `request`
  ADD PRIMARY KEY (`id`),
  ADD KEY `iata_departure` (`iata_departure`),
  ADD KEY `iata_arrive` (`iata_arrival`);

--
-- Indexes for table `request_user`
--
ALTER TABLE `request_user`
  ADD PRIMARY KEY (`id_request`,`id_user`),
  ADD KEY `rel_2` (`id_user`);

--
-- Indexes for table `route`
--
ALTER TABLE `route`
  ADD PRIMARY KEY (`iata_dep`,`iata_arr`),
  ADD KEY `R2` (`iata_arr`);

--
-- Indexes for table `track`
--
ALTER TABLE `track`
  ADD PRIMARY KEY (`id`),
  ADD KEY `id_request` (`id_request`);

--
-- Indexes for table `transit`
--
ALTER TABLE `transit`
  ADD PRIMARY KEY (`id`),
  ADD KEY `rel3` (`id_vehicle`),
  ADD KEY `rel2` (`id_trip`);

--
-- Indexes for table `trip`
--
ALTER TABLE `trip`
  ADD PRIMARY KEY (`id`);

--
-- Indexes for table `user`
--
ALTER TABLE `user`
  ADD PRIMARY KEY (`id`),
  ADD UNIQUE KEY `email` (`email`),
  ADD UNIQUE KEY `username` (`username`);

--
-- Indexes for table `user_device`
--
ALTER TABLE `user_device`
  ADD PRIMARY KEY (`user_id`,`device_id`),
  ADD KEY `rel2` (`device_id`);

--
-- Indexes for table `user_trip`
--
ALTER TABLE `user_trip`
  ADD PRIMARY KEY (`id_user`,`id_trip`),
  ADD KEY `user_trip_2` (`id_trip`);

--
-- Indexes for table `vehicle`
--
ALTER TABLE `vehicle`
  ADD PRIMARY KEY (`id`),
  ADD KEY `vehicle_1` (`id_trip`);

--
-- Indexes for table `walk`
--
ALTER TABLE `walk`
  ADD PRIMARY KEY (`id`),
  ADD KEY `walk_1` (`id_trip`);

--
-- AUTO_INCREMENT for dumped tables
--

--
-- AUTO_INCREMENT for table `request`
--
ALTER TABLE `request`
  MODIFY `id` int(11) NOT NULL AUTO_INCREMENT, AUTO_INCREMENT=42;
--
-- AUTO_INCREMENT for table `track`
--
ALTER TABLE `track`
  MODIFY `id` int(11) NOT NULL AUTO_INCREMENT, AUTO_INCREMENT=2020;
--
-- AUTO_INCREMENT for table `user`
--
ALTER TABLE `user`
  MODIFY `id` int(11) NOT NULL AUTO_INCREMENT, AUTO_INCREMENT=40;
--
-- Constraints for dumped tables
--

--
-- Constraints for table `request`
--
ALTER TABLE `request`
  ADD CONSTRAINT `request_2` FOREIGN KEY (`iata_departure`) REFERENCES `airport` (`iata`) ON DELETE CASCADE ON UPDATE CASCADE,
  ADD CONSTRAINT `request_3` FOREIGN KEY (`iata_arrival`) REFERENCES `airport` (`iata`) ON DELETE CASCADE ON UPDATE CASCADE;

--
-- Constraints for table `request_user`
--
ALTER TABLE `request_user`
  ADD CONSTRAINT `rel_1` FOREIGN KEY (`id_request`) REFERENCES `request` (`id`) ON DELETE CASCADE ON UPDATE CASCADE,
  ADD CONSTRAINT `rel_2` FOREIGN KEY (`id_user`) REFERENCES `user` (`id`) ON DELETE CASCADE ON UPDATE CASCADE;

--
-- Constraints for table `route`
--
ALTER TABLE `route`
  ADD CONSTRAINT `R2` FOREIGN KEY (`iata_arr`) REFERENCES `airport` (`iata`) ON DELETE CASCADE ON UPDATE CASCADE,
  ADD CONSTRAINT `r1` FOREIGN KEY (`iata_dep`) REFERENCES `airport` (`iata`) ON DELETE CASCADE ON UPDATE CASCADE;

--
-- Constraints for table `track`
--
ALTER TABLE `track`
  ADD CONSTRAINT `track_1` FOREIGN KEY (`id_request`) REFERENCES `request` (`id`) ON DELETE SET NULL ON UPDATE SET NULL;

--
-- Constraints for table `transit`
--
ALTER TABLE `transit`
  ADD CONSTRAINT `transit_1` FOREIGN KEY (`id_trip`) REFERENCES `trip` (`id`) ON DELETE CASCADE ON UPDATE CASCADE,
  ADD CONSTRAINT `transit_2` FOREIGN KEY (`id_vehicle`) REFERENCES `vehicle` (`id`) ON DELETE CASCADE ON UPDATE CASCADE;

--
-- Constraints for table `user_device`
--
ALTER TABLE `user_device`
  ADD CONSTRAINT `rel1` FOREIGN KEY (`user_id`) REFERENCES `user` (`id`) ON DELETE CASCADE ON UPDATE CASCADE,
  ADD CONSTRAINT `rel2` FOREIGN KEY (`device_id`) REFERENCES `fcm_info` (`id`) ON DELETE CASCADE ON UPDATE CASCADE;

--
-- Constraints for table `user_trip`
--
ALTER TABLE `user_trip`
  ADD CONSTRAINT `user_trip_1` FOREIGN KEY (`id_user`) REFERENCES `user` (`id`) ON DELETE CASCADE ON UPDATE CASCADE,
  ADD CONSTRAINT `user_trip_2` FOREIGN KEY (`id_trip`) REFERENCES `trip` (`id`) ON DELETE CASCADE ON UPDATE CASCADE;

--
-- Constraints for table `vehicle`
--
ALTER TABLE `vehicle`
  ADD CONSTRAINT `vehicle_1` FOREIGN KEY (`id_trip`) REFERENCES `trip` (`id`) ON DELETE CASCADE ON UPDATE CASCADE;

--
-- Constraints for table `walk`
--
ALTER TABLE `walk`
  ADD CONSTRAINT `walk_1` FOREIGN KEY (`id_trip`) REFERENCES `trip` (`id`) ON DELETE CASCADE ON UPDATE CASCADE;

/*!40101 SET CHARACTER_SET_CLIENT=@OLD_CHARACTER_SET_CLIENT */;
/*!40101 SET CHARACTER_SET_RESULTS=@OLD_CHARACTER_SET_RESULTS */;
/*!40101 SET COLLATION_CONNECTION=@OLD_COLLATION_CONNECTION */;
