-- phpMyAdmin SQL Dump
-- version 4.6.6deb4
-- https://www.phpmyadmin.net/
--
-- Host: localhost:3306
-- Generation Time: May 26, 2018 at 06:24 PM
-- Server version: 10.1.23-MariaDB-9+deb9u1
-- PHP Version: 7.0.27-0+deb9u1

SET SQL_MODE = "NO_AUTO_VALUE_ON_ZERO";
SET time_zone = "+00:00";


/*!40101 SET @OLD_CHARACTER_SET_CLIENT=@@CHARACTER_SET_CLIENT */;
/*!40101 SET @OLD_CHARACTER_SET_RESULTS=@@CHARACTER_SET_RESULTS */;
/*!40101 SET @OLD_COLLATION_CONNECTION=@@COLLATION_CONNECTION */;
/*!40101 SET NAMES utf8mb4 */;

--
-- Database: `sherlock_data`
--

-- --------------------------------------------------------

--
-- Table structure for table `airport`
--

CREATE TABLE `airport` (
  `iata` varchar(3) NOT NULL,
  `name` varchar(255) NOT NULL
) ENGINE=InnoDB DEFAULT CHARSET=utf8mb4;

--
-- Dumping data for table `airport`
--

INSERT INTO `airport` (`iata`, `name`) VALUES
('AAL', 'Aalborg'),
('AAR', 'Aarhus'),
('ABZ', 'Aberdeen'),
('ACE', 'Lanzarote'),
('AGA', 'Agadir'),
('AGP', 'Malaga'),
('AHO', 'Alghero'),
('ALC', 'Alicante'),
('AMM', 'Amman'),
('AMS', 'Amsterdam'),
('AOI', 'Ancona'),
('AQJ', 'Aqaba Jordan'),
('ASU', 'Asuncion'),
('ATH', 'Athens'),
('BCN', 'Barcelona'),
('BDS', 'Brindisi'),
('BES', 'Brest'),
('BFS', 'Belfast International'),
('BGY', 'Milan Bergamo'),
('BHX', 'Birmingham'),
('BIQ', 'Biarritz'),
('BLL', 'Billund'),
('BLQ', 'Bologna'),
('BNX', 'Banja Luka'),
('BOD', 'Bordeaux'),
('BOG', 'Bogota'),
('BOH', 'Bournemouth'),
('BOJ', 'Burgas'),
('BOS', 'Boston'),
('BRE', 'Bremen'),
('BRI', 'Bari'),
('BRQ', 'Brno'),
('BRS', 'Bristol'),
('BRU', 'Brussels'),
('BSL', 'Basel'),
('BTS', 'Bratislava'),
('BUD', 'Budapest'),
('BVA', 'Paris Beauvais'),
('BVE', 'Brive'),
('BZG', 'Bydgoszcz'),
('BZR', 'Beziers'),
('CAG', 'Cagliari'),
('CCF', 'Carcassonne'),
('CCS', 'Caracas'),
('CDT', 'Castellon (Valencia)'),
('CFE', 'Clermont'),
('CFU', 'Corfu'),
('CGN', 'Cologne'),
('CHQ', 'Chania'),
('CIA', 'Rome Ciampino'),
('CIY', 'Comiso'),
('CPH', 'Copenhagen'),
('CRA', 'Craiova'),
('CRL', 'Brussels Charleroi'),
('CRV', 'Crotone'),
('CTA', 'Catania'),
('CUF', 'Cuneo'),
('CUN', 'Cancun'),
('CWL', 'Cardiff'),
('DLE', 'Dole'),
('DLM', 'Dalaman'),
('DNR', 'Dinard'),
('DOL', 'Deauville'),
('DTM', 'Dortmund'),
('DUB', 'Dublin'),
('DUS', 'Dusseldorf Int.'),
('EBU', 'St Etienne'),
('EDI', 'Edinburgh'),
('EFL', 'Kefalonia'),
('EGC', 'Bergerac'),
('EIN', 'Eindhoven'),
('EMA', 'East Midlands'),
('EZE', 'Buenos Aires'),
('FAO', 'Faro'),
('FCO', 'Rome Fiumicino'),
('FEZ', 'Fez'),
('FKB', 'Karlsruhe / Baden-Baden'),
('FMM', 'Memmingen'),
('FMO', 'Münster'),
('FNI', 'Nimes'),
('FRA', 'Frankfurt International'),
('FSC', 'Figari'),
('FUE', 'Fuerteventura'),
('GDN', 'Gdansk'),
('GLA', 'Glasgow'),
('GNB', 'Grenoble'),
('GOA', 'Genoa'),
('GOT', 'Göteborg Landvetter'),
('GRO', 'Barcelona Girona'),
('GRU', 'Sao Paulo Guarulhos'),
('GRZ', 'Graz'),
('GSE', 'Göteborg-City'),
('GYE', 'Guayaquil'),
('HAJ', 'Hannover'),
('HAM', 'Hamburg'),
('HAU', 'Haugesund'),
('HAV', 'Havana'),
('HER', 'Heraklion Crete'),
('HHN', 'Frankfurt Hahn'),
('IBZ', 'Ibiza'),
('INI', 'Nis'),
('INN', 'Innsbruck'),
('JFK', 'New York (JFK)'),
('JMK', 'Mykonos'),
('JTR', 'Santorini'),
('KBP', 'Kiev-Boryspil'),
('KGS', 'Kos'),
('KIR', 'Kerry'),
('KLX', 'Kalamata'),
('KRK', 'Krakow'),
('KTW', 'Katowice'),
('KUN', 'Kaunas'),
('LBA', 'Leeds Bradford'),
('LCA', 'Larnaca'),
('LCG', 'A Coruna'),
('LCJ', 'Lodz'),
('LDE', 'Lourdes'),
('LDY', 'Derry'),
('LEI', 'Almeria'),
('LEJ', 'Leipzig'),
('LGW', 'London Gatwick'),
('LIG', 'Limoges'),
('LIL', 'Lille'),
('LIM', 'Lima'),
('LIS', 'Lisbon'),
('LNZ', 'Linz'),
('LPA', 'Gran Canaria'),
('LPL', 'Liverpool'),
('LPP', 'Lappeenranta'),
('LRH', 'La Rochelle'),
('LRT', 'Lorient'),
('LTN', 'London Luton'),
('LUX', 'Luxembourg'),
('LUZ', 'Lublin'),
('LWO', 'Lviv'),
('LYS', 'Lyon'),
('MAD', 'Madrid'),
('MAH', 'Menorca'),
('MAN', 'Manchester'),
('MIA', 'Miami'),
('MJV', 'Murcia'),
('MLA', 'Malta'),
('MMX', 'Malmo'),
('MPL', 'Montpellier'),
('MRS', 'Marseille'),
('MST', 'Maastricht'),
('MUC', 'Munich'),
('MVD', 'Montevideo'),
('MXP', 'Milan Malpensa'),
('NAP', 'Naples'),
('NCE', 'Nice'),
('NCL', 'Newcastle'),
('NDR', 'Nador'),
('NOC', 'Knock'),
('NQY', 'Newquay Cornwall'),
('NRN', 'Dusseldorf Weeze'),
('NTE', 'Nantes'),
('NUE', 'Nuremberg'),
('NYO', 'Stockholm Skavsta'),
('OLB', 'Olbia'),
('OMR', 'Oradea'),
('OPO', 'Porto'),
('ORK', 'Cork'),
('ORY', 'Paris Orly'),
('OSL', 'Oslo'),
('OSR', 'Ostrava'),
('OTP', 'Bucharest'),
('OUD', 'Oujda'),
('PAD', 'Paderborn'),
('PDL', 'Ponta Delgada'),
('PDV', 'Plovdiv'),
('PED', 'Pardubice'),
('PEG', 'Perugia'),
('PFO', 'Paphos'),
('PGF', 'Perpignan'),
('PIK', 'Glasgow Prestwick'),
('PIS', 'Poitiers'),
('PLQ', 'Palanga'),
('PMF', 'Parma'),
('PMI', 'Mallorca'),
('PMO', 'Palermo'),
('POZ', 'Poznan'),
('PRG', 'Prague'),
('PSA', 'Pisa'),
('PSR', 'Pescara'),
('PUJ', 'Punta Cana'),
('PUY', 'Pula'),
('RAK', 'Marrakesh'),
('RBA', 'Rabat'),
('RDZ', 'Rodez'),
('REC', 'Recife International'),
('REU', 'Barcelona Reus'),
('RHO', 'Rhodes'),
('RIX', 'Riga'),
('RJK', 'Rijeka'),
('RMI', 'Rimini'),
('RYG', 'Moss-Rygge'),
('RZE', 'Rzeszow'),
('SAP', 'San Pedro Sula'),
('SCQ', 'Santiago'),
('SDQ', 'Santo Domingo'),
('SDR', 'Santander'),
('SJU', 'San Juan'),
('SKG', 'Thessaloniki'),
('SNN', 'Shannon'),
('SOF', 'Sofia'),
('SSA', 'Salvador'),
('STN', 'London Stansted'),
('STR', 'Stuttgart'),
('SUF', 'Lamezia'),
('SVQ', 'Seville'),
('SXB', 'Strasbourg'),
('SXF', 'Berlin Schönefeld'),
('SZG', 'Salzburg'),
('SZY', 'Olsztyn - Mazury'),
('SZZ', 'Szczecin'),
('TER', 'Terceira Lajes'),
('TFN', 'Tenerife North'),
('TFS', 'Tenerife South'),
('TGD', 'Podgorica'),
('TLL', 'Tallinn'),
('TLS', 'Toulouse'),
('TLV', 'Tel Aviv'),
('TMP', 'Tampere'),
('TNG', 'Tangier'),
('TPS', 'Trapani'),
('TRF', 'Oslo Torp'),
('TRN', 'Turin'),
('TRS', 'Trieste'),
('TSF', 'Venice Treviso'),
('TSR', 'Timisoara'),
('TUF', 'Tours Loire Valley'),
('TXL', 'Berlin Tegel'),
('VAR', 'Varna'),
('VCE', 'Venice M.Polo'),
('VDA', 'Eilat'),
('VGO', 'Vigo'),
('VIE', 'Vienna'),
('VIT', 'Vitoria (Basque Country)'),
('VLC', 'Valencia'),
('VLL', 'Valladolid'),
('VNO', 'Vilnius'),
('VRN', 'Verona'),
('VST', 'Stockholm Västerås'),
('VVI', 'Santa Cruz'),
('VXO', 'Växjö Småland'),
('WAW', 'Warsaw Chopin'),
('WMI', 'Warsaw Modlin'),
('WRO', 'Wroclaw'),
('XCR', 'Paris Vatry'),
('XRY', 'Jerez'),
('ZAD', 'Zadar'),
('ZAZ', 'Zaragoza'),
('ZRH', 'Zurich');

-- --------------------------------------------------------

--
-- Table structure for table `fcm_info`
--

CREATE TABLE `fcm_info` (
  `id` varchar(183) NOT NULL,
  `fcm_token` varchar(183) NOT NULL
) ENGINE=InnoDB DEFAULT CHARSET=utf8mb4;

--
-- Dumping data for table `fcm_info`
--

INSERT INTO `fcm_info` (`id`, `fcm_token`) VALUES
('4a747f3a072727e', 'cbwzIje9BgQ:APA91bEdfmMb4YVTLKFBMHzk3QjrAf3qKwQri2G-Ze4BqTcp9QP0_c_A0vWDPYZZ3Vr3f_kLzNQs0beFr92LA6zOLom3BUsnSMLEfplEI2Qay-bwnLKyy7t3OfVu-0Se0XVEyUv1yMFr'),
('df761bd67c465038', 'eh4_uigAnuQ:APA91bFtZeH6j-5NAB54marQGk-PCDcb0ftcPZOojoy6bPxkr6r6edAN0HxAQMBHsb9yteejjqjZl_6hx6hkVcPIrHgAJVsPHdyQr3pQPacuJC7q_NccI1W498R61emtpCSgyjEXzNXM'),
('11891af517a255d3', 'fsatleUzEqs:APA91bFS4-LYro0_nXCogQv653STKiffrDY5WA_BgPwVefr_kxNTm6cb1VWprWGPUs3ff7oyG5ybbUJqdz0Ya8ubFruDdxeuCWAaR7XXLTW-luDc622ghb4KHEh0U_pfumo5MT4JV6Ds');

-- --------------------------------------------------------

--
-- Table structure for table `request`
--

CREATE TABLE `request` (
  `id` int(11) NOT NULL,
  `iata_departure` varchar(3) NOT NULL,
  `iata_arrival` varchar(3) NOT NULL
) ENGINE=InnoDB DEFAULT CHARSET=utf8mb4;

--
-- Dumping data for table `request`
--

INSERT INTO `request` (`id`, `iata_departure`, `iata_arrival`) VALUES
(5, 'BGY', 'STN'),
(6, 'BGY', 'BCN'),
(7, 'BGY', 'DUB'),
(8, 'STN', 'BGY'),
(9, 'BCN', 'STN'),
(11, 'BGY', 'IBZ'),
(12, 'BGY', 'BOD'),
(13, 'BGY', 'LUX'),
(14, 'BGY', 'NUE'),
(15, 'BGY', 'BVA');

-- --------------------------------------------------------

--
-- Table structure for table `request_user`
--

CREATE TABLE `request_user` (
  `id_request` int(11) NOT NULL,
  `id_user` int(11) NOT NULL
) ENGINE=InnoDB DEFAULT CHARSET=utf8mb4;

--
-- Dumping data for table `request_user`
--

INSERT INTO `request_user` (`id_request`, `id_user`) VALUES
(5, 5),
(6, 5),
(7, 5),
(8, 5),
(9, 5),
(11, 5),
(12, 5),
(13, 5),
(14, 5),
(14, 24),
(15, 5);

-- --------------------------------------------------------

--
-- Table structure for table `route`
--

CREATE TABLE `route` (
  `iata_dep` varchar(3) NOT NULL,
  `iata_arr` varchar(3) NOT NULL
) ENGINE=InnoDB DEFAULT CHARSET=utf8mb4;

--
-- Dumping data for table `route`
--

INSERT INTO `route` (`iata_dep`, `iata_arr`) VALUES
('AAL', 'STN'),
('AAR', 'EIN'),
('AAR', 'GDN'),
('AAR', 'STN'),
('ABZ', 'AGP'),
('ABZ', 'ALC'),
('ABZ', 'FAO'),
('ABZ', 'MLA'),
('ACE', 'BCN'),
('ACE', 'BFS'),
('ACE', 'BGY'),
('ACE', 'BHX'),
('ACE', 'BLQ'),
('ACE', 'BRS'),
('ACE', 'CRL'),
('ACE', 'DUB'),
('ACE', 'DUS'),
('ACE', 'EDI'),
('ACE', 'EIN'),
('ACE', 'EMA'),
('ACE', 'FCO'),
('ACE', 'FRA'),
('ACE', 'GLA'),
('ACE', 'HHN'),
('ACE', 'LBA'),
('ACE', 'LPL'),
('ACE', 'LTN'),
('ACE', 'MAD'),
('ACE', 'MAN'),
('ACE', 'NCL'),
('ACE', 'NOC'),
('ACE', 'NRN'),
('ACE', 'ORK'),
('ACE', 'PIK'),
('ACE', 'SCQ'),
('ACE', 'SDR'),
('ACE', 'SNN'),
('ACE', 'STN'),
('ACE', 'SVQ'),
('ACE', 'SXF'),
('ACE', 'TXL'),
('ACE', 'VLC'),
('ACE', 'VLL'),
('ACE', 'ZAZ'),
('ACE', 'ZRH'),
('AGA', 'CRL'),
('AGA', 'EIN'),
('AGA', 'FRA'),
('AGA', 'MAN'),
('AGA', 'NRN'),
('AGA', 'STN'),
('AGP', 'ABZ'),
('AGP', 'AMS'),
('AGP', 'BCN'),
('AGP', 'BFS'),
('AGP', 'BGY'),
('AGP', 'BHX'),
('AGP', 'BLL'),
('AGP', 'BLQ'),
('AGP', 'BOH'),
('AGP', 'BRE'),
('AGP', 'BRS'),
('AGP', 'BRU'),
('AGP', 'BTS'),
('AGP', 'BUD'),
('AGP', 'CGN'),
('AGP', 'CPH'),
('AGP', 'CRL'),
('AGP', 'DTM'),
('AGP', 'DUB'),
('AGP', 'DUS'),
('AGP', 'EDI'),
('AGP', 'EIN'),
('AGP', 'EMA'),
('AGP', 'FCO'),
('AGP', 'FKB'),
('AGP', 'FMM'),
('AGP', 'FRA'),
('AGP', 'GLA'),
('AGP', 'GOT'),
('AGP', 'GSE'),
('AGP', 'HAM'),
('AGP', 'HAU'),
('AGP', 'HHN'),
('AGP', 'IBZ'),
('AGP', 'KRK'),
('AGP', 'LBA'),
('AGP', 'LPL'),
('AGP', 'MAN'),
('AGP', 'MRS'),
('AGP', 'NCL'),
('AGP', 'NOC'),
('AGP', 'NRN'),
('AGP', 'NUE'),
('AGP', 'NYO'),
('AGP', 'ORK'),
('AGP', 'PIK'),
('AGP', 'PMI'),
('AGP', 'PRG'),
('AGP', 'RYG'),
('AGP', 'SCQ'),
('AGP', 'SDR'),
('AGP', 'SNN'),
('AGP', 'STN'),
('AGP', 'SXF'),
('AGP', 'TRF'),
('AGP', 'TSF'),
('AGP', 'TXL'),
('AGP', 'VIE'),
('AGP', 'VST'),
('AGP', 'WMI'),
('AGP', 'WRO'),
('AHO', 'BGY'),
('AHO', 'BLQ'),
('AHO', 'BTS'),
('AHO', 'CRL'),
('AHO', 'DTM'),
('AHO', 'EIN'),
('AHO', 'FMM'),
('AHO', 'GSE'),
('AHO', 'HHN'),
('AHO', 'PSA'),
('AHO', 'STN'),
('ALC', 'ABZ'),
('ALC', 'BFS'),
('ALC', 'BGY'),
('ALC', 'BHX'),
('ALC', 'BLL'),
('ALC', 'BLQ'),
('ALC', 'BOH'),
('ALC', 'BRE'),
('ALC', 'BRS'),
('ALC', 'BRU'),
('ALC', 'BVA'),
('ALC', 'CGN'),
('ALC', 'CPH'),
('ALC', 'CRL'),
('ALC', 'DUB'),
('ALC', 'DUS'),
('ALC', 'EDI'),
('ALC', 'EIN'),
('ALC', 'EMA'),
('ALC', 'FCO'),
('ALC', 'FKB'),
('ALC', 'FMM'),
('ALC', 'FRA'),
('ALC', 'GDN'),
('ALC', 'GLA'),
('ALC', 'GOT'),
('ALC', 'GSE'),
('ALC', 'HAM'),
('ALC', 'HAU'),
('ALC', 'HHN'),
('ALC', 'KIR'),
('ALC', 'KRK'),
('ALC', 'KUN'),
('ALC', 'LBA'),
('ALC', 'LGW'),
('ALC', 'LPL'),
('ALC', 'MAN'),
('ALC', 'MST'),
('ALC', 'MXP'),
('ALC', 'NCL'),
('ALC', 'NOC'),
('ALC', 'NQY'),
('ALC', 'NRN'),
('ALC', 'NUE'),
('ALC', 'NYO'),
('ALC', 'ORK'),
('ALC', 'PED'),
('ALC', 'PIK'),
('ALC', 'POZ'),
('ALC', 'RYG'),
('ALC', 'SCQ'),
('ALC', 'SNN'),
('ALC', 'STN'),
('ALC', 'SVQ'),
('ALC', 'SXF'),
('ALC', 'TRF'),
('ALC', 'VST'),
('ALC', 'VXO'),
('ALC', 'WMI'),
('ALC', 'WRO'),
('AMM', 'BGY'),
('AMM', 'BLQ'),
('AMM', 'BRU'),
('AMM', 'BUD'),
('AMM', 'KRK'),
('AMM', 'OTP'),
('AMM', 'PFO'),
('AMM', 'PRG'),
('AMM', 'VNO'),
('AMM', 'WMI'),
('AMS', 'AGP'),
('AMS', 'DUB'),
('AOI', 'CRL'),
('AOI', 'NRN'),
('AOI', 'STN'),
('AOI', 'TPS'),
('ASU', 'MAD'),
('ATH', 'AQJ'),
('ATH', 'BGY'),
('ATH', 'BLL'),
('ATH', 'BLQ'),
('ATH', 'BTS'),
('ATH', 'BUD'),
('ATH', 'CHQ'),
('ATH', 'CIA'),
('ATH', 'CRL'),
('ATH', 'CTA'),
('ATH', 'DUB'),
('ATH', 'EIN'),
('ATH', 'FKB'),
('ATH', 'FMM'),
('ATH', 'FRA'),
('ATH', 'GDN'),
('ATH', 'JMK'),
('ATH', 'JTR'),
('ATH', 'KRK'),
('ATH', 'KTW'),
('ATH', 'LCJ'),
('ATH', 'LPP'),
('ATH', 'MLA'),
('ATH', 'OTP'),
('ATH', 'PMO'),
('ATH', 'POZ'),
('ATH', 'RAK'),
('ATH', 'RHO'),
('ATH', 'RZE'),
('ATH', 'SKG'),
('ATH', 'SOF'),
('ATH', 'STN'),
('ATH', 'SXF'),
('ATH', 'VNO'),
('ATH', 'WMI'),
('ATH', 'WRO'),
('BCN', 'ACE'),
('BCN', 'AGP'),
('BCN', 'BGY'),
('BCN', 'BHX'),
('BCN', 'BLQ'),
('BCN', 'BRU'),
('BCN', 'BUD'),
('BCN', 'BVA'),
('BCN', 'CGN'),
('BCN', 'CRL'),
('BCN', 'DUB'),
('BCN', 'EDI'),
('BCN', 'EMA'),
('BCN', 'FCO'),
('BCN', 'FEZ'),
('BCN', 'FRA'),
('BCN', 'FUE'),
('BCN', 'HAM'),
('BCN', 'IBZ'),
('BCN', 'KBP'),
('BCN', 'KRK'),
('BCN', 'LPA'),
('BCN', 'LPL'),
('BCN', 'LUX'),
('BCN', 'MAH'),
('BCN', 'MAN'),
('BCN', 'MLA'),
('BCN', 'NAP'),
('BCN', 'NDR'),
('BCN', 'NYO'),
('BCN', 'OPO'),
('BCN', 'PIK'),
('BCN', 'PMI'),
('BCN', 'PRG'),
('BCN', 'RAK'),
('BCN', 'SCQ'),
('BCN', 'SDR'),
('BCN', 'SOF'),
('BCN', 'STN'),
('BCN', 'SVQ'),
('BCN', 'SXF'),
('BCN', 'TFN'),
('BCN', 'TFS'),
('BCN', 'TRN'),
('BCN', 'TSF'),
('BCN', 'VCE'),
('BCN', 'VGO'),
('BCN', 'VLL'),
('BCN', 'VNO'),
('BCN', 'WMI'),
('BCN', 'XRY'),
('BDS', 'BGY'),
('BDS', 'BLQ'),
('BDS', 'BVA'),
('BDS', 'CAG'),
('BDS', 'CRL'),
('BDS', 'EIN'),
('BDS', 'FCO'),
('BDS', 'FKB'),
('BDS', 'FMM'),
('BDS', 'FRA'),
('BDS', 'MAD'),
('BDS', 'MAN'),
('BDS', 'MLA'),
('BDS', 'NUE'),
('BDS', 'NYO'),
('BDS', 'PSA'),
('BDS', 'STN'),
('BDS', 'SVQ'),
('BDS', 'TRN'),
('BDS', 'TSF'),
('BDS', 'TXL'),
('BDS', 'VIE'),
('BDS', 'VLC'),
('BDS', 'VRN'),
('BES', 'MRS'),
('BFS', 'ACE'),
('BFS', 'AGP'),
('BFS', 'ALC'),
('BFS', 'BGY'),
('BFS', 'FAO'),
('BFS', 'GDN'),
('BFS', 'GRO'),
('BFS', 'KRK'),
('BFS', 'LGW'),
('BFS', 'MAN'),
('BFS', 'MLA'),
('BFS', 'STN'),
('BFS', 'SXF'),
('BFS', 'TFS'),
('BFS', 'WMI'),
('BFS', 'WRO'),
('BGY', 'ACE'),
('BGY', 'AGP'),
('BGY', 'AHO'),
('BGY', 'ALC'),
('BGY', 'AMM'),
('BGY', 'ATH'),
('BGY', 'BCN'),
('BGY', 'BDS'),
('BGY', 'BFS'),
('BGY', 'BLL'),
('BGY', 'BOD'),
('BGY', 'BOJ'),
('BGY', 'BRE'),
('BGY', 'BRI'),
('BGY', 'BRS'),
('BGY', 'BTS'),
('BGY', 'BUD'),
('BGY', 'BVA'),
('BGY', 'CAG'),
('BGY', 'CFU'),
('BGY', 'CGN'),
('BGY', 'CHQ'),
('BGY', 'CIY'),
('BGY', 'CPH'),
('BGY', 'CRL'),
('BGY', 'CRV'),
('BGY', 'CTA'),
('BGY', 'DUB'),
('BGY', 'EDI'),
('BGY', 'EFL'),
('BGY', 'EIN'),
('BGY', 'EMA'),
('BGY', 'FAO'),
('BGY', 'FEZ'),
('BGY', 'FRA'),
('BGY', 'FUE'),
('BGY', 'GDN'),
('BGY', 'GOT'),
('BGY', 'GSE'),
('BGY', 'HAM'),
('BGY', 'IBZ'),
('BGY', 'INI'),
('BGY', 'KRK'),
('BGY', 'LDE'),
('BGY', 'LIS'),
('BGY', 'LPA'),
('BGY', 'LPP'),
('BGY', 'LUX'),
('BGY', 'MAD'),
('BGY', 'MAN'),
('BGY', 'MLA'),
('BGY', 'NAP'),
('BGY', 'NOC'),
('BGY', 'NRN'),
('BGY', 'NUE'),
('BGY', 'NYO'),
('BGY', 'OMR'),
('BGY', 'OPO'),
('BGY', 'ORK'),
('BGY', 'OSR'),
('BGY', 'OTP'),
('BGY', 'PDV'),
('BGY', 'PFO'),
('BGY', 'PMI'),
('BGY', 'PMO'),
('BGY', 'POZ'),
('BGY', 'PRG'),
('BGY', 'PSR'),
('BGY', 'RAK'),
('BGY', 'RHO'),
('BGY', 'RIX'),
('BGY', 'RYG'),
('BGY', 'SCQ'),
('BGY', 'SDR'),
('BGY', 'SKG'),
('BGY', 'STN'),
('BGY', 'SUF'),
('BGY', 'SVQ'),
('BGY', 'SXF'),
('BGY', 'TFS'),
('BGY', 'TLL'),
('BGY', 'TLV'),
('BGY', 'TNG'),
('BGY', 'TPS'),
('BGY', 'TRF'),
('BGY', 'TSR'),
('BGY', 'VDA'),
('BGY', 'VGO'),
('BGY', 'VIT'),
('BGY', 'VLC'),
('BGY', 'VNO'),
('BGY', 'WMI'),
('BGY', 'WRO'),
('BGY', 'ZAZ'),
('BHX', 'ACE'),
('BHX', 'AGP'),
('BHX', 'ALC'),
('BHX', 'BCN'),
('BHX', 'BTS'),
('BHX', 'BZG'),
('BHX', 'CFU'),
('BHX', 'CHQ'),
('BHX', 'DUB'),
('BHX', 'FAO'),
('BHX', 'FUE'),
('BHX', 'GDN'),
('BHX', 'GRO'),
('BHX', 'IBZ'),
('BHX', 'KRK'),
('BHX', 'KTW'),
('BHX', 'LPA'),
('BHX', 'MAD'),
('BHX', 'MJV'),
('BHX', 'MLA'),
('BHX', 'OPO'),
('BHX', 'PGF'),
('BHX', 'PMI'),
('BHX', 'REU'),
('BHX', 'SOF'),
('BHX', 'TFS'),
('BHX', 'VNO'),
('BHX', 'VRN'),
('BHX', 'WMI'),
('BIQ', 'CRL'),
('BIQ', 'DUB'),
('BIQ', 'NYO'),
('BIQ', 'STN'),
('BLL', 'AGP'),
('BLL', 'ALC'),
('BLL', 'ATH'),
('BLL', 'BGY'),
('BLL', 'BUD'),
('BLL', 'CHQ'),
('BLL', 'CIA'),
('BLL', 'GRO'),
('BLL', 'MLA'),
('BLL', 'PMI'),
('BLL', 'POZ'),
('BLL', 'PSA'),
('BLL', 'STN'),
('BLL', 'SXF'),
('BLQ', 'ACE'),
('BLQ', 'AGP'),
('BLQ', 'AHO'),
('BLQ', 'ALC'),
('BLQ', 'AMM'),
('BLQ', 'ATH'),
('BLQ', 'BCN'),
('BLQ', 'BDS'),
('BLQ', 'BOD'),
('BLQ', 'BRI'),
('BLQ', 'BRS'),
('BLQ', 'BTS'),
('BLQ', 'BVA'),
('BLQ', 'CAG'),
('BLQ', 'CGN'),
('BLQ', 'CHQ'),
('BLQ', 'CPH'),
('BLQ', 'CRL'),
('BLQ', 'CTA'),
('BLQ', 'DUB'),
('BLQ', 'EDI'),
('BLQ', 'EIN'),
('BLQ', 'IBZ'),
('BLQ', 'JMK'),
('BLQ', 'KRK'),
('BLQ', 'KUN'),
('BLQ', 'LIS'),
('BLQ', 'LPA'),
('BLQ', 'MAD'),
('BLQ', 'MAN'),
('BLQ', 'MLA'),
('BLQ', 'NAP'),
('BLQ', 'NRN'),
('BLQ', 'OPO'),
('BLQ', 'OTP'),
('BLQ', 'PMI'),
('BLQ', 'PMO'),
('BLQ', 'PRG'),
('BLQ', 'RHO'),
('BLQ', 'SKG'),
('BLQ', 'STN'),
('BLQ', 'SUF'),
('BLQ', 'SVQ'),
('BLQ', 'SXF'),
('BLQ', 'TFS'),
('BLQ', 'TPS'),
('BLQ', 'VGO'),
('BLQ', 'VLC'),
('BLQ', 'WMI'),
('BLQ', 'WRO'),
('BOD', 'BGY'),
('BOD', 'BLQ'),
('BOD', 'CIA'),
('BOD', 'CRL'),
('BOD', 'EDI'),
('BOD', 'OPO'),
('BOD', 'ORK'),
('BOD', 'STN'),
('BOD', 'SVQ'),
('BOD', 'VLC'),
('BOG', 'MAD'),
('BOH', 'AGP'),
('BOH', 'ALC'),
('BOH', 'FAO'),
('BOH', 'GRO'),
('BOH', 'KRK'),
('BOH', 'LPA'),
('BOH', 'MJV'),
('BOH', 'MLA'),
('BOH', 'PFO'),
('BOH', 'PMI'),
('BOH', 'TFS'),
('BOJ', 'BGY'),
('BOJ', 'BTS'),
('BOJ', 'FMM'),
('BOJ', 'HHN'),
('BOJ', 'KRK'),
('BOJ', 'KUN'),
('BOJ', 'NRN'),
('BOJ', 'RIX'),
('BOJ', 'RZE'),
('BOJ', 'TLV'),
('BOJ', 'WMI'),
('BOS', 'MAD'),
('BRE', 'AGP'),
('BRE', 'ALC'),
('BRE', 'BGY'),
('BRE', 'CHQ'),
('BRE', 'DUB'),
('BRE', 'EDI'),
('BRE', 'FAO'),
('BRE', 'FEZ'),
('BRE', 'FUE'),
('BRE', 'GRO'),
('BRE', 'LIS'),
('BRE', 'NAP'),
('BRE', 'NYO'),
('BRE', 'OPO'),
('BRE', 'PMI'),
('BRE', 'RIX'),
('BRE', 'SKG'),
('BRE', 'STN'),
('BRE', 'TFS'),
('BRE', 'TLL'),
('BRE', 'TLV'),
('BRE', 'TMP'),
('BRE', 'TSF'),
('BRE', 'VDA'),
('BRE', 'VNO'),
('BRE', 'ZAD'),
('BRI', 'BGY'),
('BRI', 'BLQ'),
('BRI', 'BVA'),
('BRI', 'CAG'),
('BRI', 'CRL'),
('BRI', 'DUB'),
('BRI', 'FCO'),
('BRI', 'FKB'),
('BRI', 'GOA'),
('BRI', 'HHN'),
('BRI', 'LPL'),
('BRI', 'MAD'),
('BRI', 'MLA'),
('BRI', 'MST'),
('BRI', 'NRN'),
('BRI', 'NUE'),
('BRI', 'PSA'),
('BRI', 'STN'),
('BRI', 'SVQ'),
('BRI', 'SXF'),
('BRI', 'TRN'),
('BRI', 'TRS'),
('BRI', 'TSF'),
('BRI', 'TXL'),
('BRI', 'VLC'),
('BRQ', 'STN'),
('BRS', 'ACE'),
('BRS', 'AGP'),
('BRS', 'ALC'),
('BRS', 'BGY'),
('BRS', 'BLQ'),
('BRS', 'BUD'),
('BRS', 'BZR'),
('BRS', 'CDT'),
('BRS', 'CGN'),
('BRS', 'CHQ'),
('BRS', 'DUB'),
('BRS', 'EGC'),
('BRS', 'FAO'),
('BRS', 'GDN'),
('BRS', 'GRO'),
('BRS', 'IBZ'),
('BRS', 'KRK'),
('BRS', 'KUN'),
('BRS', 'LIG'),
('BRS', 'LPA'),
('BRS', 'MAD'),
('BRS', 'MLA'),
('BRS', 'NOC'),
('BRS', 'OTP'),
('BRS', 'PMI'),
('BRS', 'POZ'),
('BRS', 'REU'),
('BRS', 'RZE'),
('BRS', 'SNN'),
('BRS', 'SVQ'),
('BRS', 'TFS'),
('BRS', 'VCE'),
('BRS', 'VLC'),
('BRS', 'WMI'),
('BRS', 'WRO'),
('BRS', 'ZAD'),
('BRU', 'AGP'),
('BRU', 'ALC'),
('BRU', 'AMM'),
('BRU', 'BCN'),
('BRU', 'DUB'),
('BRU', 'FCO'),
('BRU', 'HAM'),
('BRU', 'IBZ'),
('BRU', 'LCA'),
('BRU', 'LIS'),
('BRU', 'MAD'),
('BRU', 'MLA'),
('BRU', 'MXP'),
('BRU', 'OPO'),
('BRU', 'PMI'),
('BRU', 'RAK'),
('BRU', 'SXF'),
('BRU', 'TSF'),
('BRU', 'VLC'),
('BSL', 'DUB'),
('BSL', 'PMI'),
('BSL', 'STN'),
('BTS', 'AGP'),
('BTS', 'AHO'),
('BTS', 'ATH'),
('BTS', 'BGY'),
('BTS', 'BHX'),
('BTS', 'BLQ'),
('BTS', 'BOJ'),
('BTS', 'BVA'),
('BTS', 'CFU'),
('BTS', 'CIA'),
('BTS', 'CRL'),
('BTS', 'DLM'),
('BTS', 'DUB'),
('BTS', 'EDI'),
('BTS', 'EIN'),
('BTS', 'GRO'),
('BTS', 'INI'),
('BTS', 'KBP'),
('BTS', 'LBA'),
('BTS', 'MAD'),
('BTS', 'MAN'),
('BTS', 'MLA'),
('BTS', 'PFO'),
('BTS', 'PMI'),
('BTS', 'SKG'),
('BTS', 'STN'),
('BTS', 'SXF'),
('BTS', 'VDA'),
('BUD', 'AGP'),
('BUD', 'AMM'),
('BUD', 'ATH'),
('BUD', 'BCN'),
('BUD', 'BGY'),
('BUD', 'BLL'),
('BUD', 'BRS'),
('BUD', 'BVA'),
('BUD', 'CFU'),
('BUD', 'CIA'),
('BUD', 'CPH'),
('BUD', 'CRL'),
('BUD', 'DUB'),
('BUD', 'EDI'),
('BUD', 'EMA'),
('BUD', 'LPA'),
('BUD', 'MAD'),
('BUD', 'MAN'),
('BUD', 'MLA'),
('BUD', 'MRS'),
('BUD', 'NAP'),
('BUD', 'NUE'),
('BUD', 'PFO'),
('BUD', 'PMO'),
('BUD', 'PRG'),
('BUD', 'PSA'),
('BUD', 'RAK'),
('BUD', 'SDR'),
('BUD', 'SKG'),
('BUD', 'STN'),
('BUD', 'SXF'),
('BUD', 'TLV'),
('BUD', 'TMP'),
('BUD', 'TSF'),
('BUD', 'VDA'),
('BUD', 'VLC'),
('BVA', 'ALC'),
('BVA', 'BCN'),
('BVA', 'BDS'),
('BVA', 'BGY'),
('BVA', 'BLQ'),
('BVA', 'BRI'),
('BVA', 'BTS'),
('BVA', 'BUD'),
('BVA', 'BZR'),
('BVA', 'CAG'),
('BVA', 'CIA'),
('BVA', 'DUB'),
('BVA', 'FAO'),
('BVA', 'FEZ'),
('BVA', 'FSC'),
('BVA', 'GRO'),
('BVA', 'GSE'),
('BVA', 'KRK'),
('BVA', 'LIS'),
('BVA', 'MAD'),
('BVA', 'MAN'),
('BVA', 'MLA'),
('BVA', 'NDR'),
('BVA', 'NYO'),
('BVA', 'OPO'),
('BVA', 'OUD'),
('BVA', 'PMI'),
('BVA', 'PMO'),
('BVA', 'PRG'),
('BVA', 'PSA'),
('BVA', 'RAK'),
('BVA', 'RBA'),
('BVA', 'SKG'),
('BVA', 'SVQ'),
('BVA', 'TFS'),
('BVA', 'TNG'),
('BVA', 'TSF'),
('BVA', 'VLC'),
('BVA', 'VNO'),
('BVA', 'WMI'),
('BVA', 'WRO'),
('BVA', 'ZAD'),
('BVA', 'ZAZ'),
('BVE', 'STN'),
('BZG', 'BHX'),
('BZG', 'DUB'),
('BZG', 'GLA'),
('BZG', 'LTN'),
('BZG', 'NRN'),
('BZG', 'STN'),
('BZR', 'BRS'),
('BZR', 'BVA'),
('BZR', 'EDI'),
('BZR', 'LTN'),
('BZR', 'MAN'),
('BZR', 'NRN'),
('BZR', 'NYO'),
('BZR', 'RYG'),
('BZR', 'STN'),
('CAG', 'BDS'),
('CAG', 'BGY'),
('CAG', 'BLQ'),
('CAG', 'BRI'),
('CAG', 'BVA'),
('CAG', 'CIA'),
('CAG', 'CRL'),
('CAG', 'CTA'),
('CAG', 'CUF'),
('CAG', 'FKB'),
('CAG', 'GRO'),
('CAG', 'HHN'),
('CAG', 'KRK'),
('CAG', 'MAD'),
('CAG', 'MAN'),
('CAG', 'NRN'),
('CAG', 'OPO'),
('CAG', 'PMF'),
('CAG', 'PSA'),
('CAG', 'STN'),
('CAG', 'SVQ'),
('CAG', 'TPS'),
('CAG', 'TSF'),
('CAG', 'VLC'),
('CAG', 'VRN'),
('CAG', 'WMI'),
('CCF', 'CRL'),
('CCF', 'DUB'),
('CCF', 'EDI'),
('CCF', 'EMA'),
('CCF', 'GLA'),
('CCF', 'MAN'),
('CCF', 'OPO'),
('CCF', 'ORK'),
('CCF', 'STN'),
('CCS', 'MAD'),
('CDT', 'BRS'),
('CDT', 'POZ'),
('CDT', 'SOF'),
('CDT', 'STN'),
('CFE', 'OPO'),
('CFE', 'STN'),
('CFU', 'BGY'),
('CFU', 'BHX'),
('CFU', 'BTS'),
('CFU', 'BUD'),
('CFU', 'CGN'),
('CFU', 'CIA'),
('CFU', 'CRL'),
('CFU', 'DUS'),
('CFU', 'EDI'),
('CFU', 'EIN'),
('CFU', 'EMA'),
('CFU', 'FCO'),
('CFU', 'FRA'),
('CFU', 'HHN'),
('CFU', 'KTW'),
('CFU', 'LBA'),
('CFU', 'MAN'),
('CFU', 'NRN'),
('CFU', 'PIK'),
('CFU', 'POZ'),
('CFU', 'PSA'),
('CFU', 'RZE'),
('CFU', 'STN'),
('CFU', 'TSF'),
('CFU', 'TXL'),
('CFU', 'VNO'),
('CFU', 'WMI'),
('CFU', 'ZRH'),
('CGN', 'AGP'),
('CGN', 'ALC'),
('CGN', 'AQJ'),
('CGN', 'BCN'),
('CGN', 'BGY'),
('CGN', 'BLQ'),
('CGN', 'BRS'),
('CGN', 'CFU'),
('CGN', 'CIA'),
('CGN', 'CPH'),
('CGN', 'DUB'),
('CGN', 'FAO'),
('CGN', 'LPA'),
('CGN', 'MAD'),
('CGN', 'MAN'),
('CGN', 'MLA'),
('CGN', 'OPO'),
('CGN', 'PMI'),
('CGN', 'PMO'),
('CGN', 'RAK'),
('CGN', 'RIX'),
('CGN', 'SOF'),
('CGN', 'STN'),
('CGN', 'SVQ'),
('CGN', 'SXF'),
('CGN', 'TFS'),
('CGN', 'TSF'),
('CGN', 'VIT'),
('CGN', 'VLC'),
('CGN', 'VNO'),
('CGN', 'WMI'),
('CHQ', 'ATH'),
('CHQ', 'BGY'),
('CHQ', 'BHX'),
('CHQ', 'BLL'),
('CHQ', 'BLQ'),
('CHQ', 'BRE'),
('CHQ', 'BRS'),
('CHQ', 'CRL'),
('CHQ', 'DUB'),
('CHQ', 'EIN'),
('CHQ', 'EMA'),
('CHQ', 'FCO'),
('CHQ', 'FMM'),
('CHQ', 'FRA'),
('CHQ', 'GLA'),
('CHQ', 'HHN'),
('CHQ', 'KRK'),
('CHQ', 'KTW'),
('CHQ', 'LBA'),
('CHQ', 'MAN'),
('CHQ', 'MRS'),
('CHQ', 'NRN'),
('CHQ', 'NYO'),
('CHQ', 'PFO'),
('CHQ', 'PSA'),
('CHQ', 'RYG'),
('CHQ', 'SKG'),
('CHQ', 'STN'),
('CHQ', 'TSF'),
('CHQ', 'VIE'),
('CHQ', 'VNO'),
('CHQ', 'WMI'),
('CHQ', 'WRO'),
('CIA', 'AQJ'),
('CIA', 'ATH'),
('CIA', 'BLL'),
('CIA', 'BOD'),
('CIA', 'BTS'),
('CIA', 'BUD'),
('CIA', 'BVA'),
('CIA', 'CAG'),
('CIA', 'CFU'),
('CIA', 'CGN'),
('CIA', 'CIY'),
('CIA', 'CPH'),
('CIA', 'CRL'),
('CIA', 'DUB'),
('CIA', 'EDI'),
('CIA', 'EIN'),
('CIA', 'EMA'),
('CIA', 'FKB'),
('CIA', 'GOT'),
('CIA', 'GSE'),
('CIA', 'HHN'),
('CIA', 'KRK'),
('CIA', 'LDE'),
('CIA', 'LIS'),
('CIA', 'MAD'),
('CIA', 'MAN'),
('CIA', 'MLA'),
('CIA', 'MRS'),
('CIA', 'NRN'),
('CIA', 'NUE'),
('CIA', 'NYO'),
('CIA', 'OPO'),
('CIA', 'OTP'),
('CIA', 'PFO'),
('CIA', 'PIK'),
('CIA', 'PMI'),
('CIA', 'PRG'),
('CIA', 'RAK'),
('CIA', 'RBA'),
('CIA', 'SDR'),
('CIA', 'SKG'),
('CIA', 'SOF'),
('CIA', 'STN'),
('CIA', 'SVQ'),
('CIA', 'SXF'),
('CIA', 'TRS'),
('CIA', 'VLC'),
('CIA', 'VNO'),
('CIA', 'WMI'),
('CIA', 'WRO'),
('CIY', 'BGY'),
('CIY', 'CIA'),
('CIY', 'CRL'),
('CIY', 'DUB'),
('CIY', 'FCO'),
('CIY', 'HHN'),
('CIY', 'MXP'),
('CIY', 'NRN'),
('CIY', 'PSA'),
('CIY', 'STN'),
('CIY', 'TRN'),
('CPH', 'AGP'),
('CPH', 'ALC'),
('CPH', 'BGY'),
('CPH', 'BLQ'),
('CPH', 'BUD'),
('CPH', 'CGN'),
('CPH', 'CIA'),
('CPH', 'CRL'),
('CPH', 'DUB'),
('CPH', 'EDI'),
('CPH', 'KUN'),
('CPH', 'LPL'),
('CPH', 'LTN'),
('CPH', 'MAD'),
('CPH', 'NAP'),
('CPH', 'OPO'),
('CPH', 'PSR'),
('CPH', 'SKG'),
('CPH', 'STN'),
('CPH', 'SVQ'),
('CPH', 'TFS'),
('CPH', 'VLC'),
('CPH', 'ZAD'),
('CRA', 'VLC'),
('CRL', 'ACE'),
('CRL', 'AGA'),
('CRL', 'AGP'),
('CRL', 'AHO'),
('CRL', 'ALC'),
('CRL', 'AOI'),
('CRL', 'ATH'),
('CRL', 'BCN'),
('CRL', 'BDS'),
('CRL', 'BGY'),
('CRL', 'BIQ'),
('CRL', 'BLQ'),
('CRL', 'BNX'),
('CRL', 'BOD'),
('CRL', 'BRI'),
('CRL', 'BTS'),
('CRL', 'BUD'),
('CRL', 'CAG'),
('CRL', 'CCF'),
('CRL', 'CFU'),
('CRL', 'CHQ'),
('CRL', 'CIA'),
('CRL', 'CIY'),
('CRL', 'CPH'),
('CRL', 'DUB'),
('CRL', 'EDI'),
('CRL', 'EGC'),
('CRL', 'FAO'),
('CRL', 'FEZ'),
('CRL', 'FNI'),
('CRL', 'FSC'),
('CRL', 'FUE'),
('CRL', 'GLA'),
('CRL', 'GRO'),
('CRL', 'IBZ'),
('CRL', 'KRK'),
('CRL', 'LEI'),
('CRL', 'LIS'),
('CRL', 'LPA'),
('CRL', 'LRH'),
('CRL', 'MAD'),
('CRL', 'MAN'),
('CRL', 'MLA'),
('CRL', 'MPL'),
('CRL', 'MRS'),
('CRL', 'NAP'),
('CRL', 'NDR'),
('CRL', 'NYO'),
('CRL', 'OPO'),
('CRL', 'OTP'),
('CRL', 'OUD'),
('CRL', 'PDV'),
('CRL', 'PEG'),
('CRL', 'PGF'),
('CRL', 'PMI'),
('CRL', 'PMO'),
('CRL', 'PRG'),
('CRL', 'PSA'),
('CRL', 'PSR'),
('CRL', 'PUY'),
('CRL', 'RAK'),
('CRL', 'RBA'),
('CRL', 'RDZ'),
('CRL', 'REU'),
('CRL', 'RHO'),
('CRL', 'RIX'),
('CRL', 'RJK'),
('CRL', 'RYG'),
('CRL', 'SDR'),
('CRL', 'SKG'),
('CRL', 'SOF'),
('CRL', 'SUF'),
('CRL', 'SVQ'),
('CRL', 'TFS'),
('CRL', 'TGD'),
('CRL', 'TLS'),
('CRL', 'TLV'),
('CRL', 'TNG'),
('CRL', 'TPS'),
('CRL', 'TRN'),
('CRL', 'TSF'),
('CRL', 'TSR'),
('CRL', 'VAR'),
('CRL', 'VCE'),
('CRL', 'VDA'),
('CRL', 'VLC'),
('CRL', 'VNO'),
('CRL', 'VRN'),
('CRL', 'WMI'),
('CRL', 'WRO'),
('CRL', 'ZAD'),
('CRL', 'ZAZ'),
('CTA', 'ATH'),
('CTA', 'BGY'),
('CTA', 'BLQ'),
('CTA', 'CAG'),
('CTA', 'EIN'),
('CTA', 'FCO'),
('CTA', 'FRA'),
('CTA', 'MAD'),
('CTA', 'MLA'),
('CTA', 'MRS'),
('CTA', 'MXP'),
('CTA', 'PEG'),
('CTA', 'PSA'),
('CTA', 'RAK'),
('CTA', 'SVQ'),
('CTA', 'SXF'),
('CTA', 'TRN'),
('CTA', 'TRS'),
('CTA', 'TSF'),
('CTA', 'VCE'),
('CUF', 'CAG'),
('CUF', 'TPS'),
('CUN', 'MAD'),
('CWL', 'DUB'),
('CWL', 'FAO'),
('CWL', 'MAD'),
('CWL', 'TFS'),
('DLE', 'FEZ'),
('DLE', 'OPO'),
('DLE', 'RAK'),
('DNR', 'EMA'),
('DNR', 'STN'),
('DOL', 'STN'),
('DTM', 'AGP'),
('DTM', 'AHO'),
('DTM', 'KRK'),
('DTM', 'LPL'),
('DTM', 'OPO'),
('DTM', 'PMI'),
('DTM', 'SKG'),
('DTM', 'STN'),
('DUB', 'ACE'),
('DUB', 'AGP'),
('DUB', 'ALC'),
('DUB', 'AMS'),
('DUB', 'ATH'),
('DUB', 'BCN'),
('DUB', 'BGY'),
('DUB', 'BHX'),
('DUB', 'BIQ'),
('DUB', 'BLQ'),
('DUB', 'BRE'),
('DUB', 'BRI'),
('DUB', 'BRS'),
('DUB', 'BRU'),
('DUB', 'BSL'),
('DUB', 'BTS'),
('DUB', 'BUD'),
('DUB', 'BVA'),
('DUB', 'BZG'),
('DUB', 'CCF'),
('DUB', 'CGN'),
('DUB', 'CHQ'),
('DUB', 'CIA'),
('DUB', 'CIY'),
('DUB', 'CPH'),
('DUB', 'CRL'),
('DUB', 'CWL'),
('DUB', 'DLM'),
('DUB', 'EDI'),
('DUB', 'EIN'),
('DUB', 'EMA'),
('DUB', 'FAO'),
('DUB', 'FMM'),
('DUB', 'FRA'),
('DUB', 'FUE'),
('DUB', 'GDN'),
('DUB', 'GLA'),
('DUB', 'GNB'),
('DUB', 'GRO'),
('DUB', 'HAM'),
('DUB', 'HHN'),
('DUB', 'IBZ'),
('DUB', 'KRK'),
('DUB', 'KTW'),
('DUB', 'KUN'),
('DUB', 'LBA'),
('DUB', 'LCJ'),
('DUB', 'LEI'),
('DUB', 'LGW'),
('DUB', 'LIS'),
('DUB', 'LPA'),
('DUB', 'LPL'),
('DUB', 'LRH'),
('DUB', 'LTN'),
('DUB', 'LUX'),
('DUB', 'LUZ'),
('DUB', 'LYS'),
('DUB', 'MAD'),
('DUB', 'MAN'),
('DUB', 'MJV'),
('DUB', 'MLA'),
('DUB', 'MUC'),
('DUB', 'NAP'),
('DUB', 'NCE'),
('DUB', 'NCL'),
('DUB', 'NTE'),
('DUB', 'OPO'),
('DUB', 'OTP'),
('DUB', 'PFO'),
('DUB', 'PIS'),
('DUB', 'PMI'),
('DUB', 'PMO'),
('DUB', 'POZ'),
('DUB', 'PRG'),
('DUB', 'PSA'),
('DUB', 'RAK'),
('DUB', 'RDZ'),
('DUB', 'REU'),
('DUB', 'RIX'),
('DUB', 'RYG'),
('DUB', 'RZE'),
('DUB', 'SDR'),
('DUB', 'SOF'),
('DUB', 'STN'),
('DUB', 'STR'),
('DUB', 'SVQ'),
('DUB', 'SXF'),
('DUB', 'SZG'),
('DUB', 'SZZ'),
('DUB', 'TFS'),
('DUB', 'TLL'),
('DUB', 'TRN'),
('DUB', 'TSF'),
('DUB', 'TUF'),
('DUB', 'VCE'),
('DUB', 'VGO'),
('DUB', 'VLC'),
('DUB', 'VNO'),
('DUB', 'WMI'),
('DUB', 'WRO'),
('DUB', 'ZAD'),
('EBU', 'FEZ'),
('EBU', 'OPO'),
('EDI', 'ACE'),
('EDI', 'AGP'),
('EDI', 'ALC'),
('EDI', 'BCN'),
('EDI', 'BGY'),
('EDI', 'BLQ'),
('EDI', 'BOD'),
('EDI', 'BRE'),
('EDI', 'BTS'),
('EDI', 'BUD'),
('EDI', 'BZR'),
('EDI', 'CCF'),
('EDI', 'CFU'),
('EDI', 'CIA'),
('EDI', 'CPH'),
('EDI', 'CRL'),
('EDI', 'DUB'),
('EDI', 'EIN'),
('EDI', 'FAO'),
('EDI', 'FCO'),
('EDI', 'FKB'),
('EDI', 'FMM'),
('EDI', 'FUE'),
('EDI', 'GDN'),
('EDI', 'GOT'),
('EDI', 'GRO'),
('EDI', 'GSE'),
('EDI', 'HAM'),
('EDI', 'HHN'),
('EDI', 'IBZ'),
('EDI', 'KRK'),
('EDI', 'KTW'),
('EDI', 'KUN'),
('EDI', 'LDY'),
('EDI', 'LIS'),
('EDI', 'LPA'),
('EDI', 'MLA'),
('EDI', 'MRS'),
('EDI', 'NRN'),
('EDI', 'NTE'),
('EDI', 'NYO'),
('EDI', 'OPO'),
('EDI', 'PIS'),
('EDI', 'PMI'),
('EDI', 'POZ'),
('EDI', 'PRG'),
('EDI', 'PSA'),
('EDI', 'RIX'),
('EDI', 'RYG'),
('EDI', 'SDR'),
('EDI', 'SOF'),
('EDI', 'STN'),
('EDI', 'SVQ'),
('EDI', 'SXF'),
('EDI', 'SZZ'),
('EDI', 'TFS'),
('EDI', 'TLL'),
('EDI', 'TLS'),
('EDI', 'TSF'),
('EDI', 'VGO'),
('EDI', 'VLC'),
('EDI', 'WMI'),
('EDI', 'WRO'),
('EFL', 'BGY'),
('EFL', 'FRA'),
('EFL', 'PSA'),
('EFL', 'STN'),
('EGC', 'BRS'),
('EGC', 'CRL'),
('EGC', 'EMA'),
('EGC', 'LPL'),
('EGC', 'STN'),
('EIN', 'AAR'),
('EIN', 'ACE'),
('EIN', 'AGA'),
('EIN', 'AGP'),
('EIN', 'AHO'),
('EIN', 'ALC'),
('EIN', 'ATH'),
('EIN', 'BDS'),
('EIN', 'BGY'),
('EIN', 'BLQ'),
('EIN', 'BTS'),
('EIN', 'CFU'),
('EIN', 'CHQ'),
('EIN', 'CIA'),
('EIN', 'CTA'),
('EIN', 'DUB'),
('EIN', 'EDI'),
('EIN', 'FAO'),
('EIN', 'FEZ'),
('EIN', 'GRO'),
('EIN', 'IBZ'),
('EIN', 'KRK'),
('EIN', 'LIS'),
('EIN', 'LPA'),
('EIN', 'MAD'),
('EIN', 'MAN'),
('EIN', 'MJV'),
('EIN', 'MLA'),
('EIN', 'MRS'),
('EIN', 'MXP'),
('EIN', 'NAP'),
('EIN', 'NYO'),
('EIN', 'OMR'),
('EIN', 'OPO'),
('EIN', 'PMI'),
('EIN', 'PRG'),
('EIN', 'PSA'),
('EIN', 'RAK'),
('EIN', 'RBA'),
('EIN', 'REU'),
('EIN', 'RIX'),
('EIN', 'SKG'),
('EIN', 'SOF'),
('EIN', 'STN'),
('EIN', 'SVQ'),
('EIN', 'TFS'),
('EIN', 'TNG'),
('EIN', 'TPS'),
('EIN', 'TSF'),
('EIN', 'VCE'),
('EIN', 'VLC'),
('EIN', 'WMI'),
('EMA', 'ACE'),
('EMA', 'AGP'),
('EMA', 'ALC'),
('EMA', 'BCN'),
('EMA', 'BGY'),
('EMA', 'BUD'),
('EMA', 'CCF'),
('EMA', 'CFU'),
('EMA', 'CHQ'),
('EMA', 'CIA'),
('EMA', 'DNR'),
('EMA', 'DUB'),
('EMA', 'EGC'),
('EMA', 'FAO'),
('EMA', 'FUE'),
('EMA', 'GRO'),
('EMA', 'IBZ'),
('EMA', 'KRK'),
('EMA', 'LCJ'),
('EMA', 'LIG'),
('EMA', 'LPA'),
('EMA', 'MAH'),
('EMA', 'MJV'),
('EMA', 'MLA'),
('EMA', 'NAP'),
('EMA', 'NOC'),
('EMA', 'PMI'),
('EMA', 'PSA'),
('EMA', 'REU'),
('EMA', 'RHO'),
('EMA', 'RIX'),
('EMA', 'RZE'),
('EMA', 'SVQ'),
('EMA', 'SXF'),
('EMA', 'TFS'),
('EMA', 'TSF'),
('EMA', 'VCE'),
('EMA', 'VLC'),
('EMA', 'WMI'),
('EMA', 'WRO'),
('EZE', 'MAD'),
('FAO', 'ABZ'),
('FAO', 'BFS'),
('FAO', 'BGY'),
('FAO', 'BHX'),
('FAO', 'BOH'),
('FAO', 'BRE'),
('FAO', 'BRS'),
('FAO', 'BVA'),
('FAO', 'CGN'),
('FAO', 'CRL'),
('FAO', 'CWL'),
('FAO', 'DUB'),
('FAO', 'DUS'),
('FAO', 'EDI'),
('FAO', 'EIN'),
('FAO', 'EMA'),
('FAO', 'FMM'),
('FAO', 'FRA'),
('FAO', 'HAM'),
('FAO', 'HHN'),
('FAO', 'KIR'),
('FAO', 'LBA'),
('FAO', 'LPL'),
('FAO', 'LTN'),
('FAO', 'MAN'),
('FAO', 'MRS'),
('FAO', 'NCL'),
('FAO', 'NOC'),
('FAO', 'NQY'),
('FAO', 'NRN'),
('FAO', 'NYO'),
('FAO', 'OPO'),
('FAO', 'ORK'),
('FAO', 'PIK'),
('FAO', 'RYG'),
('FAO', 'SNN'),
('FAO', 'STN'),
('FAO', 'SXF'),
('FAO', 'TXL'),
('FAO', 'WMI'),
('FAO', 'WRO'),
('FCO', 'ACE'),
('FCO', 'AGP'),
('FCO', 'ALC'),
('FCO', 'BCN'),
('FCO', 'BDS'),
('FCO', 'BRI'),
('FCO', 'BRU'),
('FCO', 'CFU'),
('FCO', 'CHQ'),
('FCO', 'CIY'),
('FCO', 'CTA'),
('FCO', 'EDI'),
('FCO', 'IBZ'),
('FCO', 'MAN'),
('FCO', 'MLA'),
('FCO', 'MRS'),
('FCO', 'PMO'),
('FCO', 'SNN'),
('FCO', 'STN'),
('FCO', 'SVQ'),
('FCO', 'TLV'),
('FCO', 'TPS'),
('FEZ', 'BCN'),
('FEZ', 'BGY'),
('FEZ', 'BRE'),
('FEZ', 'BVA'),
('FEZ', 'CRL'),
('FEZ', 'DLE'),
('FEZ', 'EBU'),
('FEZ', 'EIN'),
('FEZ', 'FMM'),
('FEZ', 'FNI'),
('FEZ', 'HHN'),
('FEZ', 'MAD'),
('FEZ', 'MRS'),
('FEZ', 'NRN'),
('FEZ', 'NTE'),
('FEZ', 'PSA'),
('FEZ', 'STN'),
('FEZ', 'SVQ'),
('FEZ', 'TLS'),
('FEZ', 'VLC'),
('FKB', 'AGP'),
('FKB', 'ALC'),
('FKB', 'ATH'),
('FKB', 'BDS'),
('FKB', 'BRI'),
('FKB', 'CAG'),
('FKB', 'CIA'),
('FKB', 'EDI'),
('FKB', 'GRO'),
('FKB', 'LIS'),
('FKB', 'MLA'),
('FKB', 'OPO'),
('FKB', 'PMI'),
('FKB', 'RAK'),
('FKB', 'SKG'),
('FKB', 'SOF'),
('FKB', 'STN'),
('FKB', 'SUF'),
('FKB', 'SVQ'),
('FKB', 'TFS'),
('FKB', 'TLV'),
('FKB', 'TPS'),
('FKB', 'VDA'),
('FKB', 'WMI'),
('FKB', 'ZAD'),
('FMM', 'AGP'),
('FMM', 'AHO'),
('FMM', 'ALC'),
('FMM', 'ATH'),
('FMM', 'BDS'),
('FMM', 'BNX'),
('FMM', 'BOJ'),
('FMM', 'CHQ'),
('FMM', 'DUB'),
('FMM', 'EDI'),
('FMM', 'FAO'),
('FMM', 'FEZ'),
('FMM', 'GRO'),
('FMM', 'LWO'),
('FMM', 'NYO'),
('FMM', 'OMR'),
('FMM', 'OPO'),
('FMM', 'PMI'),
('FMM', 'PMO'),
('FMM', 'RAK'),
('FMM', 'SKG'),
('FMM', 'SOF'),
('FMM', 'STN'),
('FMM', 'SVQ'),
('FMM', 'TFS'),
('FMM', 'WMI'),
('FMM', 'ZAD'),
('FNI', 'CRL'),
('FNI', 'FEZ'),
('FNI', 'LPL'),
('FNI', 'LTN'),
('FNI', 'RAK'),
('FNI', 'STN'),
('FRA', 'ACE'),
('FRA', 'AGA'),
('FRA', 'AGP'),
('FRA', 'ALC'),
('FRA', 'ATH'),
('FRA', 'BCN'),
('FRA', 'BDS'),
('FRA', 'BGY'),
('FRA', 'CFU'),
('FRA', 'CHQ'),
('FRA', 'CTA'),
('FRA', 'DUB'),
('FRA', 'EFL'),
('FRA', 'FAO'),
('FRA', 'GLA'),
('FRA', 'GRO'),
('FRA', 'JMK'),
('FRA', 'JTR'),
('FRA', 'KRK'),
('FRA', 'LIS'),
('FRA', 'LPA'),
('FRA', 'MAD'),
('FRA', 'MAN'),
('FRA', 'MJV'),
('FRA', 'MRS'),
('FRA', 'OPO'),
('FRA', 'PEG'),
('FRA', 'PGF'),
('FRA', 'PMI'),
('FRA', 'PSA'),
('FRA', 'PUY'),
('FRA', 'RJK'),
('FRA', 'STN'),
('FRA', 'SVQ'),
('FRA', 'TFS'),
('FRA', 'TLS'),
('FRA', 'TSF'),
('FRA', 'VCE'),
('FRA', 'VLC'),
('FRA', 'ZAD'),
('FSC', 'BVA'),
('FSC', 'CRL'),
('FUE', 'BCN'),
('FUE', 'BGY'),
('FUE', 'BHX'),
('FUE', 'BRE'),
('FUE', 'CRL'),
('FUE', 'DUB'),
('FUE', 'DUS'),
('FUE', 'EDI'),
('FUE', 'EMA'),
('FUE', 'LBA'),
('FUE', 'LPL'),
('FUE', 'LTN'),
('FUE', 'MAD'),
('FUE', 'MAN'),
('FUE', 'NRN'),
('FUE', 'PIK'),
('FUE', 'PSA'),
('FUE', 'SNN'),
('FUE', 'STN'),
('FUE', 'SVQ'),
('FUE', 'SXF'),
('FUE', 'TXL'),
('FUE', 'WMI'),
('FUE', 'ZRH'),
('GDN', 'AAR'),
('GDN', 'ALC'),
('GDN', 'ATH'),
('GDN', 'BFS'),
('GDN', 'BGY'),
('GDN', 'BHX'),
('GDN', 'BRS'),
('GDN', 'DUB'),
('GDN', 'EDI'),
('GDN', 'KBP'),
('GDN', 'KRK'),
('GDN', 'LBA'),
('GDN', 'MAN'),
('GDN', 'MLA'),
('GDN', 'NAP'),
('GDN', 'NCL'),
('GDN', 'NYO'),
('GDN', 'ORK'),
('GDN', 'PSA'),
('GDN', 'RYG'),
('GDN', 'STN'),
('GDN', 'TLV'),
('GDN', 'TRF'),
('GDN', 'VDA'),
('GDN', 'VXO'),
('GDN', 'WAW'),
('GDN', 'WRO'),
('GLA', 'ACE'),
('GLA', 'AGP'),
('GLA', 'ALC'),
('GLA', 'BZG'),
('GLA', 'CCF'),
('GLA', 'CHQ'),
('GLA', 'CRL'),
('GLA', 'DUB'),
('GLA', 'FRA'),
('GLA', 'KRK'),
('GLA', 'LDY'),
('GLA', 'LIS'),
('GLA', 'LPA'),
('GLA', 'MAD'),
('GLA', 'PLQ'),
('GLA', 'RIX'),
('GLA', 'SOF'),
('GLA', 'STN'),
('GLA', 'SXF'),
('GLA', 'VLC'),
('GLA', 'WMI'),
('GLA', 'WRO'),
('GLA', 'ZAD'),
('GNB', 'DUB'),
('GNB', 'STN'),
('GOA', 'BRI'),
('GOA', 'STN'),
('GOA', 'TPS'),
('GOT', 'AGP'),
('GOT', 'ALC'),
('GOT', 'BGY'),
('GOT', 'CIA'),
('GOT', 'EDI'),
('GOT', 'KRK'),
('GOT', 'MLA'),
('GOT', 'PMI'),
('GOT', 'PSA'),
('GOT', 'SKG'),
('GOT', 'STN'),
('GOT', 'WMI'),
('GOT', 'ZAD'),
('GRO', 'BFS'),
('GRO', 'BHX'),
('GRO', 'BLL'),
('GRO', 'BOH'),
('GRO', 'BRE'),
('GRO', 'BRS'),
('GRO', 'BTS'),
('GRO', 'BVA'),
('GRO', 'CAG'),
('GRO', 'CRL'),
('GRO', 'DUB'),
('GRO', 'EDI'),
('GRO', 'EIN'),
('GRO', 'EMA'),
('GRO', 'FKB'),
('GRO', 'FMM'),
('GRO', 'FRA'),
('GRO', 'HHN'),
('GRO', 'KRK'),
('GRO', 'KUN'),
('GRO', 'LBA'),
('GRO', 'LPL'),
('GRO', 'LTN'),
('GRO', 'MAN'),
('GRO', 'MLA'),
('GRO', 'MST'),
('GRO', 'NCL'),
('GRO', 'NOC'),
('GRO', 'NRN'),
('GRO', 'NYO'),
('GRO', 'OMR'),
('GRO', 'ORK'),
('GRO', 'PIK'),
('GRO', 'POZ'),
('GRO', 'PSA'),
('GRO', 'PSR'),
('GRO', 'RBA'),
('GRO', 'RIX'),
('GRO', 'SKG'),
('GRO', 'STN'),
('GRO', 'TLL'),
('GRO', 'TPS'),
('GRO', 'TXL'),
('GRO', 'WRO'),
('GRU', 'MAD'),
('GYE', 'MAD'),
('HAM', 'AGP'),
('HAM', 'ALC'),
('HAM', 'BCN'),
('HAM', 'BGY'),
('HAM', 'BRU'),
('HAM', 'DUB'),
('HAM', 'EDI'),
('HAM', 'FAO'),
('HAM', 'KTW'),
('HAM', 'LIS'),
('HAM', 'LPA'),
('HAM', 'MAD'),
('HAM', 'MAN'),
('HAM', 'OPO'),
('HAM', 'PMI'),
('HAM', 'RAK'),
('HAM', 'SKG'),
('HAM', 'SOF'),
('HAM', 'STN'),
('HAM', 'SUF'),
('HAM', 'SVQ'),
('HAM', 'TRF'),
('HAM', 'TSF'),
('HAM', 'VCE'),
('HAM', 'VLC'),
('HAM', 'VRN'),
('HAU', 'AGP'),
('HAU', 'ALC'),
('HAV', 'MAD'),
('HHN', 'ACE'),
('HHN', 'AGP'),
('HHN', 'AHO'),
('HHN', 'ALC'),
('HHN', 'BOJ'),
('HHN', 'BRI'),
('HHN', 'CAG'),
('HHN', 'CFU'),
('HHN', 'CHQ'),
('HHN', 'CIA'),
('HHN', 'CIY'),
('HHN', 'DUB'),
('HHN', 'EDI'),
('HHN', 'FAO'),
('HHN', 'FEZ'),
('HHN', 'GRO'),
('HHN', 'IBZ'),
('HHN', 'KIR'),
('HHN', 'LIS'),
('HHN', 'LPA'),
('HHN', 'MPL'),
('HHN', 'NAP'),
('HHN', 'NDR'),
('HHN', 'NQY'),
('HHN', 'OPO'),
('HHN', 'PDL'),
('HHN', 'PDV'),
('HHN', 'PMI'),
('HHN', 'PSA'),
('HHN', 'PSR'),
('HHN', 'PUY'),
('HHN', 'RAK'),
('HHN', 'REU'),
('HHN', 'RIX'),
('HHN', 'SCQ'),
('HHN', 'SKG'),
('HHN', 'STN'),
('HHN', 'SUF'),
('HHN', 'TFS'),
('HHN', 'TLV'),
('HHN', 'TNG'),
('HHN', 'TPS'),
('HHN', 'TSF'),
('HHN', 'TSR'),
('HHN', 'VCE'),
('HHN', 'VDA'),
('HHN', 'VLC'),
('HHN', 'VNO'),
('HHN', 'XRY'),
('HHN', 'ZAD'),
('IBZ', 'AGP'),
('IBZ', 'BCN'),
('IBZ', 'BGY'),
('IBZ', 'BHX'),
('IBZ', 'BLQ'),
('IBZ', 'BRS'),
('IBZ', 'BRU'),
('IBZ', 'CRL'),
('IBZ', 'DUB'),
('IBZ', 'DUS'),
('IBZ', 'EDI'),
('IBZ', 'EIN'),
('IBZ', 'EMA'),
('IBZ', 'FCO'),
('IBZ', 'HHN'),
('IBZ', 'LBA'),
('IBZ', 'LPL'),
('IBZ', 'MAD'),
('IBZ', 'MAN'),
('IBZ', 'MRS'),
('IBZ', 'NRN'),
('IBZ', 'PIK'),
('IBZ', 'PSA'),
('IBZ', 'RYG'),
('IBZ', 'STN'),
('IBZ', 'SVQ'),
('IBZ', 'TRN'),
('IBZ', 'TSF'),
('IBZ', 'TXL'),
('IBZ', 'VCE'),
('IBZ', 'VIE'),
('IBZ', 'VLC'),
('IBZ', 'ZRH'),
('INI', 'BGY'),
('INI', 'BTS'),
('INI', 'NRN'),
('INI', 'NYO'),
('INI', 'SXF'),
('JFK', 'MAD'),
('JMK', 'ATH'),
('JMK', 'BLQ'),
('JMK', 'FRA'),
('JTR', 'ATH'),
('JTR', 'FRA'),
('JTR', 'VIE'),
('KIR', 'ALC'),
('KIR', 'FAO'),
('KIR', 'HHN'),
('KIR', 'LTN'),
('KIR', 'STN'),
('KIR', 'SXF'),
('KRK', 'AGP'),
('KRK', 'ALC'),
('KRK', 'AMM'),
('KRK', 'ATH'),
('KRK', 'BCN'),
('KRK', 'BFS'),
('KRK', 'BGY'),
('KRK', 'BHX'),
('KRK', 'BLQ'),
('KRK', 'BOH'),
('KRK', 'BOJ'),
('KRK', 'BRS'),
('KRK', 'BVA'),
('KRK', 'CAG'),
('KRK', 'CHQ'),
('KRK', 'CIA'),
('KRK', 'CRL'),
('KRK', 'DTM'),
('KRK', 'DUB'),
('KRK', 'EDI'),
('KRK', 'EIN'),
('KRK', 'EMA'),
('KRK', 'FRA'),
('KRK', 'GDN'),
('KRK', 'GLA'),
('KRK', 'GOT'),
('KRK', 'GRO'),
('KRK', 'KBP'),
('KRK', 'LBA'),
('KRK', 'LDE'),
('KRK', 'LIS'),
('KRK', 'LPA'),
('KRK', 'LPL'),
('KRK', 'LWO'),
('KRK', 'MAD'),
('KRK', 'MAN'),
('KRK', 'MLA'),
('KRK', 'MMX'),
('KRK', 'MRS'),
('KRK', 'NAP'),
('KRK', 'NUE'),
('KRK', 'NYO'),
('KRK', 'OPO'),
('KRK', 'PFO'),
('KRK', 'PMI'),
('KRK', 'PRG'),
('KRK', 'PSA'),
('KRK', 'PSR'),
('KRK', 'RAK'),
('KRK', 'RYG'),
('KRK', 'SNN'),
('KRK', 'STN'),
('KRK', 'SUF'),
('KRK', 'SVQ'),
('KRK', 'SXF'),
('KRK', 'TFS'),
('KRK', 'TLV'),
('KRK', 'TPS'),
('KRK', 'TRF'),
('KRK', 'TSF'),
('KRK', 'VCE'),
('KRK', 'VDA'),
('KRK', 'VLC'),
('KTW', 'ATH'),
('KTW', 'BHX'),
('KTW', 'CFU'),
('KTW', 'CHQ'),
('KTW', 'DUB'),
('KTW', 'EDI'),
('KTW', 'HAM'),
('KTW', 'MXP'),
('KTW', 'STN'),
('KUN', 'ALC'),
('KUN', 'BLQ'),
('KUN', 'BOJ'),
('KUN', 'BRS'),
('KUN', 'CPH'),
('KUN', 'DUB'),
('KUN', 'EDI'),
('KUN', 'GRO'),
('KUN', 'LTN'),
('KUN', 'MXP'),
('KUN', 'NAP'),
('KUN', 'PFO'),
('KUN', 'PMI'),
('KUN', 'RHO'),
('KUN', 'RMI'),
('KUN', 'RYG'),
('KUN', 'SNN'),
('KUN', 'STN'),
('KUN', 'TLV'),
('KUN', 'TPS'),
('KUN', 'VDA'),
('LBA', 'ACE'),
('LBA', 'AGP'),
('LBA', 'ALC'),
('LBA', 'BTS'),
('LBA', 'CFU'),
('LBA', 'CHQ'),
('LBA', 'DUB'),
('LBA', 'FAO'),
('LBA', 'FUE'),
('LBA', 'GDN'),
('LBA', 'GRO'),
('LBA', 'IBZ'),
('LBA', 'KRK'),
('LBA', 'LIG'),
('LBA', 'LPA'),
('LBA', 'MJV'),
('LBA', 'MLA'),
('LBA', 'MPL'),
('LBA', 'PMI'),
('LBA', 'PSA'),
('LBA', 'RIX'),
('LBA', 'TFS'),
('LBA', 'TSF'),
('LBA', 'VCE'),
('LBA', 'VNO'),
('LBA', 'WMI'),
('LBA', 'WRO'),
('LCA', 'BRU'),
('LCJ', 'ATH'),
('LCJ', 'DUB'),
('LCJ', 'EMA'),
('LCJ', 'STN'),
('LDE', 'BGY'),
('LDE', 'CIA'),
('LDE', 'KRK'),
('LDE', 'STN'),
('LDY', 'EDI'),
('LDY', 'GLA'),
('LDY', 'LPL'),
('LEI', 'CRL'),
('LEI', 'DUB'),
('LEI', 'MAN'),
('LEI', 'STN'),
('LEJ', 'STN'),
('LGW', 'ALC'),
('LGW', 'BFS'),
('LGW', 'DUB'),
('LGW', 'ORK'),
('LGW', 'SNN'),
('LIG', 'BRS'),
('LIG', 'EMA'),
('LIG', 'LBA'),
('LIG', 'MAN'),
('LIG', 'STN'),
('LIL', 'MRS'),
('LIL', 'OPO'),
('LIM', 'MAD'),
('LIS', 'BGY'),
('LIS', 'BLQ'),
('LIS', 'BRE'),
('LIS', 'BRU'),
('LIS', 'BVA'),
('LIS', 'CIA'),
('LIS', 'CRL'),
('LIS', 'DUB'),
('LIS', 'EDI'),
('LIS', 'EIN'),
('LIS', 'FKB'),
('LIS', 'FRA'),
('LIS', 'GLA'),
('LIS', 'HAM'),
('LIS', 'HHN'),
('LIS', 'KRK'),
('LIS', 'LUX'),
('LIS', 'MAN'),
('LIS', 'MRS'),
('LIS', 'NAP'),
('LIS', 'OPO'),
('LIS', 'PDL'),
('LIS', 'PSA'),
('LIS', 'STN'),
('LIS', 'SXF'),
('LIS', 'TER'),
('LIS', 'TLS'),
('LIS', 'WMI'),
('LIS', 'WRO'),
('LNZ', 'PMI'),
('LNZ', 'STN'),
('LPA', 'BCN'),
('LPA', 'BGY'),
('LPA', 'BHX'),
('LPA', 'BLQ'),
('LPA', 'BOH'),
('LPA', 'BRS'),
('LPA', 'BUD'),
('LPA', 'CGN'),
('LPA', 'CRL'),
('LPA', 'DUB'),
('LPA', 'DUS'),
('LPA', 'EDI'),
('LPA', 'EIN'),
('LPA', 'EMA'),
('LPA', 'FRA'),
('LPA', 'GLA'),
('LPA', 'HAM'),
('LPA', 'HHN'),
('LPA', 'KRK'),
('LPA', 'LBA'),
('LPA', 'LPL'),
('LPA', 'LTN'),
('LPA', 'MAD'),
('LPA', 'MAN'),
('LPA', 'MXP'),
('LPA', 'NRN'),
('LPA', 'NYO'),
('LPA', 'OPO'),
('LPA', 'ORK'),
('LPA', 'PIK'),
('LPA', 'PSA'),
('LPA', 'SCQ'),
('LPA', 'STN'),
('LPA', 'SVQ'),
('LPA', 'SXF'),
('LPA', 'TRF'),
('LPA', 'TSF'),
('LPA', 'TXL'),
('LPA', 'VLC'),
('LPA', 'WMI'),
('LPL', 'ACE'),
('LPL', 'AGP'),
('LPL', 'ALC'),
('LPL', 'BCN'),
('LPL', 'BRI'),
('LPL', 'CPH'),
('LPL', 'DTM'),
('LPL', 'DUB'),
('LPL', 'EGC'),
('LPL', 'FAO'),
('LPL', 'FNI'),
('LPL', 'FUE'),
('LPL', 'GRO'),
('LPL', 'IBZ'),
('LPL', 'KRK'),
('LPL', 'LDY'),
('LPL', 'LPA'),
('LPL', 'MLA'),
('LPL', 'MXP'),
('LPL', 'NOC'),
('LPL', 'OPO'),
('LPL', 'ORK'),
('LPL', 'PFO'),
('LPL', 'PMI'),
('LPL', 'POZ'),
('LPL', 'PRG'),
('LPL', 'PSA'),
('LPL', 'RAK'),
('LPL', 'REU'),
('LPL', 'RHO'),
('LPL', 'SNN'),
('LPL', 'SOF'),
('LPL', 'SZZ'),
('LPL', 'TFS'),
('LPL', 'VNO'),
('LPL', 'WMI'),
('LPL', 'WRO'),
('LPP', 'ATH'),
('LPP', 'BGY'),
('LRH', 'CRL'),
('LRH', 'DUB'),
('LRH', 'OPO'),
('LRH', 'STN'),
('LRT', 'OPO'),
('LRT', 'STN'),
('LTN', 'ACE'),
('LTN', 'BZG'),
('LTN', 'BZR'),
('LTN', 'CPH'),
('LTN', 'DUB'),
('LTN', 'FAO'),
('LTN', 'FNI'),
('LTN', 'FUE'),
('LTN', 'GRO'),
('LTN', 'KIR'),
('LTN', 'KUN'),
('LTN', 'LPA'),
('LTN', 'MJV'),
('LTN', 'MLA'),
('LTN', 'NOC'),
('LTN', 'NRN'),
('LTN', 'RAK'),
('LTN', 'RZE'),
('LTN', 'TFS'),
('LTN', 'VNO'),
('LUX', 'BCN'),
('LUX', 'BGY'),
('LUX', 'DUB'),
('LUX', 'LIS'),
('LUX', 'MAD'),
('LUX', 'OPO'),
('LUX', 'PMI'),
('LUX', 'STN'),
('LUX', 'SVQ'),
('LUZ', 'DUB'),
('LUZ', 'STN'),
('LYS', 'DUB'),
('MAD', 'ACE'),
('MAD', 'ASU'),
('MAD', 'BDS'),
('MAD', 'BGY'),
('MAD', 'BHX'),
('MAD', 'BLQ'),
('MAD', 'BOG'),
('MAD', 'BOS'),
('MAD', 'BRI'),
('MAD', 'BRS'),
('MAD', 'BRU'),
('MAD', 'BTS'),
('MAD', 'BUD'),
('MAD', 'BVA'),
('MAD', 'CAG'),
('MAD', 'CCS'),
('MAD', 'CGN'),
('MAD', 'CIA'),
('MAD', 'CPH'),
('MAD', 'CRL'),
('MAD', 'CTA'),
('MAD', 'CUN'),
('MAD', 'CWL'),
('MAD', 'DUB'),
('MAD', 'EIN'),
('MAD', 'EZE'),
('MAD', 'FEZ'),
('MAD', 'FRA'),
('MAD', 'FUE'),
('MAD', 'GLA'),
('MAD', 'GRU'),
('MAD', 'GYE'),
('MAD', 'HAM'),
('MAD', 'HAV'),
('MAD', 'IBZ'),
('MAD', 'JFK'),
('MAD', 'KRK'),
('MAD', 'LIM'),
('MAD', 'LPA'),
('MAD', 'LUX'),
('MAD', 'MAH'),
('MAD', 'MAN'),
('MAD', 'MIA'),
('MAD', 'MLA'),
('MAD', 'MRS'),
('MAD', 'MVD'),
('MAD', 'NAP'),
('MAD', 'NCL'),
('MAD', 'NUE'),
('MAD', 'OPO'),
('MAD', 'OTP'),
('MAD', 'PMI'),
('MAD', 'PMO'),
('MAD', 'POZ'),
('MAD', 'PRG'),
('MAD', 'PSA'),
('MAD', 'PUJ'),
('MAD', 'RAK'),
('MAD', 'RBA'),
('MAD', 'SAP'),
('MAD', 'SCQ'),
('MAD', 'SDQ'),
('MAD', 'SJU'),
('MAD', 'SOF'),
('MAD', 'SSA'),
('MAD', 'STN'),
('MAD', 'SUF'),
('MAD', 'SXF'),
('MAD', 'TFN'),
('MAD', 'TFS'),
('MAD', 'TLS'),
('MAD', 'TLV'),
('MAD', 'TNG'),
('MAD', 'VNO'),
('MAD', 'VRN'),
('MAD', 'VVI'),
('MAD', 'WMI'),
('MAD', 'WRO'),
('MAH', 'BCN'),
('MAH', 'EMA'),
('MAH', 'MAD'),
('MAH', 'VLC'),
('MAN', 'ACE'),
('MAN', 'AGA'),
('MAN', 'AGP'),
('MAN', 'ALC'),
('MAN', 'BCN'),
('MAN', 'BDS'),
('MAN', 'BFS'),
('MAN', 'BGY'),
('MAN', 'BLQ'),
('MAN', 'BTS'),
('MAN', 'BUD'),
('MAN', 'BVA'),
('MAN', 'BZR'),
('MAN', 'CAG'),
('MAN', 'CCF'),
('MAN', 'CFU'),
('MAN', 'CGN'),
('MAN', 'CHQ'),
('MAN', 'CIA'),
('MAN', 'CRL'),
('MAN', 'DUB'),
('MAN', 'EIN'),
('MAN', 'FAO'),
('MAN', 'FCO'),
('MAN', 'FRA'),
('MAN', 'FUE'),
('MAN', 'GDN'),
('MAN', 'GRO'),
('MAN', 'HAM'),
('MAN', 'IBZ'),
('MAN', 'KRK'),
('MAN', 'LEI'),
('MAN', 'LIG'),
('MAN', 'LIS'),
('MAN', 'LPA'),
('MAN', 'MAD'),
('MAN', 'MJV'),
('MAN', 'MLA'),
('MAN', 'NAP'),
('MAN', 'NUE'),
('MAN', 'OPO'),
('MAN', 'PDL'),
('MAN', 'PMI'),
('MAN', 'PMO'),
('MAN', 'REU'),
('MAN', 'RHO'),
('MAN', 'RIX'),
('MAN', 'RYG'),
('MAN', 'RZE'),
('MAN', 'SNN'),
('MAN', 'STR'),
('MAN', 'SVQ'),
('MAN', 'SXF'),
('MAN', 'TFS'),
('MAN', 'TRF'),
('MAN', 'TSF'),
('MAN', 'VLC'),
('MAN', 'WMI'),
('MAN', 'WRO'),
('MAN', 'ZAD'),
('MIA', 'MAD'),
('MJV', 'BHX'),
('MJV', 'BOH'),
('MJV', 'DUB'),
('MJV', 'EIN'),
('MJV', 'EMA'),
('MJV', 'FRA'),
('MJV', 'LBA'),
('MJV', 'LTN'),
('MJV', 'MAN'),
('MJV', 'PIK'),
('MJV', 'STN'),
('MLA', 'ABZ'),
('MLA', 'ATH'),
('MLA', 'BCN'),
('MLA', 'BDS'),
('MLA', 'BFS'),
('MLA', 'BGY'),
('MLA', 'BHX'),
('MLA', 'BLL'),
('MLA', 'BLQ'),
('MLA', 'BOH'),
('MLA', 'BRI'),
('MLA', 'BRS'),
('MLA', 'BRU'),
('MLA', 'BTS'),
('MLA', 'BUD'),
('MLA', 'BVA'),
('MLA', 'CGN'),
('MLA', 'CIA'),
('MLA', 'CRL'),
('MLA', 'CTA'),
('MLA', 'DUB'),
('MLA', 'EDI'),
('MLA', 'EIN'),
('MLA', 'EMA'),
('MLA', 'FCO'),
('MLA', 'FKB'),
('MLA', 'GDN'),
('MLA', 'GOT'),
('MLA', 'GRO'),
('MLA', 'GSE'),
('MLA', 'KRK'),
('MLA', 'LBA'),
('MLA', 'LPL'),
('MLA', 'LTN'),
('MLA', 'MAD'),
('MLA', 'MAN'),
('MLA', 'MRS'),
('MLA', 'NAP'),
('MLA', 'NRN'),
('MLA', 'NUE'),
('MLA', 'NYO'),
('MLA', 'OPO'),
('MLA', 'PIK'),
('MLA', 'POZ'),
('MLA', 'PSA'),
('MLA', 'PSR'),
('MLA', 'RIX'),
('MLA', 'RYG'),
('MLA', 'STN'),
('MLA', 'SVQ'),
('MLA', 'SXF'),
('MLA', 'TLL'),
('MLA', 'TLS'),
('MLA', 'TPS'),
('MLA', 'TRN'),
('MLA', 'TSF'),
('MLA', 'VCE'),
('MLA', 'VLC'),
('MLA', 'VNO'),
('MLA', 'WRO'),
('MMX', 'KRK'),
('MPL', 'CRL'),
('MPL', 'HHN'),
('MPL', 'LBA'),
('MRS', 'AGP'),
('MRS', 'BES'),
('MRS', 'BUD'),
('MRS', 'CHQ'),
('MRS', 'CIA'),
('MRS', 'CRL'),
('MRS', 'CTA'),
('MRS', 'EDI'),
('MRS', 'EIN'),
('MRS', 'FAO'),
('MRS', 'FCO'),
('MRS', 'FEZ'),
('MRS', 'FRA'),
('MRS', 'GSE'),
('MRS', 'IBZ'),
('MRS', 'KRK'),
('MRS', 'LIL'),
('MRS', 'LIS'),
('MRS', 'MAD'),
('MRS', 'MLA'),
('MRS', 'NDR'),
('MRS', 'NTE'),
('MRS', 'OPO'),
('MRS', 'OTP'),
('MRS', 'OUD'),
('MRS', 'PIS'),
('MRS', 'PMI'),
('MRS', 'PMO'),
('MRS', 'RAK'),
('MRS', 'RBA'),
('MRS', 'STN'),
('MRS', 'SVQ'),
('MRS', 'TNG'),
('MRS', 'TUF'),
('MRS', 'VLC'),
('MRS', 'ZAD'),
('MST', 'ALC'),
('MST', 'BRI'),
('MST', 'GRO'),
('MUC', 'DUB'),
('MUC', 'PMI'),
('MVD', 'MAD'),
('MXP', 'ALC'),
('MXP', 'BRU'),
('MXP', 'CIY'),
('MXP', 'CTA'),
('MXP', 'EIN'),
('MXP', 'KTW'),
('MXP', 'KUN'),
('MXP', 'LPA'),
('MXP', 'LPL'),
('MXP', 'OPO'),
('MXP', 'OTP'),
('MXP', 'PMO'),
('MXP', 'SOF'),
('MXP', 'STN'),
('MXP', 'SUF'),
('MXP', 'SVQ'),
('MXP', 'TFS'),
('MXP', 'TXL'),
('MXP', 'VLC'),
('NAP', 'BCN'),
('NAP', 'BGY'),
('NAP', 'BLQ'),
('NAP', 'BRE'),
('NAP', 'BUD'),
('NAP', 'CPH'),
('NAP', 'CRL'),
('NAP', 'DUB'),
('NAP', 'EIN'),
('NAP', 'EMA'),
('NAP', 'GDN'),
('NAP', 'HHN'),
('NAP', 'KRK'),
('NAP', 'KUN'),
('NAP', 'LIS'),
('NAP', 'MAD'),
('NAP', 'MAN'),
('NAP', 'MLA'),
('NAP', 'NYO'),
('NAP', 'OPO'),
('NAP', 'RAK'),
('NAP', 'SKG'),
('NAP', 'STN'),
('NAP', 'SVQ'),
('NAP', 'TLS'),
('NAP', 'TSF'),
('NAP', 'VCE'),
('NAP', 'VLC'),
('NAP', 'WMI'),
('NAP', 'WRO'),
('NCE', 'DUB'),
('NCE', 'STN'),
('NCL', 'ACE'),
('NCL', 'AGP'),
('NCL', 'ALC'),
('NCL', 'DUB'),
('NCL', 'FAO'),
('NCL', 'GDN'),
('NCL', 'GRO'),
('NCL', 'MAD'),
('NCL', 'PMI'),
('NCL', 'TFS'),
('NCL', 'WMI'),
('NCL', 'WRO'),
('NDR', 'BCN'),
('NDR', 'BVA'),
('NDR', 'CRL'),
('NDR', 'HHN'),
('NDR', 'MRS'),
('NDR', 'NRN'),
('NOC', 'ACE'),
('NOC', 'AGP'),
('NOC', 'ALC'),
('NOC', 'BGY'),
('NOC', 'BRS'),
('NOC', 'EMA'),
('NOC', 'FAO'),
('NOC', 'GRO'),
('NOC', 'LPL'),
('NOC', 'LTN'),
('NOC', 'STN'),
('NOC', 'TFS'),
('NQY', 'ALC'),
('NQY', 'FAO'),
('NQY', 'HHN'),
('NRN', 'ACE'),
('NRN', 'AGA'),
('NRN', 'AGP'),
('NRN', 'ALC'),
('NRN', 'AOI'),
('NRN', 'BGY'),
('NRN', 'BLQ'),
('NRN', 'BOJ'),
('NRN', 'BRI'),
('NRN', 'BZG'),
('NRN', 'BZR'),
('NRN', 'CAG'),
('NRN', 'CFU'),
('NRN', 'CHQ'),
('NRN', 'CIA'),
('NRN', 'CIY'),
('NRN', 'EDI'),
('NRN', 'FAO'),
('NRN', 'FEZ'),
('NRN', 'FUE'),
('NRN', 'GRO'),
('NRN', 'IBZ'),
('NRN', 'INI'),
('NRN', 'LPA'),
('NRN', 'LTN'),
('NRN', 'LWO'),
('NRN', 'MLA'),
('NRN', 'NDR'),
('NRN', 'NYO'),
('NRN', 'OMR'),
('NRN', 'OPO'),
('NRN', 'OUD'),
('NRN', 'PMI'),
('NRN', 'PMO'),
('NRN', 'PSA'),
('NRN', 'PSR'),
('NRN', 'RAK'),
('NRN', 'RBA'),
('NRN', 'SDR'),
('NRN', 'SKG'),
('NRN', 'STN'),
('NRN', 'SUF'),
('NRN', 'TFS'),
('NRN', 'TLL'),
('NRN', 'TLV'),
('NRN', 'TNG'),
('NRN', 'TSR'),
('NRN', 'VDA'),
('NRN', 'VLC'),
('NRN', 'VXO'),
('NRN', 'ZAD'),
('NTE', 'DUB'),
('NTE', 'EDI'),
('NTE', 'FEZ'),
('NTE', 'MRS'),
('NTE', 'STN'),
('NTE', 'SVQ'),
('NUE', 'AGP'),
('NUE', 'ALC'),
('NUE', 'BDS'),
('NUE', 'BGY'),
('NUE', 'BRI'),
('NUE', 'BUD'),
('NUE', 'CIA'),
('NUE', 'KRK'),
('NUE', 'MAD'),
('NUE', 'MAN'),
('NUE', 'MLA'),
('NUE', 'OPO'),
('NUE', 'PMI'),
('NUE', 'PMO'),
('NUE', 'RAK'),
('NUE', 'SKG'),
('NUE', 'STN'),
('NUE', 'VNO'),
('NUE', 'VRN'),
('NYO', 'AGP'),
('NYO', 'ALC'),
('NYO', 'BCN'),
('NYO', 'BDS'),
('NYO', 'BGY'),
('NYO', 'BIQ'),
('NYO', 'BRE'),
('NYO', 'BVA'),
('NYO', 'BZR'),
('NYO', 'CHQ'),
('NYO', 'CIA'),
('NYO', 'CRL'),
('NYO', 'EDI'),
('NYO', 'EIN'),
('NYO', 'FAO'),
('NYO', 'FMM'),
('NYO', 'GDN'),
('NYO', 'GRO'),
('NYO', 'INI'),
('NYO', 'KBP'),
('NYO', 'KRK'),
('NYO', 'LPA'),
('NYO', 'MLA'),
('NYO', 'NAP'),
('NYO', 'NRN'),
('NYO', 'PFO'),
('NYO', 'PMI'),
('NYO', 'PSA'),
('NYO', 'RHO'),
('NYO', 'RJK'),
('NYO', 'SKG'),
('NYO', 'SOF'),
('NYO', 'STN'),
('NYO', 'TFS'),
('NYO', 'TGD'),
('NYO', 'TSF'),
('NYO', 'VCE'),
('NYO', 'WMI'),
('NYO', 'ZAD'),
('OMR', 'BGY'),
('OMR', 'EIN'),
('OMR', 'FMM'),
('OMR', 'GRO'),
('OMR', 'NRN'),
('OMR', 'STN'),
('OPO', 'BCN'),
('OPO', 'BGY'),
('OPO', 'BHX'),
('OPO', 'BLQ'),
('OPO', 'BOD'),
('OPO', 'BRE'),
('OPO', 'BRU'),
('OPO', 'BVA'),
('OPO', 'CAG'),
('OPO', 'CCF'),
('OPO', 'CFE'),
('OPO', 'CGN'),
('OPO', 'CIA'),
('OPO', 'CPH'),
('OPO', 'CRL'),
('OPO', 'DLE'),
('OPO', 'DTM'),
('OPO', 'DUB'),
('OPO', 'EBU'),
('OPO', 'EDI'),
('OPO', 'EIN'),
('OPO', 'FAO'),
('OPO', 'FKB'),
('OPO', 'FMM'),
('OPO', 'FRA'),
('OPO', 'HAM'),
('OPO', 'HHN'),
('OPO', 'KRK'),
('OPO', 'LIL'),
('OPO', 'LIS'),
('OPO', 'LPA'),
('OPO', 'LPL'),
('OPO', 'LRH'),
('OPO', 'LRT'),
('OPO', 'LUX'),
('OPO', 'MAD'),
('OPO', 'MAN'),
('OPO', 'MLA'),
('OPO', 'MRS'),
('OPO', 'MXP'),
('OPO', 'NAP'),
('OPO', 'NRN'),
('OPO', 'NUE'),
('OPO', 'PDL'),
('OPO', 'PIS'),
('OPO', 'PMI'),
('OPO', 'RAK'),
('OPO', 'STN'),
('OPO', 'SVQ'),
('OPO', 'SXB'),
('OPO', 'SXF'),
('OPO', 'TER'),
('OPO', 'TFS'),
('OPO', 'TUF'),
('OPO', 'VLC'),
('OPO', 'WMI'),
('OPO', 'XCR'),
('ORK', 'ACE'),
('ORK', 'AGP'),
('ORK', 'ALC'),
('ORK', 'BGY'),
('ORK', 'BOD'),
('ORK', 'CCF'),
('ORK', 'FAO'),
('ORK', 'GDN'),
('ORK', 'GRO'),
('ORK', 'LGW'),
('ORK', 'LPA'),
('ORK', 'LPL'),
('ORK', 'PMI'),
('ORK', 'REU'),
('ORK', 'SDR'),
('ORK', 'STN'),
('ORK', 'TFS'),
('ORK', 'WRO'),
('OSL', 'STN'),
('OSL', 'VNO'),
('OSR', 'BGY'),
('OSR', 'STN'),
('OTP', 'AMM'),
('OTP', 'ATH'),
('OTP', 'BGY'),
('OTP', 'BLQ'),
('OTP', 'BRS'),
('OTP', 'CIA'),
('OTP', 'CRL'),
('OTP', 'DUB'),
('OTP', 'MAD'),
('OTP', 'MRS'),
('OTP', 'MXP'),
('OTP', 'PFO'),
('OTP', 'PMO'),
('OTP', 'STN'),
('OTP', 'SXF'),
('OTP', 'TSR'),
('OUD', 'BVA'),
('OUD', 'CRL'),
('OUD', 'MRS'),
('OUD', 'NRN'),
('PDL', 'HHN'),
('PDL', 'LIS'),
('PDL', 'MAN'),
('PDL', 'OPO'),
('PDL', 'STN'),
('PDV', 'BGY'),
('PDV', 'CRL'),
('PDV', 'HHN'),
('PDV', 'STN'),
('PED', 'ALC'),
('PED', 'STN'),
('PEG', 'CRL'),
('PEG', 'CTA'),
('PEG', 'FRA'),
('PEG', 'STN'),
('PEG', 'TPS'),
('PFO', 'AMM'),
('PFO', 'BGY'),
('PFO', 'BOH'),
('PFO', 'BTS'),
('PFO', 'BUD'),
('PFO', 'CHQ'),
('PFO', 'CIA'),
('PFO', 'DUB'),
('PFO', 'KRK'),
('PFO', 'KUN'),
('PFO', 'LPL'),
('PFO', 'NYO'),
('PFO', 'OTP'),
('PFO', 'RIX'),
('PFO', 'SKG'),
('PFO', 'SOF'),
('PFO', 'STN'),
('PFO', 'TLL'),
('PFO', 'TLV'),
('PFO', 'VIE'),
('PGF', 'BHX'),
('PGF', 'CRL'),
('PGF', 'FRA'),
('PGF', 'RAK'),
('PGF', 'STN'),
('PIK', 'ACE'),
('PIK', 'AGP'),
('PIK', 'ALC'),
('PIK', 'BCN'),
('PIK', 'CFU'),
('PIK', 'CIA'),
('PIK', 'FAO'),
('PIK', 'FUE'),
('PIK', 'GRO'),
('PIK', 'IBZ'),
('PIK', 'LPA'),
('PIK', 'MJV'),
('PIK', 'MLA'),
('PIK', 'PMI'),
('PIK', 'PSA'),
('PIK', 'REU'),
('PIK', 'RZE'),
('PIK', 'TFS'),
('PIS', 'DUB'),
('PIS', 'EDI'),
('PIS', 'MRS'),
('PIS', 'OPO'),
('PIS', 'RAK'),
('PIS', 'STN'),
('PLQ', 'GLA'),
('PLQ', 'STN'),
('PMF', 'CAG'),
('PMF', 'TPS'),
('PMI', 'AGP'),
('PMI', 'BCN'),
('PMI', 'BGY'),
('PMI', 'BHX'),
('PMI', 'BLL'),
('PMI', 'BLQ'),
('PMI', 'BOH'),
('PMI', 'BRE'),
('PMI', 'BRS'),
('PMI', 'BRU'),
('PMI', 'BSL'),
('PMI', 'BTS'),
('PMI', 'BVA'),
('PMI', 'CGN'),
('PMI', 'CIA'),
('PMI', 'CRL'),
('PMI', 'DTM'),
('PMI', 'DUB'),
('PMI', 'DUS'),
('PMI', 'EDI'),
('PMI', 'EIN'),
('PMI', 'EMA'),
('PMI', 'FKB'),
('PMI', 'FMM'),
('PMI', 'FMO'),
('PMI', 'FRA'),
('PMI', 'GOT'),
('PMI', 'GRZ'),
('PMI', 'GSE'),
('PMI', 'HAJ'),
('PMI', 'HAM'),
('PMI', 'HHN'),
('PMI', 'INN'),
('PMI', 'KRK'),
('PMI', 'KUN'),
('PMI', 'LBA'),
('PMI', 'LNZ'),
('PMI', 'LPL'),
('PMI', 'LUX'),
('PMI', 'MAD'),
('PMI', 'MAN'),
('PMI', 'MRS'),
('PMI', 'MUC'),
('PMI', 'NCL'),
('PMI', 'NRN'),
('PMI', 'NUE'),
('PMI', 'NYO'),
('PMI', 'OPO'),
('PMI', 'ORK'),
('PMI', 'PAD'),
('PMI', 'PIK'),
('PMI', 'RYG'),
('PMI', 'SCQ'),
('PMI', 'SDR'),
('PMI', 'SNN'),
('PMI', 'STN'),
('PMI', 'STR'),
('PMI', 'SVQ'),
('PMI', 'SXB'),
('PMI', 'SXF'),
('PMI', 'SZG'),
('PMI', 'TXL'),
('PMI', 'VIE'),
('PMI', 'VLC'),
('PMI', 'VLL'),
('PMI', 'WMI'),
('PMI', 'WRO'),
('PMI', 'ZAZ'),
('PMI', 'ZRH'),
('PMO', 'ATH'),
('PMO', 'BGY'),
('PMO', 'BLQ'),
('PMO', 'BUD'),
('PMO', 'BVA'),
('PMO', 'CGN'),
('PMO', 'CRL'),
('PMO', 'DUB'),
('PMO', 'FCO'),
('PMO', 'FMM'),
('PMO', 'MAD'),
('PMO', 'MAN'),
('PMO', 'MRS'),
('PMO', 'MXP'),
('PMO', 'NRN'),
('PMO', 'NUE'),
('PMO', 'OTP'),
('PMO', 'PSA'),
('PMO', 'STN'),
('PMO', 'SXF'),
('PMO', 'TRN'),
('PMO', 'TSF'),
('PMO', 'VCE'),
('PMO', 'VLC'),
('PMO', 'VRN'),
('PMO', 'WRO'),
('POZ', 'ALC'),
('POZ', 'ATH'),
('POZ', 'BGY'),
('POZ', 'BLL'),
('POZ', 'BRS'),
('POZ', 'CDT'),
('POZ', 'CFU'),
('POZ', 'DUB'),
('POZ', 'EDI'),
('POZ', 'GRO'),
('POZ', 'KBP'),
('POZ', 'LPL'),
('POZ', 'MAD'),
('POZ', 'MLA'),
('POZ', 'RYG'),
('POZ', 'STN'),
('POZ', 'TLV'),
('POZ', 'TRF'),
('POZ', 'VDA'),
('PRG', 'AGP'),
('PRG', 'AMM'),
('PRG', 'BCN'),
('PRG', 'BGY'),
('PRG', 'BLQ'),
('PRG', 'BUD'),
('PRG', 'BVA'),
('PRG', 'CIA'),
('PRG', 'CRL'),
('PRG', 'DUB'),
('PRG', 'EDI'),
('PRG', 'EIN'),
('PRG', 'KRK'),
('PRG', 'LPL'),
('PRG', 'MAD'),
('PRG', 'PSA'),
('PRG', 'RAK'),
('PRG', 'STN'),
('PRG', 'TPS'),
('PRG', 'VDA'),
('PSA', 'AHO'),
('PSA', 'BDS'),
('PSA', 'BLL'),
('PSA', 'BRI'),
('PSA', 'BUD'),
('PSA', 'BVA'),
('PSA', 'CAG'),
('PSA', 'CFU'),
('PSA', 'CHQ'),
('PSA', 'CIY'),
('PSA', 'CRL'),
('PSA', 'CRV'),
('PSA', 'CTA'),
('PSA', 'DUB'),
('PSA', 'EDI'),
('PSA', 'EFL'),
('PSA', 'EIN'),
('PSA', 'EMA'),
('PSA', 'FEZ'),
('PSA', 'FRA'),
('PSA', 'FUE'),
('PSA', 'GDN'),
('PSA', 'GOT'),
('PSA', 'GRO'),
('PSA', 'GSE'),
('PSA', 'HHN'),
('PSA', 'IBZ'),
('PSA', 'KRK'),
('PSA', 'LBA'),
('PSA', 'LIS'),
('PSA', 'LPA'),
('PSA', 'LPL'),
('PSA', 'MAD'),
('PSA', 'MLA'),
('PSA', 'NRN'),
('PSA', 'NYO'),
('PSA', 'PIK'),
('PSA', 'PMO'),
('PSA', 'PRG'),
('PSA', 'RAK'),
('PSA', 'RHO'),
('PSA', 'SOF'),
('PSA', 'STN'),
('PSA', 'SUF'),
('PSA', 'SVQ'),
('PSA', 'SXF'),
('PSA', 'TFS'),
('PSA', 'TPS'),
('PSA', 'VIE'),
('PSA', 'VLC'),
('PSA', 'WMI'),
('PSR', 'BGY'),
('PSR', 'CPH'),
('PSR', 'CRL'),
('PSR', 'GRO'),
('PSR', 'HHN'),
('PSR', 'KRK'),
('PSR', 'MLA'),
('PSR', 'NRN'),
('PSR', 'STN'),
('PSR', 'WMI'),
('PUJ', 'MAD'),
('PUY', 'CRL'),
('PUY', 'FRA'),
('PUY', 'HHN'),
('PUY', 'RYG'),
('PUY', 'STN'),
('PUY', 'TXL'),
('RAK', 'ATH'),
('RAK', 'BCN'),
('RAK', 'BGY'),
('RAK', 'BRU'),
('RAK', 'BUD'),
('RAK', 'BVA'),
('RAK', 'CGN'),
('RAK', 'CIA'),
('RAK', 'CRL'),
('RAK', 'CTA'),
('RAK', 'DLE'),
('RAK', 'DUB'),
('RAK', 'EIN'),
('RAK', 'FKB'),
('RAK', 'FMM'),
('RAK', 'FNI'),
('RAK', 'HAM'),
('RAK', 'HHN'),
('RAK', 'KRK'),
('RAK', 'LPL'),
('RAK', 'LTN'),
('RAK', 'MAD'),
('RAK', 'MRS'),
('RAK', 'NAP'),
('RAK', 'NRN'),
('RAK', 'NUE'),
('RAK', 'OPO'),
('RAK', 'PGF'),
('RAK', 'PIS'),
('RAK', 'PRG'),
('RAK', 'PSA'),
('RAK', 'SDR'),
('RAK', 'STN'),
('RAK', 'SVQ'),
('RAK', 'SXF'),
('RAK', 'TSF'),
('RAK', 'TUF'),
('RAK', 'VLC'),
('RAK', 'XCR'),
('RBA', 'BVA'),
('RBA', 'CIA'),
('RBA', 'CRL'),
('RBA', 'EIN'),
('RBA', 'GRO'),
('RBA', 'MAD'),
('RBA', 'MRS'),
('RBA', 'NRN'),
('RBA', 'STN'),
('RBA', 'SVQ'),
('RDZ', 'CRL'),
('RDZ', 'DUB'),
('REU', 'BHX'),
('REU', 'BRS'),
('REU', 'CRL'),
('REU', 'DUB'),
('REU', 'EIN'),
('REU', 'EMA'),
('REU', 'HHN'),
('REU', 'LPL'),
('REU', 'MAN'),
('REU', 'ORK'),
('REU', 'PIK'),
('REU', 'SNN'),
('REU', 'STN'),
('RHO', 'ATH'),
('RHO', 'BGY'),
('RHO', 'BLQ'),
('RHO', 'CRL'),
('RHO', 'DUS'),
('RHO', 'EMA'),
('RHO', 'KUN'),
('RHO', 'LPL'),
('RHO', 'MAN'),
('RHO', 'NYO'),
('RHO', 'PSA'),
('RHO', 'STN'),
('RHO', 'TXL'),
('RHO', 'ZRH'),
('RIX', 'BGY'),
('RIX', 'BOJ'),
('RIX', 'BRE'),
('RIX', 'CGN'),
('RIX', 'CRL'),
('RIX', 'DUB'),
('RIX', 'EDI'),
('RIX', 'EIN'),
('RIX', 'EMA'),
('RIX', 'GLA'),
('RIX', 'GRO'),
('RIX', 'HHN'),
('RIX', 'LBA'),
('RIX', 'MAN'),
('RIX', 'MLA'),
('RIX', 'PFO'),
('RIX', 'RYG'),
('RIX', 'STN'),
('RIX', 'SXF'),
('RJK', 'CRL'),
('RJK', 'FRA'),
('RJK', 'NYO'),
('RJK', 'RYG'),
('RJK', 'STN'),
('RJK', 'TXL'),
('RMI', 'KUN'),
('RMI', 'STN'),
('RMI', 'WMI'),
('RZE', 'ATH'),
('RZE', 'BOJ'),
('RZE', 'BRS'),
('RZE', 'CFU'),
('RZE', 'DUB'),
('RZE', 'EMA'),
('RZE', 'LTN'),
('RZE', 'MAN'),
('RZE', 'PIK'),
('RZE', 'RYG'),
('RZE', 'STN'),
('RZE', 'SXF'),
('SAP', 'MAD'),
('SCQ', 'ACE'),
('SCQ', 'AGP'),
('SCQ', 'ALC'),
('SCQ', 'BCN'),
('SCQ', 'BGY'),
('SCQ', 'HHN'),
('SCQ', 'LPA'),
('SCQ', 'MAD'),
('SCQ', 'PMI'),
('SCQ', 'STN'),
('SCQ', 'SVQ'),
('SCQ', 'TFS'),
('SCQ', 'VLC'),
('SDQ', 'MAD'),
('SDR', 'ACE'),
('SDR', 'AGP'),
('SDR', 'BCN'),
('SDR', 'BGY'),
('SDR', 'BUD'),
('SDR', 'CIA'),
('SDR', 'CRL'),
('SDR', 'DUB'),
('SDR', 'EDI'),
('SDR', 'NRN'),
('SDR', 'ORK'),
('SDR', 'PMI'),
('SDR', 'RAK'),
('SDR', 'SNN'),
('SDR', 'STN'),
('SDR', 'SXF'),
('SDR', 'TFS'),
('SDR', 'VLC'),
('SJU', 'MAD'),
('SKG', 'ATH'),
('SKG', 'BGY'),
('SKG', 'BLQ'),
('SKG', 'BRE'),
('SKG', 'BTS'),
('SKG', 'BUD'),
('SKG', 'BVA'),
('SKG', 'CHQ'),
('SKG', 'CIA'),
('SKG', 'CPH'),
('SKG', 'CRL'),
('SKG', 'DTM'),
('SKG', 'EIN'),
('SKG', 'FKB'),
('SKG', 'FMM'),
('SKG', 'GOT'),
('SKG', 'GRO'),
('SKG', 'HAM'),
('SKG', 'HHN'),
('SKG', 'NAP'),
('SKG', 'NRN'),
('SKG', 'NUE'),
('SKG', 'NYO'),
('SKG', 'PFO'),
('SKG', 'RYG'),
('SKG', 'STN'),
('SKG', 'SXF'),
('SKG', 'WMI'),
('SNN', 'ACE'),
('SNN', 'AGP'),
('SNN', 'ALC'),
('SNN', 'BRS'),
('SNN', 'FAO'),
('SNN', 'FCO'),
('SNN', 'FUE'),
('SNN', 'KRK'),
('SNN', 'KUN'),
('SNN', 'LGW'),
('SNN', 'LPL'),
('SNN', 'MAN'),
('SNN', 'PMI'),
('SNN', 'REU'),
('SNN', 'SDR'),
('SNN', 'STN'),
('SNN', 'SXF'),
('SNN', 'TFS'),
('SNN', 'WMI'),
('SNN', 'WRO'),
('SOF', 'AQJ'),
('SOF', 'ATH'),
('SOF', 'BCN'),
('SOF', 'BHX'),
('SOF', 'CDT'),
('SOF', 'CGN'),
('SOF', 'CIA'),
('SOF', 'CRL'),
('SOF', 'DUB'),
('SOF', 'EDI'),
('SOF', 'EIN'),
('SOF', 'FKB'),
('SOF', 'FMM'),
('SOF', 'GLA'),
('SOF', 'HAM'),
('SOF', 'LPL'),
('SOF', 'MAD'),
('SOF', 'MXP'),
('SOF', 'NYO'),
('SOF', 'PFO'),
('SOF', 'PSA'),
('SOF', 'STN'),
('SOF', 'SXF'),
('SOF', 'TSF'),
('SOF', 'VCE'),
('SSA', 'MAD'),
('STN', 'AAL'),
('STN', 'AAR'),
('STN', 'ACE'),
('STN', 'AGA'),
('STN', 'AGP'),
('STN', 'AHO'),
('STN', 'ALC'),
('STN', 'AOI'),
('STN', 'ATH'),
('STN', 'BCN'),
('STN', 'BDS'),
('STN', 'BFS'),
('STN', 'BGY'),
('STN', 'BIQ'),
('STN', 'BLL'),
('STN', 'BLQ'),
('STN', 'BOD'),
('STN', 'BRE'),
('STN', 'BRI'),
('STN', 'BRQ'),
('STN', 'BSL'),
('STN', 'BTS'),
('STN', 'BUD'),
('STN', 'BVE'),
('STN', 'BZG'),
('STN', 'BZR'),
('STN', 'CAG'),
('STN', 'CCF'),
('STN', 'CDT'),
('STN', 'CFE'),
('STN', 'CFU'),
('STN', 'CGN'),
('STN', 'CHQ'),
('STN', 'CIA'),
('STN', 'CIY'),
('STN', 'CPH'),
('STN', 'DNR'),
('STN', 'DOL'),
('STN', 'DTM'),
('STN', 'DUB'),
('STN', 'EDI'),
('STN', 'EFL'),
('STN', 'EGC'),
('STN', 'EIN'),
('STN', 'FAO'),
('STN', 'FCO'),
('STN', 'FEZ'),
('STN', 'FKB'),
('STN', 'FMM'),
('STN', 'FNI'),
('STN', 'FRA'),
('STN', 'FUE'),
('STN', 'GDN'),
('STN', 'GLA'),
('STN', 'GNB'),
('STN', 'GOA'),
('STN', 'GOT'),
('STN', 'GRO'),
('STN', 'GSE'),
('STN', 'HAM'),
('STN', 'HHN'),
('STN', 'IBZ'),
('STN', 'KBP'),
('STN', 'KIR'),
('STN', 'KRK'),
('STN', 'KTW'),
('STN', 'KUN'),
('STN', 'LCJ'),
('STN', 'LDE'),
('STN', 'LEI'),
('STN', 'LEJ'),
('STN', 'LIG'),
('STN', 'LIS'),
('STN', 'LNZ'),
('STN', 'LPA'),
('STN', 'LRH'),
('STN', 'LRT'),
('STN', 'LUX'),
('STN', 'LUZ'),
('STN', 'LWO'),
('STN', 'MAD'),
('STN', 'MJV'),
('STN', 'MLA'),
('STN', 'MRS'),
('STN', 'MXP'),
('STN', 'NAP'),
('STN', 'NCE'),
('STN', 'NOC'),
('STN', 'NRN'),
('STN', 'NTE'),
('STN', 'NUE'),
('STN', 'NYO'),
('STN', 'OMR'),
('STN', 'OPO'),
('STN', 'ORK'),
('STN', 'OSL'),
('STN', 'OSR'),
('STN', 'OTP'),
('STN', 'PDL'),
('STN', 'PDV'),
('STN', 'PED'),
('STN', 'PEG'),
('STN', 'PFO'),
('STN', 'PGF'),
('STN', 'PIS'),
('STN', 'PLQ'),
('STN', 'PMI'),
('STN', 'PMO'),
('STN', 'POZ'),
('STN', 'PRG'),
('STN', 'PSA'),
('STN', 'PSR'),
('STN', 'PUY'),
('STN', 'RAK'),
('STN', 'RBA'),
('STN', 'REU'),
('STN', 'RHO'),
('STN', 'RIX'),
('STN', 'RJK'),
('STN', 'RMI'),
('STN', 'RYG'),
('STN', 'RZE'),
('STN', 'SCQ'),
('STN', 'SDR'),
('STN', 'SKG'),
('STN', 'SNN'),
('STN', 'SOF'),
('STN', 'SUF'),
('STN', 'SVQ'),
('STN', 'SXB'),
('STN', 'SXF'),
('STN', 'SZG'),
('STN', 'SZY'),
('STN', 'SZZ'),
('STN', 'TFS'),
('STN', 'TGD'),
('STN', 'TLL'),
('STN', 'TLS'),
('STN', 'TRF'),
('STN', 'TRN'),
('STN', 'TRS'),
('STN', 'TSF'),
('STN', 'TSR'),
('STN', 'TUF'),
('STN', 'VCE'),
('STN', 'VLC'),
('STN', 'VNO'),
('STN', 'VRN'),
('STN', 'VST'),
('STN', 'WMI'),
('STN', 'WRO'),
('STN', 'XRY'),
('STN', 'ZAD'),
('STN', 'ZAZ'),
('STR', 'DUB'),
('STR', 'MAN'),
('STR', 'PMI'),
('SUF', 'BGY'),
('SUF', 'BLQ'),
('SUF', 'CRL'),
('SUF', 'FKB'),
('SUF', 'HAM'),
('SUF', 'HHN'),
('SUF', 'KRK'),
('SUF', 'MAD'),
('SUF', 'MXP'),
('SUF', 'NRN'),
('SUF', 'PSA'),
('SUF', 'STN'),
('SUF', 'TSF'),
('SUF', 'VCE'),
('SUF', 'ZRH'),
('SVQ', 'ACE'),
('SVQ', 'ALC'),
('SVQ', 'BCN'),
('SVQ', 'BDS'),
('SVQ', 'BGY'),
('SVQ', 'BLQ'),
('SVQ', 'BOD'),
('SVQ', 'BRI'),
('SVQ', 'BRS'),
('SVQ', 'BVA'),
('SVQ', 'CAG'),
('SVQ', 'CGN'),
('SVQ', 'CIA'),
('SVQ', 'CPH'),
('SVQ', 'CRL'),
('SVQ', 'CTA'),
('SVQ', 'DUB'),
('SVQ', 'EDI'),
('SVQ', 'EIN'),
('SVQ', 'EMA'),
('SVQ', 'FCO'),
('SVQ', 'FEZ'),
('SVQ', 'FKB'),
('SVQ', 'FMM'),
('SVQ', 'FRA'),
('SVQ', 'FUE'),
('SVQ', 'HAM'),
('SVQ', 'IBZ'),
('SVQ', 'KRK'),
('SVQ', 'LPA'),
('SVQ', 'LUX'),
('SVQ', 'MAN'),
('SVQ', 'MLA'),
('SVQ', 'MRS'),
('SVQ', 'MXP'),
('SVQ', 'NAP'),
('SVQ', 'NTE'),
('SVQ', 'OPO'),
('SVQ', 'PMI'),
('SVQ', 'PSA'),
('SVQ', 'RAK'),
('SVQ', 'RBA'),
('SVQ', 'SCQ'),
('SVQ', 'STN'),
('SVQ', 'SXF'),
('SVQ', 'TFS'),
('SVQ', 'TLS'),
('SVQ', 'TNG'),
('SVQ', 'TSF'),
('SVQ', 'VIT'),
('SVQ', 'VLC'),
('SVQ', 'VLL'),
('SVQ', 'VRN'),
('SVQ', 'WMI'),
('SXB', 'OPO'),
('SXB', 'PMI'),
('SXB', 'STN'),
('SXF', 'ACE'),
('SXF', 'AGP'),
('SXF', 'ALC'),
('SXF', 'ATH'),
('SXF', 'BCN'),
('SXF', 'BFS'),
('SXF', 'BGY'),
('SXF', 'BLL'),
('SXF', 'BLQ'),
('SXF', 'BRI'),
('SXF', 'BRU'),
('SXF', 'BTS'),
('SXF', 'BUD'),
('SXF', 'CGN'),
('SXF', 'CIA'),
('SXF', 'CTA'),
('SXF', 'DUB'),
('SXF', 'EDI'),
('SXF', 'EMA'),
('SXF', 'FAO'),
('SXF', 'FUE'),
('SXF', 'GLA'),
('SXF', 'INI'),
('SXF', 'KBP'),
('SXF', 'KIR'),
('SXF', 'KRK'),
('SXF', 'LIS'),
('SXF', 'LPA'),
('SXF', 'MAD'),
('SXF', 'MAN'),
('SXF', 'MLA'),
('SXF', 'OPO'),
('SXF', 'OTP'),
('SXF', 'PMI'),
('SXF', 'PMO'),
('SXF', 'PSA'),
('SXF', 'RAK'),
('SXF', 'RIX'),
('SXF', 'RZE'),
('SXF', 'SDR'),
('SXF', 'SKG'),
('SXF', 'SNN'),
('SXF', 'SOF'),
('SXF', 'STN'),
('SXF', 'SVQ'),
('SXF', 'TFS'),
('SXF', 'TGD'),
('SXF', 'TLS'),
('SXF', 'TLV'),
('SXF', 'TSF'),
('SXF', 'TSR'),
('SXF', 'VCE'),
('SXF', 'VDA'),
('SXF', 'VLC'),
('SXF', 'VNO'),
('SXF', 'VRN'),
('SXF', 'ZAD'),
('SZG', 'DUB'),
('SZG', 'PMI'),
('SZG', 'STN'),
('SZY', 'STN'),
('SZZ', 'DUB'),
('SZZ', 'EDI'),
('SZZ', 'LPL'),
('SZZ', 'RYG'),
('SZZ', 'STN'),
('SZZ', 'WAW'),
('TER', 'LIS'),
('TER', 'OPO'),
('TFN', 'BCN'),
('TFN', 'MAD'),
('TFS', 'BCN'),
('TFS', 'BFS'),
('TFS', 'BGY'),
('TFS', 'BHX'),
('TFS', 'BLQ'),
('TFS', 'BOH'),
('TFS', 'BRE'),
('TFS', 'BRS'),
('TFS', 'BVA'),
('TFS', 'CGN'),
('TFS', 'CPH'),
('TFS', 'CRL'),
('TFS', 'CWL'),
('TFS', 'DUB'),
('TFS', 'DUS'),
('TFS', 'EDI'),
('TFS', 'EIN'),
('TFS', 'EMA'),
('TFS', 'FKB'),
('TFS', 'FMM'),
('TFS', 'FRA'),
('TFS', 'HHN'),
('TFS', 'KRK'),
('TFS', 'LBA'),
('TFS', 'LPL'),
('TFS', 'LTN'),
('TFS', 'MAD'),
('TFS', 'MAN'),
('TFS', 'MXP'),
('TFS', 'NCL'),
('TFS', 'NOC'),
('TFS', 'NRN'),
('TFS', 'NYO'),
('TFS', 'OPO'),
('TFS', 'ORK'),
('TFS', 'PIK'),
('TFS', 'PSA'),
('TFS', 'SCQ'),
('TFS', 'SDR'),
('TFS', 'SNN'),
('TFS', 'STN'),
('TFS', 'SVQ'),
('TFS', 'SXF'),
('TFS', 'TRF'),
('TFS', 'TSF'),
('TFS', 'TXL'),
('TFS', 'VCE'),
('TFS', 'VIT'),
('TFS', 'VLC'),
('TFS', 'WMI'),
('TFS', 'WRO');
INSERT INTO `route` (`iata_dep`, `iata_arr`) VALUES
('TGD', 'CRL'),
('TGD', 'NYO'),
('TGD', 'STN'),
('TGD', 'SXF'),
('TGD', 'WRO'),
('TLL', 'BGY'),
('TLL', 'BRE'),
('TLL', 'DUB'),
('TLL', 'EDI'),
('TLL', 'GRO'),
('TLL', 'MLA'),
('TLL', 'NRN'),
('TLL', 'PFO'),
('TLL', 'RYG'),
('TLL', 'STN'),
('TLS', 'CRL'),
('TLS', 'EDI'),
('TLS', 'FEZ'),
('TLS', 'FRA'),
('TLS', 'LIS'),
('TLS', 'MAD'),
('TLS', 'MLA'),
('TLS', 'NAP'),
('TLS', 'STN'),
('TLS', 'SVQ'),
('TLS', 'SXF'),
('TLS', 'WMI'),
('TLV', 'BGY'),
('TLV', 'BOJ'),
('TLV', 'BRE'),
('TLV', 'BUD'),
('TLV', 'CRL'),
('TLV', 'FCO'),
('TLV', 'FKB'),
('TLV', 'GDN'),
('TLV', 'HHN'),
('TLV', 'KRK'),
('TLV', 'KUN'),
('TLV', 'MAD'),
('TLV', 'NRN'),
('TLV', 'PFO'),
('TLV', 'POZ'),
('TLV', 'SXF'),
('TLV', 'WMI'),
('TLV', 'WRO'),
('TMP', 'BRE'),
('TMP', 'BUD'),
('TNG', 'BGY'),
('TNG', 'BVA'),
('TNG', 'CRL'),
('TNG', 'EIN'),
('TNG', 'HHN'),
('TNG', 'MAD'),
('TNG', 'MRS'),
('TNG', 'NRN'),
('TNG', 'SVQ'),
('TNG', 'VLC'),
('TPS', 'AOI'),
('TPS', 'BGY'),
('TPS', 'BLQ'),
('TPS', 'CAG'),
('TPS', 'CRL'),
('TPS', 'CUF'),
('TPS', 'EIN'),
('TPS', 'FCO'),
('TPS', 'FKB'),
('TPS', 'GOA'),
('TPS', 'GRO'),
('TPS', 'HHN'),
('TPS', 'KRK'),
('TPS', 'KUN'),
('TPS', 'MLA'),
('TPS', 'PEG'),
('TPS', 'PMF'),
('TPS', 'PRG'),
('TPS', 'PSA'),
('TPS', 'TRS'),
('TPS', 'WMI'),
('TRF', 'AGP'),
('TRF', 'ALC'),
('TRF', 'BGY'),
('TRF', 'GDN'),
('TRF', 'HAM'),
('TRF', 'KRK'),
('TRF', 'LPA'),
('TRF', 'MAN'),
('TRF', 'POZ'),
('TRF', 'STN'),
('TRF', 'TFS'),
('TRF', 'WMI'),
('TRF', 'WRO'),
('TRN', 'BCN'),
('TRN', 'BDS'),
('TRN', 'BRI'),
('TRN', 'CIY'),
('TRN', 'CRL'),
('TRN', 'CTA'),
('TRN', 'DUB'),
('TRN', 'IBZ'),
('TRN', 'MLA'),
('TRN', 'PMO'),
('TRN', 'STN'),
('TRN', 'VLC'),
('TRS', 'BRI'),
('TRS', 'CIA'),
('TRS', 'CTA'),
('TRS', 'STN'),
('TRS', 'TPS'),
('TRS', 'VLC'),
('TSF', 'AGP'),
('TSF', 'BCN'),
('TSF', 'BDS'),
('TSF', 'BRE'),
('TSF', 'BRI'),
('TSF', 'BRU'),
('TSF', 'BUD'),
('TSF', 'BVA'),
('TSF', 'CAG'),
('TSF', 'CFU'),
('TSF', 'CGN'),
('TSF', 'CHQ'),
('TSF', 'CRL'),
('TSF', 'CTA'),
('TSF', 'DUB'),
('TSF', 'EDI'),
('TSF', 'EIN'),
('TSF', 'EMA'),
('TSF', 'FRA'),
('TSF', 'HAM'),
('TSF', 'HHN'),
('TSF', 'IBZ'),
('TSF', 'KRK'),
('TSF', 'LBA'),
('TSF', 'LPA'),
('TSF', 'MAN'),
('TSF', 'MLA'),
('TSF', 'NAP'),
('TSF', 'NYO'),
('TSF', 'PMO'),
('TSF', 'RAK'),
('TSF', 'SOF'),
('TSF', 'STN'),
('TSF', 'SUF'),
('TSF', 'SVQ'),
('TSF', 'SXF'),
('TSF', 'TFS'),
('TSF', 'VLC'),
('TSF', 'VNO'),
('TSF', 'WMI'),
('TSR', 'BGY'),
('TSR', 'CRL'),
('TSR', 'HHN'),
('TSR', 'NRN'),
('TSR', 'OTP'),
('TSR', 'STN'),
('TSR', 'SXF'),
('TUF', 'DUB'),
('TUF', 'MRS'),
('TUF', 'OPO'),
('TUF', 'RAK'),
('TUF', 'STN'),
('VAR', 'CRL'),
('VCE', 'BCN'),
('VCE', 'BRS'),
('VCE', 'CRL'),
('VCE', 'CTA'),
('VCE', 'DUB'),
('VCE', 'EIN'),
('VCE', 'EMA'),
('VCE', 'FRA'),
('VCE', 'HAM'),
('VCE', 'HHN'),
('VCE', 'IBZ'),
('VCE', 'KRK'),
('VCE', 'LBA'),
('VCE', 'MLA'),
('VCE', 'NAP'),
('VCE', 'NYO'),
('VCE', 'PMO'),
('VCE', 'SOF'),
('VCE', 'STN'),
('VCE', 'SUF'),
('VCE', 'SXF'),
('VCE', 'TFS'),
('VCE', 'VLC'),
('VDA', 'BGY'),
('VDA', 'BRE'),
('VDA', 'BTS'),
('VDA', 'BUD'),
('VDA', 'CRL'),
('VDA', 'FKB'),
('VDA', 'GDN'),
('VDA', 'HHN'),
('VDA', 'KRK'),
('VDA', 'KUN'),
('VDA', 'NRN'),
('VDA', 'POZ'),
('VDA', 'PRG'),
('VDA', 'SXF'),
('VDA', 'WMI'),
('VGO', 'BCN'),
('VGO', 'BGY'),
('VGO', 'BLQ'),
('VGO', 'DUB'),
('VGO', 'EDI'),
('VIT', 'BGY'),
('VIT', 'CGN'),
('VIT', 'SVQ'),
('VIT', 'TFS'),
('VLC', 'ACE'),
('VLC', 'BDS'),
('VLC', 'BGY'),
('VLC', 'BLQ'),
('VLC', 'BOD'),
('VLC', 'BRI'),
('VLC', 'BRS'),
('VLC', 'BRU'),
('VLC', 'BUD'),
('VLC', 'BVA'),
('VLC', 'CAG'),
('VLC', 'CGN'),
('VLC', 'CIA'),
('VLC', 'CPH'),
('VLC', 'CRA'),
('VLC', 'CRL'),
('VLC', 'DUB'),
('VLC', 'EDI'),
('VLC', 'EIN'),
('VLC', 'EMA'),
('VLC', 'FEZ'),
('VLC', 'FRA'),
('VLC', 'GLA'),
('VLC', 'HAM'),
('VLC', 'HHN'),
('VLC', 'IBZ'),
('VLC', 'KRK'),
('VLC', 'LPA'),
('VLC', 'MAH'),
('VLC', 'MAN'),
('VLC', 'MLA'),
('VLC', 'MRS'),
('VLC', 'MXP'),
('VLC', 'NAP'),
('VLC', 'NRN'),
('VLC', 'OPO'),
('VLC', 'PMI'),
('VLC', 'PMO'),
('VLC', 'PSA'),
('VLC', 'RAK'),
('VLC', 'SCQ'),
('VLC', 'SDR'),
('VLC', 'STN'),
('VLC', 'SVQ'),
('VLC', 'SXF'),
('VLC', 'TFS'),
('VLC', 'TNG'),
('VLC', 'TRN'),
('VLC', 'TRS'),
('VLC', 'TSF'),
('VLC', 'VCE'),
('VLC', 'WMI'),
('VLC', 'ZAD'),
('VLL', 'ACE'),
('VLL', 'BCN'),
('VLL', 'PMI'),
('VLL', 'SVQ'),
('VNO', 'AMM'),
('VNO', 'ATH'),
('VNO', 'BCN'),
('VNO', 'BGY'),
('VNO', 'BHX'),
('VNO', 'BRE'),
('VNO', 'BVA'),
('VNO', 'CFU'),
('VNO', 'CGN'),
('VNO', 'CHQ'),
('VNO', 'CIA'),
('VNO', 'CRL'),
('VNO', 'DUB'),
('VNO', 'HHN'),
('VNO', 'KBP'),
('VNO', 'LBA'),
('VNO', 'LPL'),
('VNO', 'LTN'),
('VNO', 'MAD'),
('VNO', 'MLA'),
('VNO', 'NUE'),
('VNO', 'OSL'),
('VNO', 'RYG'),
('VNO', 'STN'),
('VNO', 'SXF'),
('VNO', 'TSF'),
('VRN', 'BDS'),
('VRN', 'BHX'),
('VRN', 'CAG'),
('VRN', 'CRL'),
('VRN', 'HAM'),
('VRN', 'MAD'),
('VRN', 'NUE'),
('VRN', 'PMO'),
('VRN', 'STN'),
('VRN', 'SVQ'),
('VRN', 'SXF'),
('VST', 'AGP'),
('VST', 'ALC'),
('VST', 'STN'),
('VVI', 'MAD'),
('VXO', 'ALC'),
('VXO', 'GDN'),
('VXO', 'NRN'),
('WAW', 'GDN'),
('WAW', 'SZZ'),
('WAW', 'WRO'),
('WMI', 'AGP'),
('WMI', 'ALC'),
('WMI', 'AMM'),
('WMI', 'ATH'),
('WMI', 'BCN'),
('WMI', 'BFS'),
('WMI', 'BGY'),
('WMI', 'BHX'),
('WMI', 'BLQ'),
('WMI', 'BOJ'),
('WMI', 'BRS'),
('WMI', 'BVA'),
('WMI', 'CAG'),
('WMI', 'CFU'),
('WMI', 'CGN'),
('WMI', 'CHQ'),
('WMI', 'CIA'),
('WMI', 'CRL'),
('WMI', 'DUB'),
('WMI', 'EDI'),
('WMI', 'EIN'),
('WMI', 'EMA'),
('WMI', 'FAO'),
('WMI', 'FKB'),
('WMI', 'FMM'),
('WMI', 'FUE'),
('WMI', 'GLA'),
('WMI', 'GOT'),
('WMI', 'KBP'),
('WMI', 'LBA'),
('WMI', 'LIS'),
('WMI', 'LPA'),
('WMI', 'LPL'),
('WMI', 'LWO'),
('WMI', 'MAD'),
('WMI', 'MAN'),
('WMI', 'NAP'),
('WMI', 'NCL'),
('WMI', 'NYO'),
('WMI', 'OPO'),
('WMI', 'PMI'),
('WMI', 'PSA'),
('WMI', 'PSR'),
('WMI', 'RMI'),
('WMI', 'RYG'),
('WMI', 'SKG'),
('WMI', 'SNN'),
('WMI', 'STN'),
('WMI', 'SVQ'),
('WMI', 'TFS'),
('WMI', 'TLS'),
('WMI', 'TLV'),
('WMI', 'TPS'),
('WMI', 'TRF'),
('WMI', 'TSF'),
('WMI', 'VDA'),
('WMI', 'VLC'),
('WRO', 'AGP'),
('WRO', 'ALC'),
('WRO', 'ATH'),
('WRO', 'BFS'),
('WRO', 'BGY'),
('WRO', 'BLQ'),
('WRO', 'BRS'),
('WRO', 'BVA'),
('WRO', 'CHQ'),
('WRO', 'CIA'),
('WRO', 'CRL'),
('WRO', 'DUB'),
('WRO', 'EDI'),
('WRO', 'EMA'),
('WRO', 'FAO'),
('WRO', 'GDN'),
('WRO', 'GLA'),
('WRO', 'GRO'),
('WRO', 'KBP'),
('WRO', 'LBA'),
('WRO', 'LIS'),
('WRO', 'LPL'),
('WRO', 'MAD'),
('WRO', 'MAN'),
('WRO', 'MLA'),
('WRO', 'NAP'),
('WRO', 'NCL'),
('WRO', 'ORK'),
('WRO', 'PMI'),
('WRO', 'PMO'),
('WRO', 'RYG'),
('WRO', 'SNN'),
('WRO', 'STN'),
('WRO', 'TFS'),
('WRO', 'TGD'),
('WRO', 'TLV'),
('WRO', 'TRF'),
('WRO', 'WAW'),
('XCR', 'OPO'),
('XCR', 'RAK'),
('XRY', 'BCN'),
('XRY', 'HHN'),
('XRY', 'STN'),
('ZAD', 'BRE'),
('ZAD', 'BRS'),
('ZAD', 'BVA'),
('ZAD', 'CPH'),
('ZAD', 'CRL'),
('ZAD', 'DUB'),
('ZAD', 'FKB'),
('ZAD', 'FMM'),
('ZAD', 'FRA'),
('ZAD', 'GLA'),
('ZAD', 'GOT'),
('ZAD', 'GSE'),
('ZAD', 'HHN'),
('ZAD', 'MAN'),
('ZAD', 'MRS'),
('ZAD', 'NRN'),
('ZAD', 'NYO'),
('ZAD', 'RYG'),
('ZAD', 'STN'),
('ZAD', 'SXF'),
('ZAZ', 'ACE'),
('ZAZ', 'BGY'),
('ZAZ', 'BVA'),
('ZAZ', 'CRL'),
('ZAZ', 'PMI'),
('ZAZ', 'STN');

-- --------------------------------------------------------

--
-- Table structure for table `track`
--

CREATE TABLE `track` (
  `id` int(11) NOT NULL,
  `id_request` int(11) DEFAULT NULL,
  `fetch_date` date NOT NULL,
  `departure_datetime` datetime NOT NULL,
  `arrival_datetime` datetime NOT NULL,
  `value` decimal(10,2) NOT NULL
) ENGINE=InnoDB DEFAULT CHARSET=utf8mb4;

--
-- Dumping data for table `track`
--

INSERT INTO `track` (`id`, `id_request`, `fetch_date`, `departure_datetime`, `arrival_datetime`, `value`) VALUES
(60, 5, '2018-04-04', '2018-04-09 11:50:00', '2018-04-09 13:00:00', '82.61'),
(61, 6, '2018-04-04', '2018-04-09 22:15:00', '2018-04-09 23:59:00', '82.61'),
(62, 7, '2018-04-04', '2018-04-09 21:55:00', '2018-04-09 23:30:00', '270.29'),
(63, 8, '2018-04-04', '2018-04-09 13:40:00', '2018-04-09 16:40:00', '45.67'),
(64, 9, '2018-04-04', '2018-04-09 06:20:00', '2018-04-09 07:50:00', '113.21'),
(65, 11, '2018-04-04', '2018-04-09 17:40:00', '2018-04-09 19:40:00', '27.73'),
(66, 12, '2018-04-04', '2018-04-09 15:40:00', '2018-04-09 17:20:00', '22.02'),
(67, 13, '2018-04-04', '2018-04-09 16:40:00', '2018-04-09 17:55:00', '111.17'),
(68, 14, '2018-04-04', '2018-04-09 10:40:00', '2018-04-09 11:55:00', '135.65'),
(69, 5, '2018-04-05', '2018-04-10 06:30:00', '2018-04-10 07:40:00', '82.61'),
(70, 6, '2018-04-05', '2018-04-10 22:15:00', '2018-04-10 23:59:00', '69.35'),
(71, 8, '2018-04-05', '2018-04-10 16:00:00', '2018-04-10 19:00:00', '27.02'),
(72, 9, '2018-04-05', '2018-04-10 14:00:00', '2018-04-10 15:30:00', '62.01'),
(73, 11, '2018-04-05', '2018-04-10 14:50:00', '2018-04-10 16:50:00', '22.84'),
(74, 12, '2018-04-05', '2018-04-10 16:00:00', '2018-04-10 17:40:00', '9.99'),
(75, 5, '2018-04-06', '2018-04-11 11:50:00', '2018-04-11 13:00:00', '69.35'),
(76, 6, '2018-04-06', '2018-04-11 22:15:00', '2018-04-11 23:59:00', '98.93'),
(77, 8, '2018-04-06', '2018-04-11 20:05:00', '2018-04-11 23:05:00', '23.30'),
(78, 9, '2018-04-06', '2018-04-11 10:50:00', '2018-04-11 12:20:00', '113.21'),
(79, 11, '2018-04-06', '2018-04-11 13:00:00', '2018-04-11 15:00:00', '22.84'),
(80, 13, '2018-04-06', '2018-04-11 07:05:00', '2018-04-11 08:20:00', '35.08'),
(81, 14, '2018-04-06', '2018-04-11 10:45:00', '2018-04-11 12:00:00', '78.53'),
(82, 15, '2018-04-06', '2018-04-11 06:30:00', '2018-04-11 08:10:00', '12.99'),
(83, 5, '2018-04-07', '2018-04-12 06:30:00', '2018-04-12 07:40:00', '168.29'),
(84, 6, '2018-04-07', '2018-04-12 08:25:00', '2018-04-12 10:10:00', '250.91'),
(85, 7, '2018-04-07', '2018-04-12 10:05:00', '2018-04-12 11:40:00', '115.25'),
(86, 8, '2018-04-07', '2018-04-12 08:05:00', '2018-04-12 11:05:00', '27.02'),
(87, 9, '2018-04-07', '2018-04-12 06:20:00', '2018-04-12 07:50:00', '135.65'),
(88, 11, '2018-04-07', '2018-04-12 14:50:00', '2018-04-12 16:50:00', '9.99'),
(89, 12, '2018-04-07', '2018-04-12 15:55:00', '2018-04-12 17:35:00', '12.99'),
(90, 15, '2018-04-07', '2018-04-12 06:30:00', '2018-04-12 08:10:00', '14.99'),
(91, 5, '2018-04-08', '2018-04-13 06:30:00', '2018-04-13 07:40:00', '119.33'),
(92, 6, '2018-04-08', '2018-04-13 22:15:00', '2018-04-13 23:59:00', '98.93'),
(93, 7, '2018-04-08', '2018-04-13 10:05:00', '2018-04-13 11:40:00', '115.25'),
(94, 8, '2018-04-08', '2018-04-13 08:05:00', '2018-04-13 11:05:00', '35.65'),
(95, 9, '2018-04-08', '2018-04-13 06:20:00', '2018-04-13 07:50:00', '113.21'),
(96, 11, '2018-04-08', '2018-04-13 07:50:00', '2018-04-13 09:50:00', '85.67'),
(97, 13, '2018-04-08', '2018-04-13 16:45:00', '2018-04-13 18:00:00', '240.71'),
(98, 14, '2018-04-08', '2018-04-13 10:45:00', '2018-04-13 12:00:00', '135.65'),
(99, 15, '2018-04-08', '2018-04-13 06:30:00', '2018-04-13 08:10:00', '32.12'),
(100, 5, '2018-04-09', '2018-04-14 11:50:00', '2018-04-14 13:00:00', '168.29'),
(101, 6, '2018-04-09', '2018-04-14 22:15:00', '2018-04-14 23:59:00', '69.35'),
(102, 7, '2018-04-09', '2018-04-14 21:55:00', '2018-04-14 23:30:00', '69.35'),
(103, 8, '2018-04-09', '2018-04-14 20:05:00', '2018-04-14 23:05:00', '27.02'),
(104, 9, '2018-04-09', '2018-04-14 18:40:00', '2018-04-14 20:10:00', '160.13'),
(105, 11, '2018-04-09', '2018-04-14 15:15:00', '2018-04-14 17:15:00', '59.15'),
(106, 12, '2018-04-09', '2018-04-14 15:40:00', '2018-04-14 17:20:00', '98.93'),
(107, 14, '2018-04-09', '2018-04-14 10:45:00', '2018-04-14 12:00:00', '66.29'),
(108, 15, '2018-04-09', '2018-04-14 06:30:00', '2018-04-14 08:10:00', '23.65'),
(109, 5, '2018-04-10', '2018-04-15 06:30:00', '2018-04-15 07:40:00', '119.33'),
(110, 6, '2018-04-10', '2018-04-15 14:15:00', '2018-04-15 16:00:00', '69.35'),
(111, 8, '2018-04-10', '2018-04-15 08:05:00', '2018-04-15 11:05:00', '23.30'),
(112, 9, '2018-04-10', '2018-04-15 06:20:00', '2018-04-15 07:50:00', '135.65'),
(113, 11, '2018-04-10', '2018-04-15 07:50:00', '2018-04-15 09:50:00', '37.63'),
(114, 14, '2018-04-10', '2018-04-15 10:45:00', '2018-04-15 12:00:00', '135.65'),
(115, 15, '2018-04-10', '2018-04-15 06:30:00', '2018-04-15 08:10:00', '23.65'),
(116, 5, '2018-04-11', '2018-04-16 14:25:00', '2018-04-16 15:35:00', '141.77'),
(117, 6, '2018-04-11', '2018-04-16 22:15:00', '2018-04-16 23:59:00', '98.93'),
(118, 8, '2018-04-11', '2018-04-16 08:05:00', '2018-04-16 11:05:00', '23.30'),
(119, 9, '2018-04-11', '2018-04-16 10:50:00', '2018-04-16 12:20:00', '160.13'),
(120, 11, '2018-04-11', '2018-04-16 17:40:00', '2018-04-16 19:40:00', '22.84'),
(121, 12, '2018-04-11', '2018-04-16 15:40:00', '2018-04-16 17:20:00', '58.13'),
(122, 13, '2018-04-11', '2018-04-16 16:40:00', '2018-04-16 17:55:00', '132.59'),
(123, 14, '2018-04-11', '2018-04-16 10:40:00', '2018-04-16 11:55:00', '78.53'),
(124, 15, '2018-04-11', '2018-04-16 06:30:00', '2018-04-16 08:10:00', '23.65'),
(125, 5, '2018-04-12', '2018-04-17 18:30:00', '2018-04-17 19:40:00', '98.93'),
(126, 6, '2018-04-12', '2018-04-17 22:15:00', '2018-04-17 23:59:00', '82.61'),
(127, 8, '2018-04-12', '2018-04-17 16:00:00', '2018-04-17 19:00:00', '23.30'),
(128, 9, '2018-04-12', '2018-04-17 06:20:00', '2018-04-17 07:50:00', '50.58'),
(129, 11, '2018-04-12', '2018-04-17 07:50:00', '2018-04-17 09:50:00', '27.73'),
(130, 12, '2018-04-12', '2018-04-17 16:00:00', '2018-04-17 17:40:00', '82.61'),
(131, 15, '2018-04-12', '2018-04-17 06:30:00', '2018-04-17 08:10:00', '14.99'),
(132, 5, '2018-04-13', '2018-04-18 06:30:00', '2018-04-18 07:40:00', '82.61'),
(133, 6, '2018-04-13', '2018-04-18 08:25:00', '2018-04-18 10:10:00', '250.91'),
(134, 7, '2018-04-13', '2018-04-18 21:55:00', '2018-04-18 23:30:00', '219.29'),
(135, 8, '2018-04-13', '2018-04-18 16:00:00', '2018-04-18 19:00:00', '19.41'),
(136, 9, '2018-04-13', '2018-04-18 06:20:00', '2018-04-18 07:50:00', '41.61'),
(137, 11, '2018-04-13', '2018-04-18 13:00:00', '2018-04-18 15:00:00', '59.15'),
(138, 13, '2018-04-13', '2018-04-18 07:05:00', '2018-04-18 08:20:00', '12.99'),
(139, 14, '2018-04-13', '2018-04-18 10:45:00', '2018-04-18 12:00:00', '21.21'),
(140, 15, '2018-04-13', '2018-04-18 06:30:00', '2018-04-18 08:10:00', '14.99'),
(141, 5, '2018-04-14', '2018-04-19 11:50:00', '2018-04-19 13:00:00', '119.33'),
(142, 6, '2018-04-14', '2018-04-19 08:25:00', '2018-04-19 10:10:00', '250.91'),
(143, 7, '2018-04-14', '2018-04-19 10:05:00', '2018-04-19 11:40:00', '270.29'),
(144, 8, '2018-04-14', '2018-04-19 08:05:00', '2018-04-19 11:05:00', '38.22'),
(145, 9, '2018-04-14', '2018-04-19 18:40:00', '2018-04-19 20:10:00', '41.61'),
(146, 11, '2018-04-14', '2018-04-19 10:25:00', '2018-04-19 12:25:00', '256.01'),
(147, 12, '2018-04-14', '2018-04-19 15:55:00', '2018-04-19 17:35:00', '250.91'),
(148, 15, '2018-04-14', '2018-04-19 06:30:00', '2018-04-19 08:10:00', '53.03'),
(149, 5, '2018-04-15', '2018-04-20 06:30:00', '2018-04-20 07:40:00', '141.77'),
(150, 7, '2018-04-15', '2018-04-20 10:05:00', '2018-04-20 11:40:00', '270.29'),
(151, 8, '2018-04-15', '2018-04-20 08:05:00', '2018-04-20 11:05:00', '43.00'),
(152, 9, '2018-04-15', '2018-04-20 10:50:00', '2018-04-20 12:20:00', '74.45'),
(153, 13, '2018-04-15', '2018-04-20 16:45:00', '2018-04-20 18:00:00', '158.09'),
(154, 14, '2018-04-15', '2018-04-20 10:45:00', '2018-04-20 12:00:00', '161.15'),
(155, 15, '2018-04-15', '2018-04-20 06:30:00', '2018-04-20 08:10:00', '240.71'),
(156, 5, '2018-04-16', '2018-04-21 14:25:00', '2018-04-21 15:35:00', '141.77'),
(157, 6, '2018-04-16', '2018-04-21 22:15:00', '2018-04-21 23:59:00', '168.29'),
(158, 7, '2018-04-16', '2018-04-21 21:55:00', '2018-04-21 23:30:00', '270.29'),
(159, 8, '2018-04-16', '2018-04-21 20:05:00', '2018-04-21 23:05:00', '23.30'),
(160, 9, '2018-04-16', '2018-04-21 18:40:00', '2018-04-21 20:10:00', '62.21'),
(161, 13, '2018-04-16', '2018-04-21 16:40:00', '2018-04-21 17:55:00', '53.03'),
(162, 14, '2018-04-16', '2018-04-21 10:45:00', '2018-04-21 12:00:00', '55.07'),
(163, 15, '2018-04-16', '2018-04-21 06:30:00', '2018-04-21 08:10:00', '240.71'),
(164, 5, '2018-04-17', '2018-04-22 06:30:00', '2018-04-22 07:40:00', '199.91'),
(165, 6, '2018-04-17', '2018-04-22 14:15:00', '2018-04-22 16:00:00', '250.91'),
(166, 7, '2018-04-17', '2018-04-22 21:55:00', '2018-04-22 23:30:00', '270.29'),
(167, 8, '2018-04-17', '2018-04-22 08:05:00', '2018-04-22 11:05:00', '23.30'),
(168, 9, '2018-04-17', '2018-04-22 06:20:00', '2018-04-22 07:50:00', '62.21'),
(169, 11, '2018-04-17', '2018-04-22 07:50:00', '2018-04-22 09:50:00', '256.01'),
(170, 14, '2018-04-17', '2018-04-22 10:45:00', '2018-04-22 12:00:00', '192.77'),
(171, 15, '2018-04-17', '2018-04-22 06:30:00', '2018-04-22 08:10:00', '240.71'),
(172, 5, '2018-04-18', '2018-04-23 14:25:00', '2018-04-23 15:35:00', '199.91'),
(173, 6, '2018-04-18', '2018-04-23 14:15:00', '2018-04-23 16:00:00', '250.91'),
(174, 7, '2018-04-18', '2018-04-23 21:55:00', '2018-04-23 23:30:00', '349.99'),
(175, 8, '2018-04-18', '2018-04-23 20:05:00', '2018-04-23 23:05:00', '23.30'),
(176, 12, '2018-04-18', '2018-04-23 15:40:00', '2018-04-23 17:20:00', '250.91'),
(177, 13, '2018-04-18', '2018-04-23 16:40:00', '2018-04-23 17:55:00', '240.71'),
(178, 14, '2018-04-18', '2018-04-23 10:40:00', '2018-04-23 11:55:00', '192.77'),
(179, 6, '2018-04-19', '2018-04-24 14:15:00', '2018-04-24 16:00:00', '250.91'),
(180, 5, '2018-04-20', '2018-04-25 18:30:00', '2018-04-25 19:40:00', '119.33'),
(181, 6, '2018-04-20', '2018-04-25 22:15:00', '2018-04-25 23:59:00', '168.29'),
(182, 5, '2018-04-21', '2018-04-26 11:50:00', '2018-04-26 13:00:00', '98.93'),
(183, 6, '2018-04-21', '2018-04-26 14:15:00', '2018-04-26 16:00:00', '168.29'),
(184, 5, '2018-04-22', '2018-04-27 06:30:00', '2018-04-27 07:40:00', '141.77'),
(185, 6, '2018-04-22', '2018-04-27 22:15:00', '2018-04-27 23:59:00', '250.91'),
(186, 5, '2018-04-23', '2018-04-28 14:25:00', '2018-04-28 15:35:00', '98.93'),
(187, 6, '2018-04-23', '2018-04-28 14:15:00', '2018-04-28 16:00:00', '119.33'),
(188, 11, '2018-04-23', '2018-04-28 15:15:00', '2018-04-28 17:15:00', '256.01'),
(218, 6, '2018-04-25', '2018-04-30 22:15:00', '2018-04-30 23:59:00', '141.77'),
(219, 9, '2018-04-25', '2018-04-30 18:40:00', '2018-04-30 20:10:00', '89.75'),
(220, 13, '2018-04-25', '2018-04-30 16:40:00', '2018-04-30 17:55:00', '158.09'),
(222, 5, '2018-04-25', '2018-04-30 18:30:00', '2018-04-30 19:40:00', '26.92'),
(223, 7, '2018-04-25', '2018-04-30 21:55:00', '2018-04-30 23:30:00', '96.89'),
(224, 8, '2018-04-25', '2018-04-30 13:40:00', '2018-04-30 16:40:00', '165.48'),
(226, 11, '2018-04-25', '2018-04-30 17:40:00', '2018-04-30 19:40:00', '44.97'),
(227, 12, '2018-04-25', '2018-04-30 15:40:00', '2018-04-30 17:20:00', '22.02'),
(229, 14, '2018-04-25', '2018-04-30 10:40:00', '2018-04-30 11:55:00', '25.29'),
(230, 15, '2018-04-25', '2018-04-30 06:30:00', '2018-04-30 08:10:00', '111.17'),
(231, 5, '2018-04-26', '2018-05-01 18:30:00', '2018-05-01 19:40:00', '16.99'),
(232, 6, '2018-04-26', '2018-05-01 08:25:00', '2018-05-01 10:10:00', '69.35'),
(233, 7, '2018-04-26', '2018-05-01 10:05:00', '2018-05-01 11:40:00', '28.99'),
(234, 8, '2018-04-26', '2018-05-01 08:05:00', '2018-05-01 11:05:00', '165.48'),
(235, 9, '2018-04-26', '2018-05-01 10:50:00', '2018-05-01 12:20:00', '29.37'),
(236, 11, '2018-04-26', '2018-05-01 14:50:00', '2018-05-01 16:50:00', '21.99'),
(237, 12, '2018-04-26', '2018-05-01 16:00:00', '2018-05-01 17:40:00', '39.16'),
(238, 15, '2018-04-26', '2018-05-01 06:30:00', '2018-05-01 08:10:00', '28.55'),
(239, 5, '2018-04-27', '2018-05-02 14:25:00', '2018-05-02 15:35:00', '16.99'),
(240, 6, '2018-04-27', '2018-05-02 22:15:00', '2018-05-02 23:59:00', '22.02'),
(241, 7, '2018-04-27', '2018-05-02 21:55:00', '2018-05-02 23:30:00', '27.73'),
(242, 8, '2018-04-27', '2018-05-02 20:05:00', '2018-05-02 23:05:00', '138.68'),
(243, 9, '2018-04-27', '2018-05-02 06:20:00', '2018-05-02 07:50:00', '16.99'),
(244, 11, '2018-04-27', '2018-05-02 13:00:00', '2018-05-02 15:00:00', '27.73'),
(245, 13, '2018-04-27', '2018-05-02 07:05:00', '2018-05-02 08:20:00', '28.55'),
(246, 14, '2018-04-27', '2018-05-02 10:45:00', '2018-05-02 12:00:00', '30.18'),
(247, 15, '2018-04-27', '2018-05-02 06:30:00', '2018-05-02 08:10:00', '90.77'),
(248, 5, '2018-04-28', '2018-05-03 14:25:00', '2018-05-03 15:35:00', '26.92'),
(249, 6, '2018-04-28', '2018-05-03 14:15:00', '2018-05-03 16:00:00', '82.61'),
(250, 7, '2018-04-28', '2018-05-03 21:55:00', '2018-05-03 23:30:00', '33.45'),
(251, 8, '2018-04-28', '2018-05-03 16:00:00', '2018-05-03 19:00:00', '115.37'),
(252, 9, '2018-04-28', '2018-05-03 10:50:00', '2018-05-03 12:20:00', '29.37'),
(253, 11, '2018-04-28', '2018-05-03 14:50:00', '2018-05-03 16:50:00', '49.97'),
(254, 12, '2018-04-28', '2018-05-03 15:55:00', '2018-05-03 17:35:00', '26.92'),
(255, 15, '2018-04-28', '2018-05-03 06:30:00', '2018-05-03 08:10:00', '23.65'),
(256, 5, '2018-04-29', '2018-05-04 06:30:00', '2018-05-04 07:40:00', '22.02'),
(257, 6, '2018-04-29', '2018-05-04 08:25:00', '2018-05-04 10:10:00', '168.29'),
(258, 7, '2018-04-29', '2018-05-04 21:55:00', '2018-05-04 23:30:00', '37.63'),
(259, 8, '2018-04-29', '2018-05-04 08:05:00', '2018-05-04 11:05:00', '165.48'),
(260, 9, '2018-04-29', '2018-05-04 06:20:00', '2018-05-04 07:50:00', '33.04'),
(261, 11, '2018-04-29', '2018-05-04 07:50:00', '2018-05-04 09:50:00', '205.01'),
(262, 13, '2018-04-29', '2018-05-04 16:45:00', '2018-05-04 18:00:00', '19.57'),
(263, 14, '2018-04-29', '2018-05-04 10:45:00', '2018-05-04 12:00:00', '21.21'),
(264, 15, '2018-04-29', '2018-05-04 06:30:00', '2018-05-04 08:10:00', '19.57'),
(265, 5, '2018-04-30', '2018-05-05 14:25:00', '2018-05-05 15:35:00', '22.02'),
(266, 6, '2018-04-30', '2018-05-05 22:15:00', '2018-05-05 23:59:00', '36.71'),
(267, 7, '2018-04-30', '2018-05-05 10:05:00', '2018-05-05 11:40:00', '27.73'),
(268, 8, '2018-04-30', '2018-05-05 20:05:00', '2018-05-05 23:05:00', '68.33'),
(269, 9, '2018-04-30', '2018-05-05 18:40:00', '2018-05-05 20:10:00', '33.04'),
(270, 11, '2018-04-30', '2018-05-05 15:30:00', '2018-05-05 17:30:00', '59.15'),
(271, 12, '2018-04-30', '2018-05-05 15:40:00', '2018-05-05 17:20:00', '22.02'),
(272, 13, '2018-04-30', '2018-05-05 16:40:00', '2018-05-05 17:55:00', '19.57'),
(273, 14, '2018-04-30', '2018-05-05 10:45:00', '2018-05-05 12:00:00', '21.21'),
(274, 15, '2018-04-30', '2018-05-05 06:30:00', '2018-05-05 08:10:00', '19.57'),
(275, 5, '2018-05-01', '2018-05-06 06:30:00', '2018-05-06 07:40:00', '22.02'),
(276, 6, '2018-05-01', '2018-05-06 14:15:00', '2018-05-06 16:00:00', '48.95'),
(277, 7, '2018-05-01', '2018-05-06 10:15:00', '2018-05-06 11:50:00', '27.73'),
(278, 8, '2018-05-01', '2018-05-06 08:05:00', '2018-05-06 11:05:00', '35.43'),
(279, 9, '2018-05-01', '2018-05-06 06:20:00', '2018-05-06 07:50:00', '33.04'),
(280, 11, '2018-05-01', '2018-05-06 07:50:00', '2018-05-06 09:50:00', '59.15'),
(281, 14, '2018-05-01', '2018-05-06 10:45:00', '2018-05-06 12:00:00', '33.96'),
(282, 15, '2018-05-01', '2018-05-06 06:30:00', '2018-05-06 08:10:00', '19.57'),
(283, 5, '2018-05-02', '2018-05-07 06:30:00', '2018-05-07 07:40:00', '48.95'),
(284, 6, '2018-05-02', '2018-05-07 22:15:00', '2018-05-07 23:59:00', '30.28'),
(285, 7, '2018-05-02', '2018-05-07 10:05:00', '2018-05-07 11:40:00', '59.15'),
(286, 8, '2018-05-02', '2018-05-07 20:05:00', '2018-05-07 23:05:00', '47.48'),
(287, 9, '2018-05-02', '2018-05-07 06:20:00', '2018-05-07 07:50:00', '179.51'),
(288, 11, '2018-05-02', '2018-05-07 17:40:00', '2018-05-07 19:40:00', '34.67'),
(289, 12, '2018-05-02', '2018-05-07 15:40:00', '2018-05-07 17:20:00', '33.65'),
(290, 13, '2018-05-02', '2018-05-07 16:40:00', '2018-05-07 17:55:00', '90.77'),
(291, 14, '2018-05-02', '2018-05-07 10:40:00', '2018-05-07 11:55:00', '93.83'),
(292, 15, '2018-05-02', '2018-05-07 06:30:00', '2018-05-07 08:10:00', '29.57'),
(293, 5, '2018-05-03', '2018-05-08 11:50:00', '2018-05-08 13:00:00', '48.95'),
(294, 6, '2018-05-03', '2018-05-08 14:15:00', '2018-05-08 16:00:00', '30.28'),
(295, 7, '2018-05-03', '2018-05-08 21:55:00', '2018-05-08 23:30:00', '59.15'),
(296, 8, '2018-05-03', '2018-05-08 08:05:00', '2018-05-08 11:05:00', '30.22'),
(297, 11, '2018-05-03', '2018-05-08 07:50:00', '2018-05-08 09:50:00', '31.20'),
(298, 12, '2018-05-03', '2018-05-08 16:00:00', '2018-05-08 17:40:00', '40.79'),
(299, 15, '2018-05-03', '2018-05-08 06:30:00', '2018-05-08 08:10:00', '26.61'),
(300, 5, '2018-05-04', '2018-05-09 06:30:00', '2018-05-09 07:40:00', '30.28'),
(301, 6, '2018-05-04', '2018-05-09 22:15:00', '2018-05-09 23:59:00', '69.35'),
(302, 7, '2018-05-04', '2018-05-09 10:40:00', '2018-05-09 12:15:00', '59.15'),
(303, 8, '2018-05-04', '2018-05-09 08:05:00', '2018-05-09 11:05:00', '26.05'),
(304, 9, '2018-05-04', '2018-05-09 14:00:00', '2018-05-09 15:30:00', '33.04'),
(305, 11, '2018-05-04', '2018-05-09 13:00:00', '2018-05-09 15:00:00', '174.41'),
(306, 13, '2018-05-04', '2018-05-09 07:05:00', '2018-05-09 08:20:00', '26.61'),
(307, 5, '2018-05-05', '2018-05-10 06:30:00', '2018-05-10 07:40:00', '24.78'),
(308, 6, '2018-05-05', '2018-05-10 22:15:00', '2018-05-10 23:59:00', '58.13'),
(309, 7, '2018-05-05', '2018-05-10 21:55:00', '2018-05-10 23:30:00', '115.25'),
(310, 8, '2018-05-05', '2018-05-10 08:05:00', '2018-05-10 11:05:00', '30.22'),
(311, 9, '2018-05-05', '2018-05-10 06:20:00', '2018-05-10 07:50:00', '33.04'),
(312, 11, '2018-05-05', '2018-05-10 14:50:00', '2018-05-10 16:50:00', '256.01'),
(313, 12, '2018-05-05', '2018-05-10 15:55:00', '2018-05-10 17:35:00', '98.93'),
(314, 15, '2018-05-05', '2018-05-10 06:30:00', '2018-05-10 08:10:00', '90.77'),
(315, 5, '2018-05-06', '2018-05-11 06:30:00', '2018-05-11 07:40:00', '40.79'),
(316, 6, '2018-05-06', '2018-05-11 08:25:00', '2018-05-11 10:10:00', '82.61'),
(317, 7, '2018-05-06', '2018-05-11 21:55:00', '2018-05-11 23:30:00', '96.89'),
(318, 8, '2018-05-06', '2018-05-11 08:05:00', '2018-05-11 11:05:00', '39.37'),
(319, 9, '2018-05-06', '2018-05-11 06:20:00', '2018-05-11 07:50:00', '36.71'),
(320, 11, '2018-05-06', '2018-05-11 07:50:00', '2018-05-11 09:50:00', '256.01'),
(321, 13, '2018-05-06', '2018-05-11 16:45:00', '2018-05-11 18:00:00', '90.77'),
(322, 14, '2018-05-06', '2018-05-11 10:45:00', '2018-05-11 12:00:00', '37.73'),
(323, 15, '2018-05-06', '2018-05-11 06:30:00', '2018-05-11 08:10:00', '75.47'),
(324, 5, '2018-05-07', '2018-05-12 18:30:00', '2018-05-12 19:40:00', '40.79'),
(325, 6, '2018-05-07', '2018-05-12 22:15:00', '2018-05-12 23:59:00', '40.79'),
(326, 7, '2018-05-07', '2018-05-12 21:55:00', '2018-05-12 23:30:00', '81.59'),
(327, 8, '2018-05-07', '2018-05-12 20:05:00', '2018-05-12 23:05:00', '39.37'),
(328, 9, '2018-05-07', '2018-05-12 18:40:00', '2018-05-12 20:10:00', '43.85'),
(329, 11, '2018-05-07', '2018-05-12 15:30:00', '2018-05-12 17:30:00', '174.41'),
(330, 14, '2018-05-07', '2018-05-12 10:45:00', '2018-05-12 12:00:00', '66.29'),
(331, 15, '2018-05-07', '2018-05-12 06:30:00', '2018-05-12 08:10:00', '158.09'),
(332, 5, '2018-05-08', '2018-05-13 06:30:00', '2018-05-13 07:40:00', '33.65'),
(333, 6, '2018-05-08', '2018-05-13 08:25:00', '2018-05-13 10:10:00', '48.95'),
(334, 7, '2018-05-08', '2018-05-13 21:55:00', '2018-05-13 23:30:00', '219.29'),
(335, 8, '2018-05-08', '2018-05-13 08:05:00', '2018-05-13 11:05:00', '47.48'),
(336, 9, '2018-05-08', '2018-05-13 06:20:00', '2018-05-13 07:50:00', '62.21'),
(337, 11, '2018-05-08', '2018-05-13 07:50:00', '2018-05-13 09:50:00', '256.01'),
(338, 14, '2018-05-08', '2018-05-13 10:45:00', '2018-05-13 12:00:00', '66.29'),
(339, 15, '2018-05-08', '2018-05-13 06:30:00', '2018-05-13 08:10:00', '132.59'),
(340, 5, '2018-05-09', '2018-05-14 14:25:00', '2018-05-14 15:35:00', '44.05'),
(341, 6, '2018-05-09', '2018-05-14 22:15:00', '2018-05-14 23:59:00', '30.28'),
(342, 7, '2018-05-09', '2018-05-14 21:55:00', '2018-05-14 23:30:00', '81.59'),
(343, 8, '2018-05-09', '2018-05-14 20:05:00', '2018-05-14 23:05:00', '26.05'),
(344, 9, '2018-05-09', '2018-05-14 14:00:00', '2018-05-14 15:30:00', '211.13'),
(345, 11, '2018-05-09', '2018-05-14 17:40:00', '2018-05-14 19:40:00', '123.41'),
(346, 12, '2018-05-09', '2018-05-14 15:40:00', '2018-05-14 17:20:00', '98.93'),
(347, 13, '2018-05-09', '2018-05-14 16:40:00', '2018-05-14 17:55:00', '189.71'),
(348, 14, '2018-05-09', '2018-05-14 10:40:00', '2018-05-14 11:55:00', '135.65'),
(349, 15, '2018-05-09', '2018-05-14 06:30:00', '2018-05-14 08:10:00', '111.17'),
(350, 5, '2018-05-10', '2018-05-15 06:30:00', '2018-05-15 07:40:00', '14.99'),
(351, 6, '2018-05-10', '2018-05-15 22:15:00', '2018-05-15 23:59:00', '24.78'),
(352, 7, '2018-05-10', '2018-05-15 21:55:00', '2018-05-15 23:30:00', '53.23'),
(353, 8, '2018-05-10', '2018-05-15 13:40:00', '2018-05-15 16:40:00', '42.73'),
(354, 9, '2018-05-10', '2018-05-15 14:00:00', '2018-05-15 15:30:00', '62.21'),
(355, 11, '2018-05-10', '2018-05-15 14:50:00', '2018-05-15 16:50:00', '103.01'),
(356, 12, '2018-05-10', '2018-05-15 16:00:00', '2018-05-15 17:40:00', '24.78'),
(357, 15, '2018-05-10', '2018-05-15 06:30:00', '2018-05-15 08:10:00', '32.12'),
(358, 5, '2018-05-11', '2018-05-16 11:50:00', '2018-05-16 13:00:00', '14.99'),
(359, 6, '2018-05-11', '2018-05-16 22:15:00', '2018-05-16 23:59:00', '24.78'),
(360, 7, '2018-05-11', '2018-05-16 21:55:00', '2018-05-16 23:30:00', '53.23'),
(361, 8, '2018-05-11', '2018-05-16 13:40:00', '2018-05-16 16:40:00', '17.02'),
(362, 9, '2018-05-11', '2018-05-16 06:20:00', '2018-05-16 07:50:00', '14.99'),
(363, 11, '2018-05-11', '2018-05-16 13:00:00', '2018-05-16 15:00:00', '146.87'),
(364, 13, '2018-05-11', '2018-05-16 07:05:00', '2018-05-16 08:20:00', '9.99'),
(365, 14, '2018-05-11', '2018-05-16 10:45:00', '2018-05-16 12:00:00', '28.45'),
(366, 15, '2018-05-11', '2018-05-16 06:30:00', '2018-05-16 08:10:00', '26.61'),
(367, 5, '2018-05-12', '2018-05-17 06:30:00', '2018-05-17 07:40:00', '24.78'),
(368, 6, '2018-05-12', '2018-05-17 22:15:00', '2018-05-17 23:59:00', '44.05'),
(369, 7, '2018-05-12', '2018-05-17 10:05:00', '2018-05-17 11:40:00', '31.20'),
(370, 8, '2018-05-12', '2018-05-17 08:05:00', '2018-05-17 11:05:00', '35.43'),
(371, 9, '2018-05-12', '2018-05-17 06:20:00', '2018-05-17 07:50:00', '14.99'),
(372, 11, '2018-05-12', '2018-05-17 14:50:00', '2018-05-17 16:50:00', '256.01'),
(373, 12, '2018-05-12', '2018-05-17 15:55:00', '2018-05-17 17:35:00', '12.99'),
(374, 15, '2018-05-12', '2018-05-17 06:30:00', '2018-05-17 08:10:00', '12.99'),
(375, 5, '2018-05-13', '2018-05-18 06:30:00', '2018-05-18 07:40:00', '30.28'),
(376, 6, '2018-05-13', '2018-05-18 08:25:00', '2018-05-18 10:10:00', '69.35'),
(377, 7, '2018-05-13', '2018-05-18 21:55:00', '2018-05-18 23:30:00', '53.23'),
(378, 8, '2018-05-13', '2018-05-18 08:05:00', '2018-05-18 11:05:00', '42.73'),
(379, 9, '2018-05-13', '2018-05-18 06:20:00', '2018-05-18 07:50:00', '33.04'),
(380, 13, '2018-05-13', '2018-05-18 16:45:00', '2018-05-18 18:00:00', '32.12'),
(381, 14, '2018-05-13', '2018-05-18 10:45:00', '2018-05-18 12:00:00', '16.99'),
(382, 15, '2018-05-13', '2018-05-18 06:30:00', '2018-05-18 08:10:00', '39.46'),
(383, 5, '2018-05-14', '2018-05-19 18:30:00', '2018-05-19 19:40:00', '30.28'),
(384, 6, '2018-05-14', '2018-05-19 22:15:00', '2018-05-19 23:59:00', '58.13'),
(385, 7, '2018-05-14', '2018-05-19 10:05:00', '2018-05-19 11:40:00', '53.23'),
(386, 8, '2018-05-14', '2018-05-19 16:00:00', '2018-05-19 19:00:00', '35.36'),
(387, 9, '2018-05-14', '2018-05-19 06:20:00', '2018-05-19 07:50:00', '33.04'),
(388, 11, '2018-05-14', '2018-05-19 15:30:00', '2018-05-19 17:30:00', '174.41'),
(389, 12, '2018-05-14', '2018-05-19 15:40:00', '2018-05-19 17:20:00', '98.93'),
(390, 13, '2018-05-14', '2018-05-19 16:40:00', '2018-05-19 17:55:00', '26.61'),
(391, 14, '2018-05-14', '2018-05-19 10:45:00', '2018-05-19 12:00:00', '16.99'),
(392, 15, '2018-05-14', '2018-05-19 06:30:00', '2018-05-19 08:10:00', '32.12'),
(393, 5, '2018-05-15', '2018-05-20 06:30:00', '2018-05-20 07:40:00', '30.28'),
(394, 6, '2018-05-15', '2018-05-20 08:25:00', '2018-05-20 10:10:00', '36.71'),
(395, 7, '2018-05-15', '2018-05-20 10:15:00', '2018-05-20 11:50:00', '53.23'),
(396, 8, '2018-05-15', '2018-05-20 08:05:00', '2018-05-20 11:05:00', '30.16'),
(397, 9, '2018-05-15', '2018-05-20 06:20:00', '2018-05-20 07:50:00', '33.04'),
(398, 14, '2018-05-15', '2018-05-20 10:45:00', '2018-05-20 12:00:00', '28.45'),
(399, 15, '2018-05-15', '2018-05-20 06:30:00', '2018-05-20 08:10:00', '26.61'),
(400, 5, '2018-05-16', '2018-05-21 11:50:00', '2018-05-21 13:00:00', '36.71'),
(401, 6, '2018-05-16', '2018-05-21 08:25:00', '2018-05-21 10:10:00', '82.61'),
(402, 7, '2018-05-16', '2018-05-21 21:55:00', '2018-05-21 23:30:00', '69.35'),
(403, 8, '2018-05-16', '2018-05-21 08:05:00', '2018-05-21 11:05:00', '56.63'),
(404, 9, '2018-05-16', '2018-05-21 06:20:00', '2018-05-21 07:50:00', '74.45'),
(405, 11, '2018-05-16', '2018-05-21 17:40:00', '2018-05-21 19:40:00', '256.01'),
(406, 12, '2018-05-16', '2018-05-21 15:40:00', '2018-05-21 17:20:00', '119.33'),
(407, 13, '2018-05-16', '2018-05-21 16:40:00', '2018-05-21 17:55:00', '240.71'),
(408, 14, '2018-05-16', '2018-05-21 10:40:00', '2018-05-21 11:55:00', '192.77'),
(409, 15, '2018-05-16', '2018-05-21 06:30:00', '2018-05-21 08:10:00', '53.03'),
(410, 5, '2018-05-17', '2018-05-22 18:30:00', '2018-05-22 19:40:00', '14.99'),
(411, 6, '2018-05-17', '2018-05-22 22:15:00', '2018-05-22 23:59:00', '44.05'),
(412, 7, '2018-05-17', '2018-05-22 13:30:00', '2018-05-22 15:10:00', '37.63'),
(413, 8, '2018-05-17', '2018-05-22 16:00:00', '2018-05-22 19:00:00', '56.63'),
(414, 9, '2018-05-17', '2018-05-22 06:20:00', '2018-05-22 07:50:00', '33.04'),
(415, 11, '2018-05-17', '2018-05-22 14:50:00', '2018-05-22 16:50:00', '146.87'),
(416, 12, '2018-05-17', '2018-05-22 16:00:00', '2018-05-22 17:40:00', '30.28'),
(417, 15, '2018-05-17', '2018-05-22 06:30:00', '2018-05-22 08:10:00', '26.61'),
(418, 5, '2018-05-18', '2018-05-23 06:30:00', '2018-05-23 07:40:00', '24.78'),
(419, 6, '2018-05-18', '2018-05-23 22:15:00', '2018-05-23 23:59:00', '58.13'),
(420, 8, '2018-05-18', '2018-05-23 13:40:00', '2018-05-23 16:40:00', '94.78'),
(421, 9, '2018-05-18', '2018-05-23 10:50:00', '2018-05-23 12:20:00', '16.99'),
(422, 11, '2018-05-18', '2018-05-23 13:00:00', '2018-05-23 15:00:00', '256.01'),
(423, 13, '2018-05-18', '2018-05-23 07:05:00', '2018-05-23 08:20:00', '26.61'),
(424, 14, '2018-05-18', '2018-05-23 10:45:00', '2018-05-23 12:00:00', '33.96'),
(425, 15, '2018-05-18', '2018-05-23 06:30:00', '2018-05-23 08:10:00', '53.03'),
(426, 5, '2018-05-19', '2018-05-24 18:30:00', '2018-05-24 19:40:00', '24.78'),
(427, 6, '2018-05-19', '2018-05-24 22:15:00', '2018-05-24 23:59:00', '82.61'),
(428, 7, '2018-05-19', '2018-05-24 10:05:00', '2018-05-24 11:40:00', '59.15'),
(429, 9, '2018-05-19', '2018-05-24 10:50:00', '2018-05-24 12:20:00', '16.99'),
(430, 12, '2018-05-19', '2018-05-24 15:55:00', '2018-05-24 17:35:00', '36.71'),
(431, 15, '2018-05-19', '2018-05-24 06:30:00', '2018-05-24 08:10:00', '32.12'),
(432, 5, '2018-05-20', '2018-05-25 06:30:00', '2018-05-25 07:40:00', '40.79'),
(433, 6, '2018-05-20', '2018-05-25 14:15:00', '2018-05-25 16:00:00', '98.93'),
(434, 7, '2018-05-20', '2018-05-25 21:55:00', '2018-05-25 23:30:00', '69.35'),
(435, 9, '2018-05-20', '2018-05-25 06:20:00', '2018-05-25 07:50:00', '33.04'),
(436, 13, '2018-05-20', '2018-05-25 16:45:00', '2018-05-25 18:00:00', '75.47'),
(437, 14, '2018-05-20', '2018-05-25 10:45:00', '2018-05-25 12:00:00', '114.23'),
(438, 15, '2018-05-20', '2018-05-25 06:30:00', '2018-05-25 08:10:00', '35.69'),
(439, 5, '2018-05-21', '2018-05-26 06:30:00', '2018-05-26 07:40:00', '24.78'),
(440, 6, '2018-05-21', '2018-05-26 22:15:00', '2018-05-26 23:59:00', '82.61'),
(441, 7, '2018-05-21', '2018-05-26 16:40:00', '2018-05-26 18:20:00', '59.15'),
(442, 8, '2018-05-21', '2018-05-26 20:05:00', '2018-05-26 23:05:00', '164.14'),
(443, 9, '2018-05-21', '2018-05-26 06:20:00', '2018-05-26 07:50:00', '16.99'),
(444, 12, '2018-05-21', '2018-05-26 15:40:00', '2018-05-26 17:20:00', '58.13'),
(445, 13, '2018-05-21', '2018-05-26 16:40:00', '2018-05-26 17:55:00', '240.71'),
(446, 14, '2018-05-21', '2018-05-26 10:45:00', '2018-05-26 12:00:00', '114.23'),
(447, 15, '2018-05-21', '2018-05-26 06:30:00', '2018-05-26 08:10:00', '75.47'),
(448, 5, '2018-05-22', '2018-05-27 06:30:00', '2018-05-27 07:40:00', '24.78'),
(449, 6, '2018-05-22', '2018-05-27 22:15:00', '2018-05-27 23:59:00', '82.61'),
(450, 7, '2018-05-22', '2018-05-27 10:15:00', '2018-05-27 11:50:00', '69.35'),
(451, 8, '2018-05-22', '2018-05-27 20:05:00', '2018-05-27 23:05:00', '164.14'),
(452, 9, '2018-05-22', '2018-05-27 06:20:00', '2018-05-27 07:50:00', '52.01'),
(453, 14, '2018-05-22', '2018-05-27 10:45:00', '2018-05-27 12:00:00', '93.83'),
(454, 15, '2018-05-22', '2018-05-27 06:30:00', '2018-05-27 08:10:00', '63.23'),
(455, 5, '2018-05-23', '2018-05-28 06:30:00', '2018-05-28 07:40:00', '119.33'),
(456, 6, '2018-05-23', '2018-05-28 22:15:00', '2018-05-28 23:59:00', '199.91'),
(457, 7, '2018-05-23', '2018-05-28 10:05:00', '2018-05-28 11:40:00', '115.25'),
(458, 9, '2018-05-23', '2018-05-28 06:20:00', '2018-05-28 07:50:00', '74.45'),
(459, 11, '2018-05-23', '2018-05-28 17:40:00', '2018-05-28 19:40:00', '256.01'),
(460, 12, '2018-05-23', '2018-05-28 15:40:00', '2018-05-28 17:20:00', '36.71'),
(461, 13, '2018-05-23', '2018-05-28 16:40:00', '2018-05-28 17:55:00', '132.59'),
(462, 14, '2018-05-23', '2018-05-28 10:40:00', '2018-05-28 11:55:00', '93.83'),
(463, 15, '2018-05-23', '2018-05-28 06:30:00', '2018-05-28 08:10:00', '75.47'),
(464, 5, '2018-05-25', '2018-05-30 14:25:00', '2018-05-30 15:35:00', '48.95'),
(465, 6, '2018-05-25', '2018-05-30 14:15:00', '2018-05-30 16:00:00', '48.95'),
(466, 7, '2018-05-25', '2018-05-30 10:40:00', '2018-05-30 12:15:00', '59.15'),
(467, 8, '2018-05-25', '2018-05-30 16:00:00', '2018-05-30 19:00:00', '80.31'),
(468, 9, '2018-05-25', '2018-05-30 14:00:00', '2018-05-30 15:30:00', '52.01'),
(469, 13, '2018-05-25', '2018-05-30 07:05:00', '2018-05-30 08:20:00', '29.57'),
(470, 15, '2018-05-25', '2018-05-30 06:30:00', '2018-05-30 08:10:00', '29.57'),
(471, 5, '2018-05-26', '2018-05-31 11:50:00', '2018-05-31 13:00:00', '82.61'),
(472, 6, '2018-05-26', '2018-05-31 14:15:00', '2018-05-31 16:00:00', '58.13'),
(473, 7, '2018-05-26', '2018-05-31 21:55:00', '2018-05-31 23:30:00', '84.65'),
(474, 8, '2018-05-26', '2018-05-31 13:40:00', '2018-05-31 16:40:00', '47.72'),
(475, 9, '2018-05-26', '2018-05-31 10:50:00', '2018-05-31 12:20:00', '77.51'),
(476, 12, '2018-05-26', '2018-05-31 15:55:00', '2018-05-31 17:35:00', '40.79'),
(477, 15, '2018-05-26', '2018-05-31 06:30:00', '2018-05-31 08:10:00', '189.71');

-- --------------------------------------------------------

--
-- Table structure for table `transit`
--

CREATE TABLE `transit` (
  `id` int(11) NOT NULL,
  `id_trip` int(11) NOT NULL,
  `distance` varchar(64) NOT NULL,
  `distance_value` int(11) NOT NULL,
  `duration` varchar(64) NOT NULL,
  `duration_value` int(11) NOT NULL,
  `instruction` varchar(512) NOT NULL,
  `departure_stop` varchar(255) NOT NULL,
  `departure_time` int(11) NOT NULL,
  `arrival_stop` varchar(255) NOT NULL,
  `arrival_time` int(11) NOT NULL,
  `n_stops` int(11) NOT NULL,
  `id_vehicle` int(11) NOT NULL,
  `prox` int(11) NOT NULL
) ENGINE=InnoDB DEFAULT CHARSET=utf8mb4;

--
-- Dumping data for table `transit`
--

INSERT INTO `transit` (`id`, `id_trip`, `distance`, `distance_value`, `duration`, `duration_value`, `instruction`, `departure_stop`, `departure_time`, `arrival_stop`, `arrival_time`, `n_stops`, `id_vehicle`, `prox`) VALUES
(21, 5, '48.6 km', 48648, '58 mins', 3480, 'Train towards Brescia', 'Bergamo', 1527100800, 'Brescia', 1527104280, 8, 21, 73),
(22, 5, '42.0 km', 42047, '27 mins', 1620, 'Train towards Muenchen Hbf', 'Brescia', 1527104640, 'Peschiera Del Garda Railway Station', 1527106260, 2, 22, 76),
(23, 5, '570 km', 570396, '7 hours 40 mins', 27600, 'Bus towards Düsseldorf', 'Peschiera del Garda', 1527107400, 'Nuremberg', 1527135000, 3, 23, 79),
(24, 5, '425 km', 424740, '5 hours 20 mins', 19200, 'Bus towards Berlin central bus station', 'Nuremberg', 1527136200, 'Fernbus Haltestelle Berlin (ZOB) – Postbus', 1527155400, 1, 24, 82),
(271, 48, '21.9 km', 21917, '30 mins', 1800, 'Train towards Treviglio', 'Bergamo', 1527096000, 'Treviglio', 1527097800, 6, 271, 46),
(272, 48, '114 km', 114150, '1 hour 20 mins', 4800, 'Train towards Verona Porta Nuova', 'Treviglio', 1527098100, 'Stazione Verona Porta Nuova', 1527102900, 7, 272, 49),
(273, 48, '427 km', 426525, '5 hours 30 mins', 19800, 'Bus towards Düsseldorf', 'Verona', 1527105900, 'ZOB Munich', 1527125700, 1, 273, 57),
(274, 48, '0.9 km', 866, '2 mins', 120, 'Commuter train towards München Flughafen Terminal', 'München Hackerbrücke', 1527126780, 'München Hbf', 1527126900, 1, 274, 60),
(275, 48, '198 km', 198148, '1 hour 9 mins', 4140, 'High speed train towards Hamburg-Altona', 'München Hbf', 1527127980, 'Nürnberg Hbf', 1527132120, 2, 275, 63),
(276, 48, '491 km', 491404, '3 hours 44 mins', 13440, 'High speed train towards Hamburg-Altona', 'Nürnberg Hbf', 1527133500, 'Berlin Central Station', 1527146940, 8, 276, 66),
(277, 49, '1.3 km', 1268, '4 mins', 240, 'Bus towards Bergamo - via bonomelli', 'Bergamo - via palma il vecchio, 3', 1527088920, 'Bergamo · Terminal SAB', 1527089160, 2, 277, 4),
(278, 49, '52.6 km', 52615, '48 mins', 2880, 'Train towards Milano Centrale', 'Bergamo', 1527091320, 'Milano Centrale Railway Station', 1527094200, 4, 278, 11),
(279, 49, '367 km', 366638, '4 hours 0 mins', 14400, 'Train towards Geneve', 'Milano Centrale Railway Station', 1527096180, 'Geneve', 1527110580, 7, 279, 14),
(280, 49, '519 km', 518752, '6 hours 10 mins', 22200, 'Bus towards Paris (Bercy Seine)', 'Geneva', 1527112200, 'Paris, Massy', 1527134400, 1, 280, 20),
(281, 50, '7.3 km', 7339, '14 mins', 840, 'Bus towards Dalmine - via mariano/orti', 'Dalmine via Marconi - (via Trento)', 1527271560, 'Verdellino - via marconi 36/29 - fs', 1527272400, 8, 281, 4),
(282, 50, '11.2 km', 11196, '17 mins', 1020, 'Train towards Treviglio', 'Verdello Dalmine', 1527273180, 'Treviglio', 1527274200, 3, 282, 7),
(283, 50, '114 km', 114150, '1 hour 20 mins', 4800, 'Train towards Verona Porta Nuova', 'Treviglio', 1527274500, 'Stazione Verona Porta Nuova', 1527279300, 7, 283, 10),
(284, 50, '698 km', 698063, '9 hours 54 mins', 35640, 'Train towards Wien Hbf (Autoreisezuganlage)', 'Stazione Verona Porta Nuova', 1527281520, 'Vienna Central Station', 1527317160, 8, 284, 13),
(285, 50, '257 km', 257006, '2 hours 37 mins', 9420, 'High speed train towards Budapest-Keleti', 'Vienna Central Station', 1527320520, 'Budapest-Keleti', 1527329940, 3, 285, 16),
(286, 50, '397 km', 396988, '7 hours 45 mins', 27900, 'Train towards Cluj Napoca', 'Budapest Keleti', 1527334800, 'Cluj Napoca', 1527362700, 13, 286, 21),
(287, 50, '322 km', 322077, '7 hours 15 mins', 26100, 'Train towards Iasi', 'Cluj Napoca', 1527363000, 'Gara Suceava', 1527389100, 20, 287, 24),
(288, 51, '8.4 km', 8350, '22 mins', 1320, 'Bus towards Treviolo Sforzatica Dalmine (5B/)', 'via Moroni 190/192 via Palma il Vecchio', 1527411300, 'Dalmine Via Stella Alpina -(Via Genzianella)', 1527412620, 22, 288, 13);

-- --------------------------------------------------------

--
-- Table structure for table `trip`
--

CREATE TABLE `trip` (
  `id` int(11) NOT NULL,
  `departure_location` varchar(255) NOT NULL,
  `arrival_location` varchar(255) NOT NULL,
  `departure_time` int(11) NOT NULL,
  `arrival_time` int(11) NOT NULL
) ENGINE=InnoDB DEFAULT CHARSET=utf8mb4;

--
-- Dumping data for table `trip`
--

INSERT INTO `trip` (`id`, `departure_location`, `arrival_location`, `departure_time`, `arrival_time`) VALUES
(5, 'Via Giosuè Carducci, 5, 24127 Bergamo BG, Italy', 'Berlin, Germany', 1527099623, 1527155400),
(48, 'Via Giosuè Carducci, 5, 24127 Bergamo BG, Italy', 'Berlin, Germany', 1527094823, 1527146940),
(49, 'Via Giosuè Carducci, 3b, 24127 Bergamo BG, Italy', 'Londra, Regno Unito', 1527088644, 1527147120),
(50, 'Via Giuseppe Verdi, 60, 24044 Dalmine BG, Italy', 'Suceava, Romania', 1527271180, 1527390735),
(51, 'Via Giosuè Carducci, 5, 24127 Bergamo BG, Italy', 'Via Glicine, 15-17, 24044 Dalmine BG, Italy', 1527411090, 1527412816);

-- --------------------------------------------------------

--
-- Table structure for table `user`
--

CREATE TABLE `user` (
  `id` int(11) NOT NULL,
  `email` varchar(150) NOT NULL,
  `username` varchar(40) NOT NULL,
  `password` varchar(40) NOT NULL
) ENGINE=InnoDB DEFAULT CHARSET=utf8mb4;

--
-- Dumping data for table `user`
--

INSERT INTO `user` (`id`, `email`, `username`, `password`) VALUES
(1, 'admin@admin.com', 'admin', 'adminpw'),
(5, 'projectsherlockinfo@gmail.com', 'sherlock', 'sherlockpassword'),
(24, 'john@gmail.com', 'john', 'john'),
(25, 'adriano.boccardo@gmail.com', 'adri', 'boccardo');

-- --------------------------------------------------------

--
-- Table structure for table `user_device`
--

CREATE TABLE `user_device` (
  `user_id` int(11) NOT NULL,
  `device_id` varchar(183) NOT NULL
) ENGINE=InnoDB DEFAULT CHARSET=utf8mb4;

--
-- Dumping data for table `user_device`
--

INSERT INTO `user_device` (`user_id`, `device_id`) VALUES
(5, '11891af517a255d3'),
(5, '4a747f3a072727e'),
(5, 'df761bd67c465038');

-- --------------------------------------------------------

--
-- Table structure for table `user_trip`
--

CREATE TABLE `user_trip` (
  `id_user` int(11) NOT NULL,
  `id_trip` int(11) NOT NULL
) ENGINE=InnoDB DEFAULT CHARSET=utf8mb4;

--
-- Dumping data for table `user_trip`
--

INSERT INTO `user_trip` (`id_user`, `id_trip`) VALUES
(5, 48),
(5, 49),
(5, 50),
(5, 51),
(24, 5);

-- --------------------------------------------------------

--
-- Stand-in structure for view `vAvgPriceDayzone`
-- (See below for the actual view)
--
CREATE TABLE `vAvgPriceDayzone` (
`avg_price` decimal(14,6)
,`dayzone` varchar(9)
);

-- --------------------------------------------------------

--
-- Table structure for table `vehicle`
--

CREATE TABLE `vehicle` (
  `id` int(11) NOT NULL,
  `id_trip` int(11) NOT NULL,
  `headsign` varchar(255) DEFAULT NULL,
  `name` varchar(255) DEFAULT NULL,
  `short_name` varchar(64) DEFAULT NULL,
  `color` varchar(16) DEFAULT NULL,
  `type` varchar(64) DEFAULT NULL,
  `agency_name` varchar(255) DEFAULT NULL,
  `agency_url` varchar(512) DEFAULT NULL
) ENGINE=InnoDB DEFAULT CHARSET=utf8mb4;

--
-- Dumping data for table `vehicle`
--

INSERT INTO `vehicle` (`id`, `id_trip`, `headsign`, `name`, `short_name`, `color`, `type`, `agency_name`, `agency_url`) VALUES
(21, 5, 'Brescia', 'null', 'R1', '#94c120', 'Train', 'Trenord', 'http://www.trenord.it/'),
(22, 5, 'Muenchen Hbf', 'null', 'EN', '#d32f2f', 'Train', 'TRENITALIA', 'http://www.trenitalia.com/'),
(23, 5, 'Düsseldorf', 'null', 'FlixBus', '#64dd17', 'Bus', 'FlixBus', 'https://www.flixbus.com/?wt_mc=earned.earned.earned.maps.google.google.google.ad&utm_medium=organic&utm_source=google_maps'),
(24, 5, 'Berlin central bus station', 'null', 'FlixBus', '#64dd17', 'Bus', 'FlixBus', 'https://www.flixbus.com/?wt_mc=earned.earned.earned.maps.google.google.google.ad&utm_medium=organic&utm_source=google_maps'),
(271, 48, 'Treviglio', 'null', 'R2', '#94c120', 'Train', 'Trenord', 'http://www.trenord.it/'),
(272, 48, 'Verona Porta Nuova', 'null', 'RE_6', '#d50000', 'Train', 'Trenord', 'http://www.trenord.it/'),
(273, 48, 'Düsseldorf', 'null', 'FlixBus', '#64dd17', 'Bus', 'FlixBus', 'https://www.flixbus.com/?wt_mc=earned.earned.earned.maps.google.google.google.ad&utm_medium=organic&utm_source=google_maps'),
(274, 48, 'München Flughafen Terminal', 'null', 'S8', 'null', 'Commuter train', 'DB Regio AG Bayern', 'http://www.dbregio.de/db_regio/view/index.shtml'),
(275, 48, 'Hamburg-Altona', 'null', 'ICE', 'null', 'High speed train', 'Deutsche Bahn AG', 'http://www.bahn.com/en/view/index.shtml'),
(276, 48, 'Hamburg-Altona', 'null', 'ICE', 'null', 'High speed train', 'Deutsche Bahn AG', 'http://www.bahn.com/en/view/index.shtml'),
(277, 49, 'Bergamo - via bonomelli', 'null', 'Z', '#00f200', 'Bus', 'Autoservizi Locatelli', 'http://www.autoservizilocatelli.it/'),
(278, 49, 'Milano Centrale', 'null', 'RE_2', '#d50000', 'Train', 'Trenord', 'http://www.trenord.it/'),
(279, 49, 'Geneve', 'null', 'EC', '#d32f2f', 'Train', 'TRENITALIA', 'http://www.trenitalia.com/'),
(280, 49, 'Paris (Bercy Seine)', 'null', 'FlixBus', '#64dd17', 'Bus', 'FlixBus', 'https://www.flixbus.com/?wt_mc=earned.earned.earned.maps.google.google.google.ad&utm_medium=organic&utm_source=google_maps'),
(281, 50, 'Dalmine - via mariano/orti', 'null', 'V10', '#00f200', 'Bus', 'Autoservizi Locatelli', 'http://www.autoservizilocatelli.it/'),
(282, 50, 'Treviglio', 'null', 'R2', '#94c120', 'Train', 'Trenord', 'http://www.trenord.it/'),
(283, 50, 'Verona Porta Nuova', 'null', 'RE_6', '#d50000', 'Train', 'Trenord', 'http://www.trenord.it/'),
(284, 50, 'Wien Hbf (Autoreisezuganlage)', 'null', 'NJ', 'null', 'Train', 'ÖBB', 'http://www.oebb.at/'),
(285, 50, 'Budapest-Keleti', 'null', 'RJ', 'null', 'High speed train', 'ÖBB', 'http://www.oebb.at/'),
(286, 50, 'Cluj Napoca', 'null', 'IR', 'null', 'Train', 'CFR Calatori', 'http://www.cfrcalatori.ro/'),
(287, 50, 'Iasi', 'null', 'IR N', 'null', 'Train', 'CFR Calatori', 'http://www.cfrcalatori.ro/'),
(288, 51, 'Treviolo Sforzatica Dalmine (5B/)', 'null', '5', '#98bf0e', 'Bus', 'ATB Azienda Trasporti Bergamo', 'http://www.atb.bergamo.it/');

-- --------------------------------------------------------

--
-- Table structure for table `walk`
--

CREATE TABLE `walk` (
  `id` int(11) NOT NULL,
  `id_trip` int(11) NOT NULL,
  `distance` varchar(255) NOT NULL,
  `distance_value` int(11) NOT NULL,
  `duration` varchar(255) NOT NULL,
  `duration_value` int(11) NOT NULL,
  `instruction` varchar(512) NOT NULL,
  `prox` int(11) NOT NULL
) ENGINE=InnoDB DEFAULT CHARSET=utf8mb4;

--
-- Dumping data for table `walk`
--

INSERT INTO `walk` (`id`, `id_trip`, `distance`, `distance_value`, `duration`, `duration_value`, `instruction`, `prox`) VALUES
(62, 5, '1.5 km', 1482, '20 mins', 1176, 'Walk to Bergamo:', 68),
(63, 5, '0.4 km', 361, '5 mins', 274, 'Head east on Via Giosuè Carducci/SP342 toward Strada Provinciale ex Strada Statale 525 del Brembo', 69),
(64, 5, '1.0 km', 994, '13 mins', 808, 'At Largo Giuseppe Tironi, take the 3rd exit onto Via S. Giorgio/SS42Continue to follow SS42', 70),
(65, 5, '0.1 km', 107, '1 min', 80, 'Turn right', 71),
(66, 5, '20 m', 20, '1 min', 14, 'Turn right', 72),
(67, 5, '1 m', 0, '1 min', 0, 'Walk to Brescia:', 74),
(68, 5, '1 m', 0, '1 min', 0, 'walking', 75),
(69, 5, '12 m', 12, '1 min', 9, 'Walk to Peschiera del Garda:', 77),
(70, 5, '12 m', 12, '1 min', 9, 'Head northeast', 78),
(71, 5, '1 m', 0, '1 min', 0, 'Walk to Nuremberg:', 80),
(72, 5, '1 m', 0, '1 min', 0, 'walking', 81),
(938, 48, '1.5 km', 1482, '20 mins', 1176, 'Walk to Bergamo:', 41),
(939, 48, '0.4 km', 361, '5 mins', 274, 'Head east on Via Giosuè Carducci/SP342 toward Strada Provinciale ex Strada Statale 525 del Brembo', 42),
(940, 48, '1.0 km', 994, '13 mins', 808, 'At Largo Giuseppe Tironi, take the 3rd exit onto Via S. Giorgio/SS42Continue to follow SS42', 43),
(941, 48, '0.1 km', 107, '1 min', 80, 'Turn right', 44),
(942, 48, '20 m', 20, '1 min', 14, 'Turn right', 45),
(943, 48, '1 m', 0, '1 min', 0, 'Walk to Treviglio:', 47),
(944, 48, '1 m', 0, '1 min', 0, 'walking', 48),
(945, 48, '0.3 km', 331, '4 mins', 243, 'Walk to Verona:', 50),
(946, 48, '7 m', 7, '1 min', 5, 'Head west on Piazzale XXV Aprile', 51),
(947, 48, '28 m', 28, '1 min', 18, 'Turn right toward Piazzale XXV Aprile', 52),
(948, 48, '38 m', 38, '1 min', 26, 'Turn left toward Piazzale XXV Aprile', 53),
(949, 48, '84 m', 84, '1 min', 67, 'Turn left toward Piazzale XXV Aprile', 54),
(950, 48, '40 m', 40, '1 min', 27, 'Slight right onto Piazzale XXV Aprile', 55),
(951, 48, '0.1 km', 134, '2 mins', 100, 'Turn left onto Viale Girolamo CardinaleDestination will be on the left', 56),
(952, 48, '39 m', 39, '1 min', 29, 'Walk to München Hackerbrücke:', 58),
(953, 48, '39 m', 39, '1 min', 29, 'Head south on Grasserstraße/Hackerbrücke', 59),
(954, 48, '0.2 km', 191, '3 mins', 191, 'Walk to München Hbf:', 61),
(955, 48, '0.2 km', 191, '3 mins', 191, 'walking', 62),
(956, 48, '1 m', 0, '1 min', 0, 'Walk to Nürnberg Hbf:', 64),
(957, 48, '1 m', 0, '1 min', 0, 'walking', 65),
(958, 49, '0.3 km', 347, '5 mins', 287, 'Walk to Bergamo - via palma il vecchio, 3:', 0),
(959, 49, '82 m', 82, '1 min', 59, 'Head southeast on Via Giosuè Carducci/SP342 toward Strada Provinciale ex Strada Statale 525 del Brembo', 1),
(960, 49, '0.2 km', 160, '2 mins', 146, 'Turn left onto Via Giovanni Battista Moroni', 2),
(961, 49, '0.1 km', 105, '1 min', 82, 'Turn right onto Via Andrea Previtali', 3),
(962, 49, '0.4 km', 373, '5 mins', 292, 'Walk to Bergamo:', 5),
(963, 49, '30 m', 30, '1 min', 21, 'Head south toward Via Bartolomeo Bono/SS42', 6),
(964, 49, '0.2 km', 222, '3 mins', 181, 'Turn right onto Via Bartolomeo Bono/SS42Continue to follow SS42Go through 1 roundabout', 7),
(965, 49, '33 m', 33, '1 min', 29, 'Turn left', 8),
(966, 49, '68 m', 68, '1 min', 47, 'Turn left', 9),
(967, 49, '20 m', 20, '1 min', 14, 'Turn right', 10),
(968, 49, '1 m', 0, '1 min', 0, 'Walk to Milano Centrale Railway Station:', 12),
(969, 49, '1 m', 0, '1 min', 0, 'walking', 13),
(970, 49, '0.5 km', 480, '6 mins', 358, 'Walk to Geneva:', 15),
(971, 49, '67 m', 67, '1 min', 48, 'Head northeast on Place de Cornavin toward Passage des Alpes', 16),
(972, 49, '0.3 km', 328, '4 mins', 250, 'Turn right onto Rue des Alpes', 17),
(973, 49, '65 m', 65, '1 min', 46, 'Turn right onto Rue Ami-Lévrier', 18),
(974, 49, '20 m', 20, '1 min', 14, 'Turn left onto Place DorcièreDestination will be on the right', 19),
(975, 50, '0.5 km', 518, '6 mins', 379, 'Walk to Dalmine via Marconi - (via Trento):', 0),
(976, 50, '81 m', 81, '1 min', 56, 'Head east on Via Giuseppe Verdi toward Via Cascina Colombera', 1),
(977, 50, '0.3 km', 347, '4 mins', 248, 'Turn right onto Via Cascina Colombera', 2),
(978, 50, '90 m', 90, '1 min', 75, 'Turn right onto Viale G. MarconiDestination will be on the left', 3),
(979, 50, '0.2 km', 203, '3 mins', 153, 'Walk to Verdello Dalmine:', 5),
(980, 50, '0.2 km', 203, '3 mins', 153, 'Head east on Via Guglielmo Marconi toward Via Giosuè CarducciDestination will be on the right', 6),
(981, 50, '1 m', 0, '1 min', 0, 'Walk to Treviglio:', 8),
(982, 50, '1 m', 0, '1 min', 0, 'walking', 9),
(983, 50, '1 m', 0, '1 min', 0, 'Walk to Stazione Verona Porta Nuova:', 11),
(984, 50, '1 m', 0, '1 min', 0, 'walking', 12),
(985, 50, '1 m', 0, '1 min', 0, 'Walk to Vienna Central Station:', 14),
(986, 50, '1 m', 0, '1 min', 0, 'walking', 15),
(987, 50, '0.2 km', 238, '3 mins', 178, 'Walk to Budapest Keleti:', 17),
(988, 50, '0.1 km', 115, '1 min', 82, 'Head south on Baross tér toward Kerepesi út', 18),
(989, 50, '36 m', 36, '1 min', 26, 'Turn left onto Kerepesi út', 19),
(990, 50, '87 m', 87, '1 min', 70, 'Turn leftRestricted usage roadDestination will be on the left', 20),
(991, 50, '1 m', 0, '1 min', 0, 'Walk to Cluj Napoca:', 22),
(992, 50, '1 m', 0, '1 min', 0, 'walking', 23),
(993, 50, '2.2 km', 2200, '27 mins', 1635, 'Walk to Suceava, Romania:', 25),
(994, 50, '75 m', 75, '1 min', 55, 'Head southeast', 26),
(995, 50, '48 m', 48, '1 min', 35, 'Turn left toward Strada Nicolae Iorga', 27),
(996, 50, '66 m', 66, '1 min', 50, 'Turn left onto Strada Nicolae Iorga', 28),
(997, 50, '0.1 km', 97, '1 min', 81, 'Turn right onto Strada Jean Bart', 29),
(998, 50, '57 m', 57, '1 min', 46, 'Turn right toward Strada Florilor', 30),
(999, 50, '0.4 km', 423, '6 mins', 330, 'Turn left onto Strada Florilor', 31),
(1000, 50, '0.5 km', 533, '6 mins', 389, 'Turn right onto Strada Mircea Damaschin', 32),
(1001, 50, '0.8 km', 830, '10 mins', 591, 'Turn right onto Calea Unirii/DN29A', 33),
(1002, 50, '71 m', 71, '1 min', 58, 'Turn left', 34),
(1003, 51, '0.3 km', 259, '4 mins', 216, 'Walk to via Moroni 190/192 via Palma il Vecchio:', 10),
(1004, 51, '0.1 km', 127, '2 mins', 92, 'Head east on Via Giosuè Carducci/SP342 toward Strada Provinciale ex Strada Statale 525 del Brembo', 11),
(1005, 51, '0.1 km', 132, '2 mins', 124, 'Turn left onto Via Giovanni Battista MoroniDestination will be on the left', 12),
(1006, 51, '0.3 km', 264, '3 mins', 195, 'Walk to Via Glicine, 15, 24044 Dalmine BG, Italy:', 14),
(1007, 51, '36 m', 36, '1 min', 28, 'Head northeast on Via Stella Alpina toward Via Genzianella', 15),
(1008, 51, '39 m', 39, '1 min', 31, 'Turn right onto Via Genzianella', 16),
(1009, 51, '82 m', 82, '1 min', 59, 'Turn right onto Via Anemone', 17),
(1010, 51, '51 m', 51, '1 min', 36, 'Slight left onto Piazza delle Ortensie', 18),
(1011, 51, '56 m', 56, '1 min', 41, 'Turn right onto Via GlicineDestination will be on the right', 19);

-- --------------------------------------------------------

--
-- Structure for view `vAvgPriceDayzone`
--
DROP TABLE IF EXISTS `vAvgPriceDayzone`;

CREATE ALGORITHM=UNDEFINED DEFINER=`root`@`%` SQL SECURITY DEFINER VIEW `vAvgPriceDayzone`  AS  select avg(`t`.`value`) AS `avg_price`,(case when (hour(`t`.`departure_datetime`) between 7 and 12) then 'morning' when (hour(`t`.`departure_datetime`) between 13 and 18) then 'afternoon' when (hour(`t`.`departure_datetime`) between 19 and 24) then 'evening' when (hour(`t`.`departure_datetime`) between 1 and 6) then 'night' end) AS `dayzone` from `track` `t` group by (case when (hour(`t`.`departure_datetime`) between 7 and 12) then 'morning' when (hour(`t`.`departure_datetime`) between 13 and 18) then 'afternoon' when (hour(`t`.`departure_datetime`) between 19 and 24) then 'evening' when (hour(`t`.`departure_datetime`) between 1 and 6) then 'night' end) ;

--
-- Indexes for dumped tables
--

--
-- Indexes for table `airport`
--
ALTER TABLE `airport`
  ADD PRIMARY KEY (`iata`);

--
-- Indexes for table `fcm_info`
--
ALTER TABLE `fcm_info`
  ADD PRIMARY KEY (`id`),
  ADD UNIQUE KEY `fcm_token` (`fcm_token`);

--
-- Indexes for table `request`
--
ALTER TABLE `request`
  ADD PRIMARY KEY (`id`),
  ADD KEY `iata_departure` (`iata_departure`),
  ADD KEY `iata_arrive` (`iata_arrival`);

--
-- Indexes for table `request_user`
--
ALTER TABLE `request_user`
  ADD PRIMARY KEY (`id_request`,`id_user`),
  ADD KEY `rel_2` (`id_user`);

--
-- Indexes for table `route`
--
ALTER TABLE `route`
  ADD PRIMARY KEY (`iata_dep`,`iata_arr`),
  ADD KEY `R2` (`iata_arr`);

--
-- Indexes for table `track`
--
ALTER TABLE `track`
  ADD PRIMARY KEY (`id`),
  ADD KEY `id_request` (`id_request`);

--
-- Indexes for table `transit`
--
ALTER TABLE `transit`
  ADD PRIMARY KEY (`id`),
  ADD KEY `rel3` (`id_vehicle`),
  ADD KEY `rel2` (`id_trip`);

--
-- Indexes for table `trip`
--
ALTER TABLE `trip`
  ADD PRIMARY KEY (`id`);

--
-- Indexes for table `user`
--
ALTER TABLE `user`
  ADD PRIMARY KEY (`id`),
  ADD UNIQUE KEY `email` (`email`),
  ADD UNIQUE KEY `username` (`username`);

--
-- Indexes for table `user_device`
--
ALTER TABLE `user_device`
  ADD PRIMARY KEY (`user_id`,`device_id`),
  ADD KEY `rel2` (`device_id`);

--
-- Indexes for table `user_trip`
--
ALTER TABLE `user_trip`
  ADD PRIMARY KEY (`id_user`,`id_trip`),
  ADD KEY `user_trip_2` (`id_trip`);

--
-- Indexes for table `vehicle`
--
ALTER TABLE `vehicle`
  ADD PRIMARY KEY (`id`),
  ADD KEY `vehicle_1` (`id_trip`);

--
-- Indexes for table `walk`
--
ALTER TABLE `walk`
  ADD PRIMARY KEY (`id`),
  ADD KEY `walk_1` (`id_trip`);

--
-- AUTO_INCREMENT for dumped tables
--

--
-- AUTO_INCREMENT for table `request`
--
ALTER TABLE `request`
  MODIFY `id` int(11) NOT NULL AUTO_INCREMENT, AUTO_INCREMENT=37;
--
-- AUTO_INCREMENT for table `track`
--
ALTER TABLE `track`
  MODIFY `id` int(11) NOT NULL AUTO_INCREMENT, AUTO_INCREMENT=481;
--
-- AUTO_INCREMENT for table `user`
--
ALTER TABLE `user`
  MODIFY `id` int(11) NOT NULL AUTO_INCREMENT, AUTO_INCREMENT=26;
--
-- Constraints for dumped tables
--

--
-- Constraints for table `request`
--
ALTER TABLE `request`
  ADD CONSTRAINT `request_2` FOREIGN KEY (`iata_departure`) REFERENCES `airport` (`iata`) ON DELETE CASCADE ON UPDATE CASCADE,
  ADD CONSTRAINT `request_3` FOREIGN KEY (`iata_arrival`) REFERENCES `airport` (`iata`) ON DELETE CASCADE ON UPDATE CASCADE;

--
-- Constraints for table `request_user`
--
ALTER TABLE `request_user`
  ADD CONSTRAINT `rel_1` FOREIGN KEY (`id_request`) REFERENCES `request` (`id`) ON DELETE CASCADE ON UPDATE CASCADE,
  ADD CONSTRAINT `rel_2` FOREIGN KEY (`id_user`) REFERENCES `user` (`id`) ON DELETE CASCADE ON UPDATE CASCADE;

--
-- Constraints for table `route`
--
ALTER TABLE `route`
  ADD CONSTRAINT `R2` FOREIGN KEY (`iata_arr`) REFERENCES `airport` (`iata`) ON DELETE CASCADE ON UPDATE CASCADE,
  ADD CONSTRAINT `r1` FOREIGN KEY (`iata_dep`) REFERENCES `airport` (`iata`) ON DELETE CASCADE ON UPDATE CASCADE;

--
-- Constraints for table `track`
--
ALTER TABLE `track`
  ADD CONSTRAINT `track_1` FOREIGN KEY (`id_request`) REFERENCES `request` (`id`) ON DELETE SET NULL ON UPDATE SET NULL;

--
-- Constraints for table `transit`
--
ALTER TABLE `transit`
  ADD CONSTRAINT `transit_1` FOREIGN KEY (`id_trip`) REFERENCES `trip` (`id`) ON DELETE CASCADE ON UPDATE CASCADE,
  ADD CONSTRAINT `transit_2` FOREIGN KEY (`id_vehicle`) REFERENCES `vehicle` (`id`) ON DELETE CASCADE ON UPDATE CASCADE;

--
-- Constraints for table `user_device`
--
ALTER TABLE `user_device`
  ADD CONSTRAINT `rel1` FOREIGN KEY (`user_id`) REFERENCES `user` (`id`) ON DELETE CASCADE ON UPDATE CASCADE,
  ADD CONSTRAINT `rel2` FOREIGN KEY (`device_id`) REFERENCES `fcm_info` (`id`) ON DELETE CASCADE ON UPDATE CASCADE;

--
-- Constraints for table `user_trip`
--
ALTER TABLE `user_trip`
  ADD CONSTRAINT `user_trip_1` FOREIGN KEY (`id_user`) REFERENCES `user` (`id`) ON DELETE CASCADE ON UPDATE CASCADE,
  ADD CONSTRAINT `user_trip_2` FOREIGN KEY (`id_trip`) REFERENCES `trip` (`id`) ON DELETE CASCADE ON UPDATE CASCADE;

--
-- Constraints for table `vehicle`
--
ALTER TABLE `vehicle`
  ADD CONSTRAINT `vehicle_1` FOREIGN KEY (`id_trip`) REFERENCES `trip` (`id`) ON DELETE CASCADE ON UPDATE CASCADE;

--
-- Constraints for table `walk`
--
ALTER TABLE `walk`
  ADD CONSTRAINT `walk_1` FOREIGN KEY (`id_trip`) REFERENCES `trip` (`id`) ON DELETE CASCADE ON UPDATE CASCADE;

/*!40101 SET CHARACTER_SET_CLIENT=@OLD_CHARACTER_SET_CLIENT */;
/*!40101 SET CHARACTER_SET_RESULTS=@OLD_CHARACTER_SET_RESULTS */;
/*!40101 SET COLLATION_CONNECTION=@OLD_COLLATION_CONNECTION */;
